customer_id,Customer_Age,Income_Category,Total_Relationship_Count,Total_Trans_Amt,Total_Trans_Ct,Months_Inactive_12_mon,cluster,churned,churn_probability,propensity_score,targeting_band
768805383,45,$60K - $80K,5,1144,42,1,3,0,0.00097174465,,
818770008,49,Less than $40K,6,1291,33,1,3,0,0.00022026732,,
713982108,51,$80K - $120K,4,1887,20,1,3,0,0.0002394201,,
769911858,40,Less than $40K,3,1171,20,4,0,0,0.00086707255,,
709106358,40,$60K - $80K,5,816,28,1,3,0,0.4126454,,
713061558,44,$40K - $60K,3,1088,24,1,3,0,0.014714863,,
810347208,51,$120K +,6,1330,31,1,2,0,0.0007250185,,
818906208,32,$60K - $80K,2,1538,36,2,2,0,0.0085327085,0.52697396,Test
710930508,37,$60K - $80K,5,1350,24,2,3,0,0.00040832622,,
719661558,48,$80K - $120K,6,1441,32,3,2,0,0.0012430116,,
708790833,42,$120K +,5,1201,42,3,2,0,0.0030854312,,
710821833,65,$40K - $60K,6,1314,26,2,3,0,0.00025311654,,
710599683,56,$80K - $120K,3,1539,17,6,3,0,0.00022262575,,
816082233,35,$60K - $80K,5,1311,33,1,3,0,0.00041359945,,
712396908,57,Less than $40K,5,1570,29,2,2,0,0.0012370275,,
714885258,44,$80K - $120K,5,1348,27,1,3,0,0.00048493734,,
709967358,48,$80K - $120K,6,1671,27,2,3,0,0.0012946392,,
753327333,41,$80K - $120K,4,1028,21,4,3,0,0.007435091,,
806160108,61,$40K - $60K,2,1336,30,2,0,0,0.0041605625,0.68885475,Priority
709327383,45,Unknown,6,1207,21,1,3,0,0.00060705276,,
806165208,47,$60K - $80K,5,1178,27,2,3,0,0.0004488775,,
708508758,62,Less than $40K,2,692,16,3,2,1,0.9995437,0.18873057,Low priority
784725333,41,$40K - $60K,4,931,18,2,3,0,0.014048209,,
811604133,47,Less than $40K,3,1126,23,3,2,0,0.04496598,,
789124683,54,$80K - $120K,4,1110,21,2,2,0,0.017957656,,
771071958,41,Less than $40K,6,1051,22,1,3,0,0.022425106,,
720466383,59,$40K - $60K,4,1197,23,1,3,0,0.00040601633,,
804424383,63,$60K - $80K,3,1904,40,3,3,0,0.015565736,,
718813833,44,Unknown,5,1052,18,2,3,0,0.04194201,,
806624208,47,$40K - $60K,6,1045,38,0,3,0,0.006171164,,
778348233,53,$80K - $120K,3,1038,25,2,0,0,0.051841166,,
712991808,53,$60K - $80K,2,1596,26,5,0,0,0.001994424,0.50328165,Test
709029408,41,$60K - $80K,4,1589,24,1,3,0,0.0003774923,,
788658483,53,Less than $40K,5,1411,28,2,0,0,0.0002828182,,
787937058,58,$80K - $120K,6,1291,24,2,2,0,0.0008294904,,
715318008,55,Less than $40K,4,1407,43,2,0,0,0.012134257,,
713962233,55,Less than $40K,6,1877,37,2,0,0,0.00047998145,,
785432733,42,Less than $40K,2,966,22,3,3,0,0.553961,0.4092079,Low priority
715190283,57,$40K - $60K,3,1464,28,3,2,0,0.013673854,,
708300483,66,Unknown,5,704,16,4,2,1,0.997769,,
827111283,45,$80K - $120K,2,1109,28,2,2,0,0.9594634,0.14674489,Low priority
758551608,51,$40K - $60K,4,1347,28,1,3,0,0.001333516,,
773146383,50,$40K - $60K,3,1756,33,2,3,0,0.0024696458,,
778493808,49,$60K - $80K,5,1756,32,2,3,0,0.0022999735,,
720572508,38,Unknown,2,1042,23,3,2,0,0.3098509,0.40990356,Low priority
712661433,49,$80K - $120K,3,1444,28,2,3,0,0.0035446247,,
789172683,56,$60K - $80K,6,1741,27,2,0,0,0.00023658224,,
738406533,59,$40K - $60K,3,1719,27,2,0,0,0.00046988152,,
799723908,46,$80K - $120K,4,1217,27,3,2,0,0.0055162045,,
771490833,52,$80K - $120K,5,1140,40,1,3,0,0.002855562,,
720756708,52,Less than $40K,6,1878,30,3,0,0,0.0006502527,,
779471883,54,Less than $40K,2,705,19,3,0,1,0.99560505,0.09905362,Low priority
711525033,66,Less than $40K,3,1946,38,4,0,0,0.0020876643,,
712813458,49,$120K +,4,1414,35,2,2,0,0.018561868,,
714374133,56,$120K +,1,602,15,3,2,1,0.99974424,0.0881327,Low priority
717891558,49,Less than $40K,6,1052,32,4,0,0,0.097668804,,
716632758,49,Less than $40K,2,1295,40,2,0,0,0.072233364,0.52637905,Test
768563658,56,$40K - $60K,4,1424,29,2,3,0,0.0004611223,,
711427458,44,Unknown,4,1359,25,1,3,0,0.00022223956,,
714091983,42,$60K - $80K,4,1168,27,4,0,0,0.0042812913,,
787584108,55,$80K - $120K,4,1097,33,2,0,0,0.03671982,,
712030833,48,$60K - $80K,2,691,15,4,2,1,0.9996741,0.09048981,Low priority
711481533,39,$60K - $80K,5,1316,28,3,3,0,0.0009564752,,
710082708,44,$120K +,2,1276,26,4,2,0,0.27938506,0.5582472,Priority
708155733,53,$120K +,4,1289,23,2,3,0,0.0005566741,,
788979258,51,$80K - $120K,4,1293,32,1,2,0,0.004920409,,
807986133,57,$60K - $80K,5,1353,35,3,2,0,0.0035659892,,
788730933,44,Less than $40K,6,1132,28,3,0,0,0.19522128,,
711314058,49,$60K - $80K,2,1670,17,2,0,0,0.0029078366,0.41239452,Test
717975333,50,$80K - $120K,6,837,15,2,3,0,0.72637427,,
715971108,51,$120K +,3,1550,41,2,3,0,0.0012362342,,
720096558,55,Less than $40K,5,1540,36,3,2,0,0.04561532,,
719580033,54,$60K - $80K,4,1256,21,2,2,0,0.014634857,,
820582308,42,$80K - $120K,6,1394,35,2,2,0,0.040140364,,
789973308,44,$60K - $80K,3,1341,24,3,3,0,0.0008079061,,
712876233,53,$80K - $120K,5,1289,33,3,2,0,0.016564429,,
804595158,44,Less than $40K,6,1112,23,4,3,0,0.017722607,,
714826758,37,Less than $40K,4,2339,57,4,3,0,0.020900052,,
779058108,49,$60K - $80K,6,1468,23,1,0,0,0.0033220015,,
710790258,47,$80K - $120K,6,1334,35,3,2,0,0.022907956,,
715623483,47,$60K - $80K,4,1457,41,4,3,0,0.00012068025,,
715156383,44,$120K +,6,1603,29,2,2,0,0.0080638295,,
711013983,55,$40K - $60K,2,615,12,4,2,1,0.99886024,0.098165005,Low priority
755420433,59,Unknown,2,1068,20,3,2,0,0.5037179,0.5440233,Test
794543958,53,$80K - $120K,5,1590,27,4,3,0,0.00047027023,,
716396358,52,$60K - $80K,5,1531,35,3,0,0,0.00072590134,,
715398033,53,$120K +,4,1212,31,2,3,0,0.0014290689,,
711743883,43,Less than $40K,5,1237,32,2,2,0,0.40342724,,
719720058,44,$60K - $80K,4,1413,14,3,3,0,0.00013352807,,
778992108,57,$120K +,5,1516,29,3,3,0,0.0013278327,,
717539808,51,Less than $40K,3,1276,21,2,3,0,0.009002327,,
714070758,49,$80K - $120K,4,1564,35,3,3,0,0.00013309333,,
714107958,45,$40K - $60K,4,1465,34,4,2,0,0.25178823,,
789140283,53,$80K - $120K,5,1286,29,4,0,0,0.0012259551,,
715550508,45,Unknown,5,1312,20,1,0,0,0.0003832549,,
719712633,64,Less than $40K,6,1673,32,4,2,0,0.0012874465,,
772629333,45,$40K - $60K,5,1313,30,4,2,0,0.03778306,,
720336708,53,$40K - $60K,5,1609,42,3,0,0,0.0025029203,,
802013583,56,$120K +,3,1158,19,2,3,0,0.0010192659,,
711887583,47,$80K - $120K,2,836,18,3,2,1,0.9977763,0.3010216,Low priority
714778833,49,Unknown,4,1289,22,4,3,0,0.0008184127,,
713843283,41,Unknown,5,1487,26,3,2,0,0.008153715,,
779155158,53,$120K +,6,1259,33,2,2,0,0.0034283753,,
721091583,44,Less than $40K,3,1298,15,3,0,0,0.007693601,,
713572683,44,$60K - $80K,3,1226,34,3,3,0,0.084647596,,
716657058,43,Less than $40K,2,1566,37,3,2,0,0.9612341,0.61431456,Priority
779509983,53,$120K +,6,1022,21,1,3,0,0.03622401,,
717929133,44,$60K - $80K,5,1235,30,2,2,0,0.0015485812,,
808284783,62,Less than $40K,6,1951,44,0,3,0,0.015922299,,
708476808,54,$120K +,6,1047,31,3,3,0,0.00911567,,
710916408,57,$60K - $80K,4,1342,32,3,2,0,0.0016824651,,
708492558,42,$60K - $80K,5,1107,21,3,3,0,0.005059641,,
799825758,42,$60K - $80K,5,1251,35,1,2,0,0.0039054204,,
718619883,54,Less than $40K,2,1305,24,2,3,0,0.0052001243,0.84416103,Priority
711844758,48,$80K - $120K,6,1388,37,1,3,0,0.000120557874,,
714798783,49,$80K - $120K,6,1235,18,2,3,0,0.00021259909,,
826762908,52,$80K - $120K,3,2089,36,2,3,0,0.0071160155,,
771894558,50,$80K - $120K,4,1626,25,1,2,0,0.00046632282,,
721074183,49,$60K - $80K,4,1111,24,6,2,0,0.012407976,,
715259583,53,Less than $40K,3,1553,38,2,2,0,0.004255189,,
718414008,50,$120K +,3,1064,13,2,2,0,0.09687029,,
719666283,55,Less than $40K,4,1243,29,1,0,0,0.000502753,,
714877233,53,$80K - $120K,3,1659,38,2,3,0,0.00037062343,,
785387883,47,$40K - $60K,4,1594,47,3,2,0,0.07509224,,
771075258,55,$120K +,2,1268,42,3,2,0,0.45968643,0.5921833,Priority
711318033,47,$60K - $80K,4,1304,24,2,3,0,0.0108839655,,
783554958,58,$120K +,6,1368,30,1,3,0,0.00228022,,
720201033,53,$80K - $120K,3,720,23,3,2,1,0.97923917,,
718039683,52,$40K - $60K,3,1521,29,1,3,0,0.0012013344,,
710806083,50,Less than $40K,4,1137,30,2,2,0,0.008996637,,
714752208,42,Less than $40K,5,978,16,1,0,0,0.051329195,,
822063408,43,$40K - $60K,5,1221,16,1,3,0,0.0040771854,,
714490308,57,$80K - $120K,3,1565,28,2,3,0,0.0005657966,,
713356833,52,$80K - $120K,3,1578,34,1,0,0,0.0048885685,,
711402333,47,Less than $40K,2,1493,32,1,3,0,0.6277941,0.55304205,Test
708296883,44,$40K - $60K,3,1178,27,1,3,0,0.00087046775,,
719154483,53,$60K - $80K,5,991,26,3,2,0,0.08147163,,
717721458,45,$60K - $80K,5,2560,42,1,3,0,0.00050801755,,
711112683,63,Unknown,6,1657,29,2,3,0,0.0002536294,,
715674483,39,Less than $40K,4,1204,19,2,2,0,0.024690691,,
789322833,48,Less than $40K,1,673,18,3,2,1,0.9973908,0.23195618,Low priority
789968058,51,$120K +,6,1131,18,2,2,0,0.014909095,,
709919283,54,$80K - $120K,2,1576,25,3,3,0,0.0019515798,0.66977626,Priority
718744008,59,Less than $40K,3,1217,20,2,2,0,0.014545759,,
767712558,59,$60K - $80K,2,530,10,3,2,1,0.99813795,0.1758638,Low priority
712950783,48,Less than $40K,3,739,16,2,2,1,0.9984255,,
716104983,41,Less than $40K,6,1617,31,3,0,0,0.0011457982,,
818839983,55,$120K +,3,1592,34,2,3,0,0.00012798658,,
772288758,47,Unknown,4,1343,30,1,3,0,0.0013697299,,
712350858,41,$80K - $120K,4,1303,39,1,2,0,0.0029159884,,
711009708,40,$80K - $120K,5,1351,22,1,3,0,0.01164459,,
712720158,68,Unknown,5,1910,32,2,3,0,0.00039897554,,
712215258,50,$40K - $60K,2,1298,22,2,2,0,0.6627594,0.45623666,Test
773827008,47,$60K - $80K,6,1087,29,2,0,0,0.0037258922,,
795232683,53,Less than $40K,4,1439,26,2,3,0,0.00037979384,,
713786508,42,$40K - $60K,3,1238,28,3,2,0,0.3791687,,
713539833,48,$40K - $60K,6,1716,29,1,3,0,0.0017556327,,
712454058,49,$120K +,6,1099,27,1,2,0,0.018135147,,
718759833,44,Unknown,4,1058,24,3,3,0,0.0038591013,,
718803333,43,Less than $40K,2,1285,29,3,0,0,0.2784644,0.69045985,Priority
720253908,56,$80K - $120K,5,1651,28,2,3,0,0.00068562495,,
714133158,59,Unknown,2,1152,31,3,2,0,0.7101874,0.78055435,Priority
713187033,46,$60K - $80K,3,1767,38,2,3,0,0.0011332592,,
714791208,47,Less than $40K,6,1039,24,5,2,0,0.29791927,,
772426383,50,$40K - $60K,5,1130,28,2,0,0,0.0034155676,,
710975883,51,Less than $40K,3,1645,30,1,0,0,0.026139513,,
714264408,47,Less than $40K,4,1413,29,1,0,0,0.0032889894,,
715827858,58,Less than $40K,3,1218,23,3,0,0,0.0010126657,,
713741358,46,$80K - $120K,6,597,17,3,2,1,0.97185373,,
709531908,53,$60K - $80K,5,2184,53,2,3,0,0.48292333,,
716493408,45,Unknown,4,1592,37,3,3,0,0.0019559714,,
714141108,52,Less than $40K,6,1388,28,3,2,0,0.012679429,,
708953883,53,$80K - $120K,2,757,20,2,2,1,0.99811304,0.09212263,Low priority
712608783,50,$80K - $120K,3,1504,34,1,2,0,0.0053026117,,
820353558,41,$40K - $60K,4,1503,34,1,2,0,0.0056206784,,
714964758,45,$40K - $60K,5,1105,28,2,3,0,0.0063336645,,
716264358,53,$80K - $120K,2,2398,47,1,3,0,0.0104137175,0.5184867,Test
717296808,67,Less than $40K,4,1661,32,3,0,0,0.00039663608,,
712977183,57,$40K - $60K,6,1421,22,3,3,0,0.0001894311,,
710829108,59,$40K - $60K,4,999,28,2,2,0,0.021641409,,
779562633,45,$40K - $60K,3,1387,18,2,3,0,0.0008135158,,
715315833,51,$80K - $120K,6,1243,24,2,3,0,0.0020589102,,
815500983,59,Less than $40K,5,1860,36,3,0,0,0.00016923946,,
719360583,53,$60K - $80K,6,1502,25,2,0,0,0.00049080333,,
709701558,47,$60K - $80K,2,1460,50,1,3,0,0.008767854,0.61318463,Priority
721148358,49,Unknown,6,1348,27,2,2,0,0.08070398,,
779862408,49,$80K - $120K,3,1087,33,1,3,0,0.020346738,,
812627208,60,Less than $40K,5,1226,33,1,2,0,0.024546916,,
711033408,50,Less than $40K,5,1230,28,1,3,0,0.0012720943,,
779956608,41,Unknown,6,1555,32,1,2,0,0.039184406,,
780376683,57,$80K - $120K,5,1827,24,3,3,0,0.00027940853,,
717912483,43,$80K - $120K,5,1376,35,2,3,0,0.04008565,,
714454758,57,Less than $40K,4,1771,37,2,2,0,0.0041834516,,
780466533,54,$120K +,3,1873,52,3,3,0,0.003773285,,
715735233,51,Less than $40K,5,1679,42,1,0,0,0.002128346,,
720476733,47,Less than $40K,2,1002,22,1,2,0,0.6915389,0.32682168,Low priority
715872333,41,$120K +,3,1344,21,2,3,0,0.0033030377,,
712375758,53,$80K - $120K,3,1461,42,3,3,0,0.0006593073,,
708868233,68,Less than $40K,1,760,21,3,2,1,0.9963085,0.21216546,Low priority
718030083,59,$60K - $80K,4,1428,22,1,3,0,5.3571275e-05,,
720707283,48,$80K - $120K,5,1777,42,3,3,0,0.009868457,,
771698658,44,$60K - $80K,4,1302,27,5,2,0,0.0043356437,,
748326258,48,$80K - $120K,4,1483,41,5,2,0,0.02761128,,
770817783,47,$60K - $80K,3,1060,27,2,2,0,0.18560237,,
779353083,47,$60K - $80K,4,1330,32,2,2,0,0.0022330626,,
711441333,43,Less than $40K,3,1229,27,2,2,0,0.0052788723,,
719808558,55,Less than $40K,2,886,27,4,2,1,0.99974865,0.28054026,Low priority
711551958,59,$60K - $80K,3,844,24,3,2,1,0.9991732,,
809164083,63,$40K - $60K,2,1450,37,1,0,0,0.0015466949,0.45569295,Test
820596183,58,$120K +,2,2311,48,3,3,0,0.02089114,0.76983804,Priority
715999608,53,Less than $40K,4,1378,26,1,0,0,0.00041171815,,
710565408,59,$80K - $120K,3,1033,26,2,3,0,0.053582698,,
805543158,52,$120K +,5,1523,40,3,3,0,0.002556563,,
709752183,48,$60K - $80K,4,1374,37,2,3,0,0.016822068,,
716479233,43,$40K - $60K,5,1080,21,3,3,0,0.005902313,,
713837058,48,Less than $40K,3,1234,24,2,0,0,0.0057663284,,
718876683,43,Less than $40K,5,1600,32,2,3,0,0.00660978,,
770746908,44,$60K - $80K,5,1155,32,1,3,0,0.007972159,,
794843883,41,$80K - $120K,6,1353,33,1,3,0,0.00091483153,,
803043933,44,Less than $40K,4,1546,25,1,3,0,0.00036197822,,
758076408,50,$40K - $60K,2,1590,43,1,0,0,0.13237056,0.31531855,Low priority
714606558,60,Less than $40K,5,1448,22,1,0,0,0.00026188503,,
778425408,44,$80K - $120K,5,1271,24,3,0,0,0.0018777623,,
714171108,48,$40K - $60K,6,1223,20,2,2,0,0.016732045,,
719662458,44,Less than $40K,5,1117,29,2,0,0,0.02158846,,
713137233,41,$80K - $120K,4,994,24,3,3,0,0.007253824,,
769425858,45,$60K - $80K,4,1468,26,1,2,0,0.0580871,,
711297483,47,Less than $40K,6,1658,38,4,2,0,0.062429655,,
788900883,51,Less than $40K,3,1368,38,1,2,0,0.011540469,,
758348808,51,$120K +,4,1218,18,3,2,0,0.003303865,,
772336458,60,$40K - $60K,4,702,12,4,2,1,0.96626407,,
708711483,57,$80K - $120K,2,1516,21,3,3,0,0.00018285989,0.34883192,Low priority
717906783,41,$120K +,5,1310,26,2,3,0,0.00058823894,,
719437908,44,$80K - $120K,6,1767,50,2,3,0,0.0013695263,,
769433508,43,$60K - $80K,6,933,25,3,0,0,0.074858196,,
790096533,55,$60K - $80K,4,1512,27,3,3,0,0.00013821073,,
720997383,52,$80K - $120K,2,829,17,3,0,1,0.9980217,0.14286976,Low priority
787541883,44,$80K - $120K,3,1120,27,3,2,0,0.8111574,,
709930758,41,$40K - $60K,5,1506,33,3,2,0,0.016737215,,
789830058,44,$80K - $120K,4,1384,36,1,3,0,0.00041155508,,
710299608,53,Less than $40K,2,817,30,3,0,1,0.9974648,0.06445235,Low priority
710741208,39,$80K - $120K,4,2094,25,2,2,0,0.009314834,,
821797008,49,$40K - $60K,2,815,21,2,2,1,0.99783844,0.1394813,Low priority
708874533,45,Less than $40K,1,510,24,3,2,1,0.998836,0.13106245,Low priority
715341858,54,$80K - $120K,6,1377,49,2,0,0,0.001322962,,
793636308,49,$80K - $120K,2,1193,33,2,2,0,0.2196791,0.6361553,Priority
713779908,46,Unknown,6,1287,36,3,0,0,0.091996126,,
712125258,46,$120K +,3,701,19,3,2,1,0.99667215,,
709703433,47,$60K - $80K,4,1770,25,1,3,0,0.0008833538,,
721022433,44,$60K - $80K,5,1409,35,1,2,0,0.06745964,,
710103558,50,$120K +,4,1354,28,1,0,0,0.00094453496,,
715952883,73,$40K - $60K,5,1765,34,3,3,0,0.0002282813,,
719731458,56,$40K - $60K,6,1192,27,3,2,0,0.030866053,,
772390908,59,$40K - $60K,2,687,17,4,2,1,0.9975096,0.2697554,Low priority
787348608,70,Less than $40K,3,1227,15,2,2,0,0.0027332327,,
709485033,55,Less than $40K,4,1737,26,3,0,0,0.0013652861,,
715432608,43,$60K - $80K,4,1348,34,1,3,0,0.00031197778,,
799471833,45,$120K +,4,1435,38,2,2,0,0.008122692,,
714187533,45,$40K - $60K,2,1321,28,3,3,0,0.13623722,0.7313356,Priority
779656908,40,$40K - $60K,6,1479,29,3,2,0,0.009020471,,
788950158,36,$80K - $120K,2,1283,39,2,3,0,0.028831055,0.3991408,Low priority
778867533,59,$40K - $60K,1,689,23,4,2,1,0.99957246,0.10607596,Low priority
710620383,43,$60K - $80K,6,965,17,3,3,0,0.018920723,,
778661358,46,Less than $40K,2,1541,40,3,0,0,0.005147905,0.44414502,Test
789483333,41,$40K - $60K,5,1258,23,1,3,0,0.0028680926,,
809855808,51,Less than $40K,5,1339,20,2,2,0,0.0047386736,,
718464258,51,Less than $40K,2,1007,22,2,3,0,0.21096386,0.3611883,Low priority
708528483,43,Unknown,6,1387,33,3,0,0,0.010616855,,
771809733,64,$40K - $60K,1,960,18,3,2,1,0.99734986,0.10037824,Low priority
719942883,54,$60K - $80K,3,1119,18,3,3,0,0.006924265,,
807226683,48,$40K - $60K,6,1642,41,1,2,0,0.033091675,,
717806133,40,$60K - $80K,5,1382,31,3,3,0,0.0038064301,,
720615708,57,$40K - $60K,6,1232,32,2,2,0,0.009594706,,
714511758,45,$80K - $120K,4,1542,16,3,3,0,0.00013231725,,
715050408,41,$80K - $120K,4,1094,32,3,2,0,0.8039279,,
721132233,42,Less than $40K,2,1217,30,2,0,0,0.015615823,0.4676622,Test
719211558,45,$60K - $80K,1,744,18,1,3,1,0.9976127,0.21739264,Low priority
712069008,42,Less than $40K,4,1614,33,2,0,0,0.002596543,,
715996983,47,$80K - $120K,5,1747,31,2,3,0,0.00066944043,,
773466258,48,$40K - $60K,3,1144,22,1,2,0,0.007921665,,
798983508,43,$80K - $120K,4,1575,34,3,3,0,0.0004989007,,
719117433,41,$80K - $120K,4,1463,24,3,3,0,0.00016079094,,
716451183,54,$40K - $60K,5,1706,21,2,3,0,0.00025397303,,
718621608,54,Unknown,3,909,14,3,2,1,0.99847656,,
715085733,61,$40K - $60K,3,2434,33,1,0,0,0.0028079452,,
788977833,61,$80K - $120K,2,1876,41,1,3,0,0.01776133,0.659642,Priority
720272958,48,$120K +,3,1000,25,3,2,1,0.968979,,
708421833,45,Less than $40K,6,1139,30,3,0,0,0.041383553,,
709173108,54,Unknown,6,799,21,2,0,1,0.5873916,,
709879458,54,Unknown,2,1881,45,2,0,0,0.401642,0.5612179,Priority
715120608,44,$60K - $80K,2,1273,27,3,2,0,0.40192512,0.65264946,Priority
770632758,50,Unknown,2,1328,33,3,0,0,0.50641906,0.79971623,Priority
779078733,55,$60K - $80K,3,1579,36,4,2,0,0.0059988713,,
771742533,48,$40K - $60K,5,937,28,1,2,0,0.1861707,,
720250158,45,$60K - $80K,6,1749,37,3,3,0,0.00015283565,,
716458983,60,$40K - $60K,5,1424,29,1,3,0,0.00043975445,,
713747733,55,$40K - $60K,5,2011,41,3,0,0,0.022325061,,
712270158,62,$40K - $60K,5,1208,31,2,2,0,0.0022726788,,
789562383,38,Less than $40K,2,1259,24,3,0,0,0.047286894,0.6273145,Priority
754897008,46,$40K - $60K,2,1319,26,3,2,0,0.4356841,0.5977322,Priority
819700533,50,$120K +,5,949,27,2,3,0,0.10112139,,
712890408,45,$60K - $80K,5,1338,30,3,0,0,0.00093850715,,
720248208,47,$60K - $80K,6,1554,26,3,2,0,0.0026387887,,
779749908,48,$60K - $80K,2,1350,32,2,2,0,0.4144627,0.6129619,Priority
717401883,35,$60K - $80K,5,1694,44,2,3,0,0.0009140583,,
721509558,51,$120K +,3,1678,40,3,3,0,0.0044793515,,
710572458,36,Unknown,4,2069,43,1,3,0,0.07799927,,
714576183,47,$80K - $120K,6,1222,23,3,2,0,0.01425685,,
721425558,52,$120K +,2,1536,37,3,2,0,0.8121372,0.49911636,Test
711109908,43,Less than $40K,2,1400,31,1,3,0,0.035338454,0.5548159,Priority
715203108,63,$40K - $60K,2,1050,28,2,3,0,0.28087348,0.43219465,Test
710027508,61,$60K - $80K,3,1389,33,2,0,0,0.00051769,,
787464408,53,$60K - $80K,5,1184,29,2,2,0,0.08177189,,
783542133,53,Less than $40K,5,2093,42,6,0,0,0.0041502407,,
708330858,57,$120K +,2,678,11,3,2,1,0.996482,0.4220099,Test
714426783,38,Unknown,2,1467,29,3,3,0,0.0069319946,0.4672113,Test
712701333,53,$60K - $80K,5,1219,27,3,2,0,0.00882053,,
709494483,63,Less than $40K,4,1730,36,2,0,0,0.0013186886,,
773373108,49,Less than $40K,4,1025,28,2,0,0,0.0046716193,,
715812258,45,$80K - $120K,5,1165,33,5,2,0,0.0044442317,,
778286433,67,$40K - $60K,4,2133,55,2,3,0,0.0065071913,,
789270033,48,$80K - $120K,3,1122,13,2,2,0,0.5126151,,
711569433,51,Less than $40K,4,1083,22,1,3,0,0.009176314,,
720214833,52,$80K - $120K,3,1234,23,3,3,0,0.0011498015,,
709346133,55,Unknown,3,1277,23,3,0,0,0.00019607102,,
788194458,34,$60K - $80K,4,1843,35,3,0,0,0.002299201,,
720779733,56,$120K +,3,1747,49,2,2,0,0.009978538,,
717424458,44,Less than $40K,3,1166,22,3,0,0,0.0042824885,,
708820308,47,$80K - $120K,6,1326,31,2,3,0,0.010127094,,
710558058,46,Less than $40K,4,1619,36,3,0,0,0.051226594,,
770590758,43,$40K - $60K,5,1285,16,2,2,0,0.003456001,,
718490658,50,Less than $40K,4,1142,28,1,0,0,0.007512341,,
711985833,38,Less than $40K,4,1190,46,1,0,0,0.0001455118,,
708967608,53,Less than $40K,3,1052,24,1,0,0,0.06252182,,
718505958,43,$120K +,5,1628,38,3,2,0,0.012935686,,
715024233,53,$120K +,6,1740,32,3,0,0,0.0018516983,,
779249583,56,Less than $40K,4,1378,29,3,0,0,0.0009060701,,
709278258,54,$40K - $60K,4,996,26,3,0,1,0.49155995,,
778928283,57,Less than $40K,3,1389,32,2,0,0,0.00295416,,
712299858,62,Less than $40K,5,1365,38,3,0,0,0.0024324316,,
799224108,46,Less than $40K,5,1715,43,1,3,0,0.0010221384,,
809976033,49,$60K - $80K,6,1582,25,3,3,0,0.00041578716,,
716203308,52,$80K - $120K,6,1220,22,3,2,0,0.0047126045,,
714871683,58,$40K - $60K,2,715,13,4,2,1,0.9992393,0.08026937,Low priority
716139933,54,$80K - $120K,3,2552,49,1,3,0,0.002101449,,
716984658,49,$120K +,3,1106,31,2,2,0,0.15883277,,
713086008,58,Less than $40K,6,1731,34,1,0,0,5.832096e-05,,
713773458,52,$60K - $80K,5,1435,32,3,2,0,0.0054737274,,
719242533,41,$60K - $80K,5,1882,38,3,2,0,0.07120282,,
772712658,62,Less than $40K,5,2058,34,1,0,0,0.0009124177,,
788868858,54,Less than $40K,4,1658,32,4,0,0,0.0036837556,,
811898133,40,Less than $40K,3,1334,32,1,0,0,0.027087461,,
788808633,43,$80K - $120K,5,1441,29,3,0,0,0.002547131,,
779804208,53,$40K - $60K,6,1371,39,2,3,0,0.0025891082,,
781391058,55,$40K - $60K,6,1991,38,3,0,0,0.19893107,,
790134408,46,$60K - $80K,6,1278,22,2,3,0,0.00024731422,,
788853258,41,$60K - $80K,3,1734,39,2,3,0,0.0018962189,,
711857733,49,$60K - $80K,3,1330,34,2,3,0,0.010797155,,
822969858,61,Unknown,4,1787,31,1,2,0,0.00028543928,,
719554758,46,$80K - $120K,6,1672,32,3,2,0,0.017966723,,
711643458,50,Less than $40K,6,1439,41,3,2,0,0.0052823937,,
788830683,40,$80K - $120K,5,1558,31,1,0,0,0.00018975812,,
807030858,51,$120K +,6,1795,47,3,2,0,0.01972589,,
793059108,50,$40K - $60K,6,893,22,2,2,0,0.1641719,,
716568708,47,Less than $40K,6,1099,27,3,2,0,0.26242855,,
828281733,43,$120K +,3,1408,23,3,2,0,0.012449946,,
717229158,36,$40K - $60K,6,1893,15,3,3,0,0.0029991288,,
715915458,47,Less than $40K,5,1151,31,2,0,0,0.0029424308,,
819129858,46,Less than $40K,5,1519,31,3,3,0,0.00057805236,,
713441958,46,$120K +,5,1245,25,3,2,0,0.0030639966,,
719091333,52,$60K - $80K,3,1102,27,3,2,0,0.31023178,,
708666258,43,$40K - $60K,5,1402,33,3,3,0,0.0010414087,,
714914583,40,Less than $40K,6,1060,30,2,3,0,0.0099421665,,
714363858,54,Less than $40K,3,1459,35,5,0,0,0.01414928,,
721347408,55,Less than $40K,4,1456,39,2,0,0,0.002029054,,
809608533,49,Unknown,6,1439,48,3,3,0,0.0016312856,,
772047183,45,$40K - $60K,6,1353,24,3,0,0,0.0021119025,,
714217908,49,$40K - $60K,5,1173,32,3,2,0,0.006530928,,
714819183,63,$80K - $120K,5,1746,28,2,3,0,0.00070580235,,
716455683,40,Less than $40K,3,1279,28,2,2,0,0.05246234,,
710865633,41,Less than $40K,4,1307,29,2,2,0,0.019254735,,
752952108,37,$80K - $120K,6,1473,37,2,0,0,0.0008245281,,
712595433,58,$120K +,6,1805,37,2,2,0,0.0062103495,,
714982383,55,$60K - $80K,4,1421,23,3,3,0,0.0014353093,,
813814008,53,Less than $40K,6,1272,37,3,0,0,0.0005740003,,
794545983,57,$80K - $120K,3,1409,34,2,2,0,0.0046184943,,
708288108,43,$80K - $120K,2,647,15,5,2,1,0.99683136,0.04118727,Low priority
715585158,58,$60K - $80K,3,1275,25,3,2,0,0.00282259,,
810449883,64,Less than $40K,6,1270,27,1,0,0,0.00037061566,,
789863208,54,Less than $40K,3,1702,37,2,0,0,0.003932765,,
715022133,53,$60K - $80K,6,1256,26,2,3,0,0.0006271818,,
712506708,39,Less than $40K,6,3178,53,1,0,0,0.009310554,,
715699983,56,$60K - $80K,5,1626,29,1,3,0,0.000117744705,,
818942433,54,Less than $40K,6,1562,33,1,3,0,0.008216436,,
712459233,59,$40K - $60K,5,1960,57,3,0,0,0.012769079,,
716545383,42,$40K - $60K,3,1154,38,1,3,0,0.0006041857,,
721144383,42,$60K - $80K,5,1629,38,1,3,0,0.013002333,,
821837958,43,$80K - $120K,3,1226,25,3,3,0,0.0031717524,,
804359133,55,$120K +,5,1743,27,3,0,0,0.0022848719,,
713308683,52,$80K - $120K,5,1139,39,2,2,0,0.039697614,,
788780958,46,$40K - $60K,6,1073,21,3,2,0,0.22321236,,
717354558,57,$120K +,3,683,17,3,2,1,0.97404736,,
798473808,48,$80K - $120K,3,1159,32,3,3,0,0.061186496,,
712372158,45,$120K +,6,1859,47,1,3,0,0.0005707067,,
715192308,48,$120K +,6,1205,28,5,2,0,0.002130563,,
708813033,47,$40K - $60K,5,1409,37,3,2,0,0.003097807,,
714639783,42,$60K - $80K,3,1000,18,3,2,1,0.99416816,,
709311633,41,$60K - $80K,6,1209,39,2,3,0,0.016306907,,
709470858,51,$120K +,5,1366,25,2,3,0,0.0013038383,,
717292758,55,Less than $40K,5,1161,44,3,2,0,0.40027186,,
779241783,67,$40K - $60K,4,1512,38,3,2,0,0.0023989254,,
715205358,39,$60K - $80K,4,1750,35,1,3,0,0.0007367616,,
778871508,54,$60K - $80K,6,1170,24,3,3,0,0.00020325191,,
779462433,55,Less than $40K,3,2218,50,3,0,0,0.099940404,,
710147958,47,$40K - $60K,3,1198,33,2,3,0,0.005486157,,
709864833,49,$60K - $80K,3,1329,26,2,2,0,0.0054980647,,
778868958,42,Less than $40K,3,857,36,3,0,1,0.98560846,,
717276708,57,$80K - $120K,3,1470,30,3,0,0,0.010854463,,
710004933,44,$60K - $80K,3,1435,25,3,3,0,0.001831824,,
753606108,56,$60K - $80K,3,1093,22,1,2,0,0.24182783,,
710940183,49,Less than $40K,6,715,20,3,2,1,0.98725253,,
718927533,45,$80K - $120K,5,1512,42,2,3,0,0.009751411,,
719337408,63,$60K - $80K,6,2399,43,2,3,0,0.04159728,,
772308408,44,$80K - $120K,6,906,22,3,3,0,0.20344625,,
712981383,44,Less than $40K,3,1052,16,2,3,0,0.02505075,,
790099758,40,$40K - $60K,4,975,11,3,2,0,0.18373656,,
709547658,39,$60K - $80K,5,783,20,3,2,1,0.9112805,,
778770783,42,$80K - $120K,6,990,21,1,3,0,0.0067342515,,
713134458,54,$120K +,4,1097,24,1,2,0,0.13458821,,
712159083,58,Less than $40K,2,901,35,3,2,1,0.99946433,0.16715713,Low priority
713639958,46,Less than $40K,5,1327,41,3,3,0,0.010659654,,
771180033,47,$40K - $60K,6,1814,31,1,0,0,0.0007479435,,
717916758,67,Unknown,4,1365,34,3,3,0,0.0039195213,,
711089733,50,Less than $40K,3,1058,34,3,3,0,0.18239383,,
716988633,55,$60K - $80K,6,1476,38,1,3,0,0.010830135,,
779031033,46,$40K - $60K,6,1230,36,1,0,0,0.0029186571,,
716302383,47,$40K - $60K,3,1581,44,1,3,0,0.004603118,,
718281408,36,$40K - $60K,3,1534,29,1,3,0,0.001622339,,
721333233,40,$60K - $80K,4,1612,39,2,3,0,0.0022035274,,
794496033,57,$80K - $120K,6,1302,36,1,2,0,0.0023511627,,
710519433,48,$80K - $120K,3,1439,40,1,0,0,0.0232204,,
814995933,58,Less than $40K,5,1724,45,3,2,0,0.0757979,,
721469433,48,$40K - $60K,5,1784,35,2,3,0,0.0013688508,,
788386908,48,$80K - $120K,3,1156,29,2,3,0,0.005835331,,
717198633,53,$40K - $60K,6,2556,49,2,0,0,0.010045168,,
767695083,50,$80K - $120K,3,1590,37,3,2,0,0.11143944,,
711791583,52,Less than $40K,1,884,19,2,2,1,0.9986455,0.06069608,Low priority
712315683,53,Less than $40K,1,973,25,1,0,1,0.9637286,0.28539965,Low priority
710038008,56,$40K - $60K,3,1447,30,2,3,0,0.023346437,,
789129033,44,$80K - $120K,5,1150,26,3,2,0,0.026270274,,
718349058,49,$80K - $120K,3,1193,21,3,2,0,0.005465868,,
789842283,54,$60K - $80K,3,706,21,3,2,1,0.99818987,,
714513033,39,$40K - $60K,6,1257,23,1,2,0,0.02381658,,
714717483,39,Unknown,5,1303,35,1,3,0,0.01653416,,
714900408,41,Less than $40K,3,1306,39,1,3,0,0.015562148,,
719418933,53,$80K - $120K,1,748,20,3,2,1,0.999542,0.10502064,Low priority
720115683,47,$80K - $120K,6,1774,42,2,3,0,0.0049274927,,
779504058,46,Less than $40K,5,1209,25,1,3,0,0.0012105302,,
795979833,53,Less than $40K,6,1074,31,1,2,0,0.019723875,,
717392358,60,$80K - $120K,6,1786,50,2,3,0,0.0012660283,,
718640508,59,Less than $40K,4,1456,36,1,0,0,0.0010425295,,
803366358,38,$60K - $80K,5,1300,25,2,3,0,0.00075559603,,
709230708,56,Less than $40K,3,1470,42,2,2,0,0.038378872,,
781794708,35,$80K - $120K,2,715,25,1,2,1,0.9952304,0.32051882,Low priority
801383808,50,$60K - $80K,4,1198,24,2,2,0,0.00041394756,,
710677608,53,$80K - $120K,4,1556,43,2,3,0,0.00030682233,,
708217758,63,$60K - $80K,5,1606,30,2,3,0,0.00019729805,,
714272658,43,Less than $40K,2,929,31,3,0,1,0.9973864,0.09621314,Low priority
717469158,46,$80K - $120K,6,1606,54,3,3,0,0.002194427,,
711864783,61,$60K - $80K,5,1199,32,3,2,0,0.0029539496,,
719407983,37,Less than $40K,4,2400,60,3,0,0,0.003558273,,
710665533,42,Unknown,4,1337,44,2,3,0,0.0041548605,,
716804283,41,$120K +,3,1270,33,2,3,0,0.014697728,,
767294658,56,$120K +,2,654,14,2,2,1,0.999283,0.11059107,Low priority
709122483,56,$60K - $80K,3,1909,54,3,0,0,0.0014362877,,
708241233,52,Less than $40K,3,922,25,3,2,1,0.99003184,,
717860358,40,$40K - $60K,5,1158,42,3,2,0,0.05950253,,
789337233,63,$40K - $60K,6,1323,26,6,2,0,0.02045878,,
720902133,58,$40K - $60K,4,1025,35,1,3,0,0.044101734,,
721043058,58,$60K - $80K,5,1700,35,1,3,0,0.0005706583,,
711870333,46,$80K - $120K,6,1628,51,3,3,0,0.0010782414,,
708398283,37,$40K - $60K,5,1377,32,2,3,0,0.007277986,,
715878183,46,$80K - $120K,4,1517,33,3,2,0,0.032462336,,
719451483,46,Less than $40K,5,1528,25,3,0,0,0.0013859788,,
709110633,41,$80K - $120K,5,1329,24,1,2,0,0.0026649488,,
721059033,48,$40K - $60K,4,1505,33,1,3,0,0.013339724,,
779912283,49,$40K - $60K,5,1172,38,3,2,0,0.028003434,,
717701733,44,$80K - $120K,3,1646,39,2,3,0,0.0018063001,,
709913733,39,Less than $40K,4,1693,32,2,0,0,7.281683e-05,,
718768158,57,$40K - $60K,3,1336,23,1,2,0,0.14441209,,
721375308,48,$80K - $120K,5,1289,19,1,2,0,0.001188365,,
711374283,47,$80K - $120K,4,1416,32,1,3,0,0.00027524604,,
822893133,56,Unknown,6,1608,33,1,3,0,0.009612866,,
778465533,54,Less than $40K,3,1885,51,1,3,0,0.15799065,,
712138983,54,$60K - $80K,3,1744,53,3,0,0,0.008365461,,
716920908,52,$80K - $120K,6,1922,48,1,3,0,0.00014731387,,
708095133,43,$120K +,5,1448,29,2,2,0,0.072066575,,
711195558,59,$40K - $60K,6,1300,36,3,2,0,0.0045141834,,
772735758,44,Unknown,6,1366,31,2,0,0,0.026671594,,
712024908,56,Less than $40K,6,1439,39,2,0,0,0.0007507406,,
778239933,45,Unknown,6,1241,46,3,0,0,0.0004759233,,
714893733,55,$80K - $120K,3,1917,33,3,2,0,0.0065207356,,
754886958,48,$40K - $60K,4,1391,39,1,2,0,0.0034943225,,
710104908,56,Less than $40K,4,1246,31,1,0,0,0.0027329326,,
710558883,41,$60K - $80K,5,1248,27,3,2,0,0.0017589284,,
713827383,65,Less than $40K,3,1936,44,2,0,0,0.018494414,,
720267033,34,$80K - $120K,3,2375,63,3,0,0,0.008108397,,
712049208,56,$60K - $80K,3,1238,25,1,0,0,0.010376786,,
708688608,62,Less than $40K,5,1626,41,3,0,0,0.0002972704,,
716223708,45,Unknown,3,791,22,3,2,1,0.99193054,,
713217858,38,Less than $40K,5,1204,28,3,2,0,0.60816306,,
819352983,49,$120K +,5,1300,33,2,2,0,0.0058306083,,
711019308,58,$60K - $80K,3,1612,47,2,3,0,0.0004515695,,
768600558,41,$40K - $60K,4,1071,28,2,0,0,0.010575811,,
710202783,33,$60K - $80K,3,1378,37,3,0,0,0.0103211505,,
712899333,47,Less than $40K,6,1100,29,2,2,0,0.04172271,,
767036433,56,Less than $40K,5,2052,45,1,3,0,0.0025060722,,
793473033,51,$60K - $80K,3,1349,33,2,0,0,0.016073814,,
721232058,49,$40K - $60K,6,1215,36,1,2,0,0.004173941,,
719443683,50,$120K +,3,1149,25,2,2,1,0.7634262,,
715449333,55,$40K - $60K,5,2354,50,2,0,0,0.016491694,,
717998058,26,Less than $40K,6,2644,40,3,0,0,0.0114197275,,
779610033,58,$80K - $120K,3,918,14,3,2,1,0.9756998,,
827332983,46,$80K - $120K,3,1362,31,2,3,0,0.0018828579,,
721183983,48,$120K +,6,1222,37,3,3,0,0.009762916,,
718426533,42,$60K - $80K,4,1364,32,1,3,0,0.022033889,,
710698233,37,$80K - $120K,4,1463,40,1,3,0,0.0004686717,,
780253533,63,Less than $40K,5,1631,31,3,0,0,0.00015109654,,
793581933,50,$40K - $60K,4,1878,55,3,2,0,0.021828983,,
719229708,41,$40K - $60K,6,1489,32,3,2,0,0.052167505,,
715158483,48,Less than $40K,3,1437,37,2,2,0,0.0126336,,
809296308,46,$80K - $120K,4,1313,37,2,3,0,0.0031970418,,
778176108,61,$60K - $80K,4,1290,38,2,2,0,0.006898106,,
796532958,59,Less than $40K,4,1975,49,3,3,0,0.0005749618,,
709345008,53,Unknown,1,807,22,2,2,1,0.9994017,0.13768083,Low priority
717049533,39,$40K - $60K,5,1438,28,3,3,0,0.005930099,,
719366358,51,$120K +,6,1233,29,3,2,0,0.0061746924,,
721417233,45,$60K - $80K,3,709,27,5,2,1,0.9994407,,
711622683,48,$60K - $80K,4,1597,39,3,2,0,0.039963275,,
714578283,47,$60K - $80K,6,1283,28,3,3,0,0.0018679741,,
769574883,41,$40K - $60K,3,1101,37,1,2,0,0.51169974,,
717643608,48,$80K - $120K,3,1593,36,3,2,0,0.11855927,,
709198158,50,Less than $40K,6,1631,46,2,0,0,0.16523334,,
712419708,56,Less than $40K,6,2194,53,1,0,0,0.0052489555,,
709103358,39,Less than $40K,6,1128,27,3,2,0,0.050945744,,
716966808,47,$80K - $120K,6,1497,35,3,2,0,0.10633146,,
772264383,44,$120K +,4,1385,50,1,2,0,0.065954976,,
721057758,61,Unknown,4,1449,27,2,3,0,0.0013125482,,
769137108,43,Less than $40K,3,974,28,3,2,1,0.9930449,,
717640083,59,$60K - $80K,3,731,18,2,2,1,0.9991602,,
716445783,42,Unknown,4,1191,37,2,3,0,0.0035444058,,
708579633,40,$40K - $60K,4,1421,34,2,2,0,0.019565059,,
718715583,65,Less than $40K,4,1256,35,2,2,0,0.0070232656,,
778686408,48,$60K - $80K,4,1744,50,3,3,0,0.0019223044,,
715015683,44,$40K - $60K,5,1766,39,3,0,0,0.011178495,,
805254708,36,Unknown,5,2229,48,2,3,0,0.0034197255,,
710462433,45,$60K - $80K,6,1773,39,2,3,0,0.00040248697,,
721342383,39,$80K - $120K,6,1860,37,3,3,0,0.0048758616,,
720179883,40,$80K - $120K,3,1179,27,3,3,0,0.2326459,,
794977533,62,$60K - $80K,3,906,16,3,2,1,0.9983058,,
779445108,26,$40K - $60K,6,2781,54,1,0,0,0.015957654,,
718193958,60,Less than $40K,5,1650,53,3,0,0,0.002724506,,
710955633,54,Less than $40K,6,1446,37,1,3,0,0.0002351977,,
716149383,62,$60K - $80K,6,1703,48,3,2,0,0.022689074,,
752604633,57,$40K - $60K,2,761,17,5,2,1,0.9995602,0.16974752,Low priority
713889933,59,$40K - $60K,4,1536,44,2,2,0,0.13347775,,
709446783,46,$60K - $80K,3,1373,36,3,0,0,0.018784188,,
789115833,44,$60K - $80K,5,1256,29,3,2,0,0.0036090757,,
711242058,48,$80K - $120K,1,643,16,3,2,1,0.9995322,0.064614326,Low priority
787623858,43,$120K +,4,1215,45,2,3,0,0.011513596,,
709040508,57,$120K +,6,2244,58,6,2,0,0.0061182794,,
708864708,46,$80K - $120K,4,1409,36,2,2,0,0.06661769,,
717758583,40,$60K - $80K,4,1469,23,2,0,0,0.0006316961,,
715416633,54,$80K - $120K,4,1847,59,1,2,0,0.0020921226,,
717956283,57,$40K - $60K,5,1277,29,1,3,0,0.0012176381,,
721379433,44,$60K - $80K,6,1227,24,2,2,0,0.07170181,,
712027683,47,Less than $40K,3,1336,38,2,2,0,0.007854395,,
716027208,47,$60K - $80K,4,1110,58,1,3,0,0.00391718,,
720475233,50,Less than $40K,6,1474,26,2,2,0,0.0043507167,,
712275108,53,$40K - $60K,4,1955,44,3,2,0,0.009444544,,
718121658,56,$60K - $80K,5,660,17,3,2,1,0.9979297,,
711593808,55,$60K - $80K,2,888,18,2,3,1,0.9984756,0.18001679,Low priority
716222808,53,Less than $40K,6,1785,45,1,3,0,0.00010308894,,
718731183,61,$40K - $60K,1,705,14,2,2,1,0.99515027,0.1700395,Low priority
788779008,57,$60K - $80K,3,1211,25,1,0,0,0.0009087074,,
710404533,50,$80K - $120K,6,1391,40,2,0,0,0.014706024,,
711173058,56,Unknown,4,1407,29,3,3,0,0.00033038162,,
715383108,52,$120K +,5,1616,50,1,3,0,0.023988452,,
711697158,60,Less than $40K,6,1498,43,2,0,0,0.0024310504,,
709186983,49,$80K - $120K,3,1536,38,1,3,0,0.0037964876,,
808964433,46,Less than $40K,4,1594,45,1,3,0,0.0023660576,,
711948333,42,$80K - $120K,6,1190,30,1,2,0,0.008734516,,
710541858,45,Less than $40K,6,1248,37,5,3,0,0.0004576716,,
713865333,45,Less than $40K,3,827,21,4,2,1,0.9951946,,
797707008,44,Less than $40K,6,920,18,1,2,1,0.97313243,,
713490483,61,$80K - $120K,6,1755,54,2,2,0,0.10148154,,
720370533,55,$60K - $80K,3,804,15,2,2,1,0.9978206,,
779743908,44,$60K - $80K,4,1196,30,2,2,0,0.3067954,,
718675158,55,Less than $40K,4,850,22,1,2,1,0.99370944,,
710784333,57,$120K +,3,1644,28,2,2,0,0.0006969051,,
816596583,45,$80K - $120K,6,1749,50,3,2,0,0.029419439,,
717517758,57,$40K - $60K,3,2307,45,2,0,0,0.012452051,,
712880283,31,$40K - $60K,3,1757,45,3,3,0,0.0031817546,,
753226158,34,Less than $40K,6,1826,35,2,0,0,0.0006600048,,
720605808,53,Less than $40K,2,799,17,2,2,1,0.99949217,0.11108291,Low priority
758317233,35,Unknown,4,2121,60,5,0,0,0.008705198,,
711028308,44,Less than $40K,4,1468,29,1,3,0,0.01316812,,
814852533,50,$80K - $120K,3,1482,46,2,2,0,0.006710868,,
711526533,33,$80K - $120K,4,1726,37,2,3,0,0.0015669187,,
804403908,50,$60K - $80K,4,1806,31,2,2,0,0.17712185,,
716999883,51,$80K - $120K,5,1405,43,2,3,0,0.0029147088,,
716452083,56,Less than $40K,5,2052,50,3,2,0,0.032300305,,
787599258,55,Less than $40K,6,1175,34,1,3,0,0.0018634904,,
714495258,26,Less than $40K,4,1786,37,1,2,0,0.12587366,,
717713283,42,Less than $40K,6,1675,58,3,2,0,0.01303077,,
789317883,54,$80K - $120K,4,1200,36,3,2,0,0.0031401333,,
714500883,44,Unknown,4,1283,37,2,2,0,0.15575638,,
789467508,65,$40K - $60K,5,1937,57,3,0,0,0.0008189904,,
710317758,38,Unknown,4,2033,38,2,3,0,0.0028275843,,
711231558,58,$60K - $80K,6,1915,37,1,3,0,0.00020361326,,
716829483,39,$40K - $60K,4,1988,36,2,0,0,0.004242314,,
779713608,52,$120K +,5,1648,30,1,3,0,0.00014494653,,
711628458,45,Less than $40K,4,1902,45,1,3,0,0.0016969676,,
718943508,42,$80K - $120K,3,1454,35,3,0,0,0.064214095,,
770724558,42,$60K - $80K,6,838,24,1,2,1,0.99368083,,
783561558,57,$120K +,4,1918,61,2,2,0,0.05240767,,
719309958,55,$80K - $120K,4,837,25,1,2,1,0.9945095,,
788785083,44,Less than $40K,6,4311,78,3,3,0,0.0007917469,,
780481308,37,Unknown,3,1567,33,2,2,0,0.072986186,,
711757383,50,Less than $40K,4,1905,39,1,2,0,0.33869022,,
787550808,51,$40K - $60K,5,1422,26,1,2,0,0.002849335,,
779863533,37,$80K - $120K,6,1680,32,2,3,0,0.02086069,,
714529233,36,Less than $40K,3,1652,41,1,2,0,0.0037480493,,
708177333,51,Less than $40K,5,1158,26,3,3,0,0.0053147506,,
812019933,65,$40K - $60K,3,1797,46,3,0,0,0.008776076,,
708557358,43,$60K - $80K,4,1911,55,2,2,0,0.009503421,,
713580633,46,$40K - $60K,6,1260,27,2,2,0,0.061125204,,
711466533,43,Less than $40K,5,1489,45,2,2,0,0.111107744,,
802276683,56,$80K - $120K,3,1794,31,3,3,0,0.0044968235,,
780913308,43,$60K - $80K,6,1510,42,2,3,0,0.013675257,,
808897683,53,$80K - $120K,3,3231,47,3,2,1,0.952546,,
719428308,50,$60K - $80K,6,1274,32,2,0,0,0.0012721834,,
713010483,43,$40K - $60K,6,1572,57,1,0,0,0.003040865,,
717006333,54,$80K - $120K,6,1935,41,1,0,0,0.015960477,,
787621158,33,$60K - $80K,6,2187,59,3,2,0,0.013988971,,
716924058,58,$40K - $60K,3,1417,25,1,2,0,0.018336087,,
720916683,41,$80K - $120K,4,1465,31,3,2,0,0.013510333,,
720923658,48,$60K - $80K,5,1570,45,2,2,0,0.030319229,,
712710708,55,$40K - $60K,5,1445,40,2,0,0,0.057749294,,
718939083,54,Less than $40K,3,694,15,1,2,1,0.99856937,,
779519058,51,Unknown,3,1929,40,1,2,0,0.06972833,,
719085933,35,$80K - $120K,4,2447,64,1,3,0,0.0008482719,,
715124958,50,$80K - $120K,5,1306,31,2,2,0,0.020738158,,
712979133,55,$80K - $120K,2,646,10,2,2,1,0.99750924,0.0390018,Low priority
712006308,45,Less than $40K,6,1236,35,1,2,0,0.005437073,,
710801133,34,$60K - $80K,6,2513,63,1,3,0,0.001427742,,
712490283,55,$40K - $60K,4,2091,48,3,0,0,0.0071848747,,
720071583,48,Less than $40K,5,854,22,1,2,1,0.991168,,
717958833,46,$60K - $80K,5,1848,25,1,3,0,0.0007172357,,
812420358,61,Less than $40K,3,949,17,3,2,1,0.9940176,,
712370208,48,$60K - $80K,3,1371,37,2,2,0,0.019517487,,
715940358,51,Less than $40K,6,1804,49,2,0,0,0.03470893,,
715041333,39,$60K - $80K,3,1605,43,1,0,0,0.03561459,,
712797258,43,$120K +,3,1463,38,1,2,0,0.0064572096,,
769170558,53,$60K - $80K,6,1279,41,4,2,0,0.07922667,,
715884858,38,$80K - $120K,5,1470,28,3,2,0,0.09408715,,
796343058,49,Less than $40K,4,1265,38,1,2,0,0.16049284,,
783910008,37,Less than $40K,5,2002,60,2,0,0,0.0025523324,,
718888308,53,$80K - $120K,4,1475,33,3,2,0,0.0170289,,
785114808,46,$40K - $60K,4,1419,30,2,2,0,0.030355357,,
709852908,44,Less than $40K,5,1628,37,3,2,0,0.6684976,,
823528833,50,Less than $40K,4,1337,29,2,0,0,0.00064359116,,
719679858,58,$40K - $60K,3,1135,27,2,2,0,0.020943679,,
827108583,55,$120K +,3,1161,26,1,2,0,0.118110895,,
787833333,44,$80K - $120K,6,1571,38,1,2,0,0.0028977974,,
719781183,57,$80K - $120K,4,1916,40,1,2,0,0.008144499,,
710429358,57,$40K - $60K,5,1346,30,1,0,0,0.0021327285,,
798792408,48,$80K - $120K,1,805,24,1,2,1,0.99943167,0.11694329,Low priority
710280558,51,$60K - $80K,3,1195,18,3,2,0,0.0291304,,
809825358,53,Less than $40K,6,1155,34,1,2,0,0.0040907534,,
714451833,45,Less than $40K,6,1431,34,2,2,0,0.3022271,,
713943783,41,$60K - $80K,5,1194,25,3,2,0,0.028762521,,
710706558,51,Less than $40K,3,1154,33,1,0,0,0.07732975,,
713620308,46,Less than $40K,6,1232,34,4,2,0,0.18070816,,
813453408,40,Less than $40K,3,1269,30,1,0,0,0.0035151157,,
818248383,33,$60K - $80K,3,1742,35,3,3,0,0.020129504,,
780106908,53,$80K - $120K,6,1379,26,2,3,0,0.0012936988,,
708938508,63,$40K - $60K,5,1870,35,3,3,0,0.00067164935,,
709671708,61,$80K - $120K,4,1207,32,2,3,0,0.0017891037,,
711204483,56,$60K - $80K,3,781,15,3,2,1,0.97088504,,
801728658,53,$60K - $80K,6,1773,38,3,2,0,0.007531339,,
713945883,62,Less than $40K,4,864,20,2,2,1,0.99408937,,
779558733,50,Unknown,6,1559,39,1,3,0,0.00049424765,,
788370258,37,$60K - $80K,5,1830,64,3,0,0,0.0050729034,,
714927333,62,Unknown,6,1542,43,3,2,0,0.0034017896,,
710383158,49,$80K - $120K,4,1506,47,1,2,0,0.10267851,,
798007308,57,Unknown,6,1175,41,1,3,0,0.0049368846,,
711768858,55,$80K - $120K,3,1383,20,2,3,0,0.0034457075,,
714888633,50,$80K - $120K,3,1837,57,3,2,0,0.018077612,,
712650333,48,$60K - $80K,3,1191,40,3,2,0,0.024875972,,
719945433,60,$40K - $60K,3,1793,53,2,3,0,0.15076217,,
720310458,46,$120K +,5,1560,49,2,3,0,0.0052289483,,
718344033,47,$120K +,4,1564,59,3,3,0,0.0050466517,,
715442958,54,$60K - $80K,3,1843,38,3,3,0,0.016326545,,
780326883,53,$60K - $80K,3,2165,61,3,2,0,0.023408543,,
711157833,56,$40K - $60K,4,1631,41,1,3,0,0.002656692,,
719704308,56,$40K - $60K,5,1265,32,1,0,0,0.0048761507,,
708772308,41,$80K - $120K,4,1455,35,3,2,0,0.012080663,,
817663908,60,$40K - $60K,5,1137,27,3,2,0,0.007371197,,
780054258,40,$40K - $60K,6,1367,35,2,2,0,0.03830542,,
709990983,49,$40K - $60K,6,1292,26,2,3,0,0.008860595,,
818045958,46,$40K - $60K,5,1682,46,3,2,0,0.061498225,,
716380683,36,Less than $40K,6,1598,39,1,2,0,0.0012619602,,
787480158,57,Less than $40K,4,1555,39,2,0,0,0.00040909805,,
778461408,38,$80K - $120K,4,2409,36,3,3,0,0.0022148085,,
713861733,50,$80K - $120K,4,1770,65,3,3,0,0.0013079173,,
789291633,62,$60K - $80K,3,1526,45,2,3,0,0.0006407144,,
789513858,43,$40K - $60K,2,891,28,2,2,1,0.9997445,0.254882,Low priority
778357458,44,Less than $40K,4,1756,42,3,2,0,0.19810891,,
718325883,39,$40K - $60K,6,1241,22,3,3,0,0.00029665828,,
720344658,38,$80K - $120K,4,1681,43,1,3,0,0.0002703969,,
809292483,44,Less than $40K,4,1224,32,2,2,0,0.0025830138,,
779791008,43,$80K - $120K,6,1572,38,2,2,0,0.0320819,,
779557533,54,$80K - $120K,6,1566,50,3,2,0,0.025277566,,
795904233,38,Unknown,5,1579,40,1,3,0,0.005470743,,
710573808,55,$60K - $80K,6,1334,31,3,2,0,0.022341918,,
717418158,42,$120K +,4,1230,34,1,3,0,0.00055073,,
771963708,56,$60K - $80K,5,767,25,3,2,1,0.9957425,,
712433508,59,Unknown,3,724,16,2,2,1,0.9962441,,
779320983,46,$80K - $120K,4,1638,49,3,2,0,0.0022282298,,
718093233,55,Less than $40K,3,1349,47,3,2,0,0.07542469,,
719459358,52,$120K +,4,1751,48,2,3,0,0.00072287495,,
717728808,39,Less than $40K,3,1414,40,1,2,0,0.005130839,,
788701608,42,Less than $40K,5,1260,32,2,0,0,0.015674703,,
778506633,43,Less than $40K,6,965,27,2,2,1,0.9602583,,
719989008,47,Unknown,5,1121,25,1,3,0,0.0016265444,,
791839233,42,Unknown,5,1411,28,3,2,0,0.018162407,,
716918508,39,$40K - $60K,4,1602,49,3,2,0,0.013038371,,
717321783,50,$60K - $80K,5,1617,47,2,2,0,0.023368016,,
799000008,57,$120K +,4,1244,36,1,2,0,0.0017359143,,
721517208,41,Less than $40K,4,1263,29,6,0,0,0.0029308088,,
719068683,52,$40K - $60K,5,1036,25,1,2,0,0.052648593,,
709120008,43,$60K - $80K,4,1217,39,3,3,0,0.014603739,,
709117533,42,$80K - $120K,4,1556,35,3,3,0,0.0057157385,,
816594183,58,$40K - $60K,6,2005,62,2,0,0,0.001432336,,
789485433,42,$80K - $120K,3,1698,67,2,3,0,0.0220063,,
712881483,55,$80K - $120K,5,2041,45,3,2,0,0.028827837,,
712689333,38,$80K - $120K,4,1102,31,3,2,0,0.0031978243,,
771492408,40,Less than $40K,3,1346,30,1,0,0,0.0016586162,,
711668283,48,$80K - $120K,5,1511,35,6,2,0,0.16379568,,
772684833,32,Less than $40K,3,1761,42,3,0,0,0.000548058,,
712960308,33,Less than $40K,4,2117,61,1,3,0,0.0024185209,,
713530833,58,$40K - $60K,2,596,15,3,2,1,0.9972224,0.48558566,Test
756065433,26,$40K - $60K,5,2560,46,2,0,0,0.03737562,,
710997183,46,$60K - $80K,3,1409,39,3,2,0,0.049396623,,
711146358,39,Unknown,4,1759,33,3,0,0,0.007059946,,
716144058,36,$40K - $60K,6,1886,66,3,3,0,0.009281381,,
778699908,43,$60K - $80K,2,915,29,3,3,1,0.997664,0.28503606,Low priority
713571258,45,$60K - $80K,6,1343,41,3,2,0,0.009189386,,
711676908,51,Unknown,3,1870,56,2,2,0,0.019497951,,
719315508,62,$40K - $60K,4,1557,25,2,0,0,0.00028801794,,
778623858,58,$80K - $120K,6,1824,49,3,0,0,0.0002799741,,
714665733,42,$60K - $80K,5,1294,26,1,3,0,0.00386622,,
816089433,49,$60K - $80K,3,1545,31,1,0,0,0.0013159547,,
716991933,53,Less than $40K,6,820,25,3,2,1,0.990087,,
714534108,45,$40K - $60K,4,1675,47,1,2,0,0.004191224,,
787456608,29,$80K - $120K,6,1678,37,2,3,0,0.002786149,,
717090183,60,$120K +,6,2117,48,1,3,0,0.027678648,,
772782708,50,$80K - $120K,5,1721,56,2,3,0,0.002412345,,
710722908,53,$120K +,3,1267,23,1,3,0,0.0013800741,,
795155433,45,$80K - $120K,6,1562,33,3,3,0,0.00094398705,,
715271733,50,Less than $40K,3,1193,35,3,2,0,0.075373925,,
771706308,46,$80K - $120K,4,1254,34,3,2,0,0.044970978,,
713989233,61,Unknown,6,1731,32,2,3,0,0.00033613367,,
780198258,46,$120K +,5,1099,39,2,3,0,0.004534302,,
802002858,62,Unknown,2,747,19,1,2,1,0.99760973,0.120668784,Low priority
716290233,43,$40K - $60K,6,1352,35,2,3,0,0.04998037,,
828298908,54,$120K +,4,1770,47,2,0,0,0.0017508209,,
788946783,50,$120K +,5,1812,50,1,3,0,0.020199224,,
720697908,35,$40K - $60K,3,1673,58,3,0,0,0.0030118222,,
780598383,35,$40K - $60K,4,2167,65,3,0,0,0.009923532,,
715345833,36,Less than $40K,6,2369,56,3,0,0,0.42741415,,
710831133,42,$80K - $120K,5,1582,47,2,3,0,0.0007765257,,
766706358,39,Less than $40K,6,1800,33,3,0,0,0.0065777455,,
816533733,50,$80K - $120K,5,1567,44,2,2,0,0.1451621,,
712373208,43,$60K - $80K,3,647,19,3,2,1,0.9983596,,
721433283,39,$40K - $60K,3,1447,39,2,3,0,0.006223327,,
720680058,47,Less than $40K,6,1145,37,1,2,0,0.0054727127,,
716909283,60,$80K - $120K,3,3280,78,1,3,0,0.0011551721,,
754654383,30,Less than $40K,4,1577,35,2,0,0,0.0029230523,,
719226333,44,$60K - $80K,5,1140,25,3,2,0,0.0079427045,,
779759058,52,$120K +,6,1736,40,3,0,0,0.003753698,,
718206783,45,Less than $40K,6,1436,36,1,3,0,0.00083496736,,
715783758,40,$120K +,5,1513,38,3,2,0,0.049587417,,
771190083,36,Less than $40K,6,2505,69,2,0,0,0.0017122885,,
713135883,65,Unknown,4,1723,51,3,3,0,0.004906977,,
778799583,35,Less than $40K,6,1695,48,1,0,0,0.0024942185,,
808796208,54,$40K - $60K,5,1532,44,3,0,0,0.09251892,,
708313608,53,$80K - $120K,5,2110,43,3,0,0,0.0233579,,
779330208,62,Less than $40K,3,1807,45,2,0,0,0.07946509,,
794498733,40,$120K +,6,1687,46,4,2,0,0.14166631,,
807964908,41,$60K - $80K,4,1481,45,2,2,0,0.003480947,,
823845783,53,$120K +,6,1318,37,2,2,0,0.010313298,,
711748983,30,$60K - $80K,3,1946,45,3,2,0,0.009938324,,
718064283,46,$60K - $80K,4,1481,41,3,3,0,0.008697897,,
710492733,29,$40K - $60K,4,2168,42,1,3,0,0.003978691,,
779016408,37,Less than $40K,6,1583,32,1,0,0,0.0022266812,,
717787533,51,Less than $40K,4,1229,34,1,0,0,0.006787138,,
714851058,31,$40K - $60K,3,1718,42,3,0,0,0.005991253,,
823535133,45,$80K - $120K,6,1402,34,2,3,0,0.0015703428,,
708455883,57,$80K - $120K,2,1127,29,3,2,1,0.95586586,0.52913195,Test
780095808,43,$60K - $80K,3,1053,31,2,0,0,0.087989084,,
709207458,44,$40K - $60K,4,1340,25,2,2,0,0.013130134,,
763895958,53,$120K +,4,732,21,3,2,1,0.9947627,,
715942683,32,Less than $40K,3,2346,71,1,3,0,0.0050834916,,
721301733,53,$80K - $120K,6,1580,45,3,2,0,0.002870158,,
711927108,54,$80K - $120K,2,1196,28,3,2,1,0.98318166,0.19106147,Low priority
718083483,42,Less than $40K,4,2086,50,5,0,0,0.0013416525,,
717548358,38,Less than $40K,3,1665,57,3,0,0,0.002116229,,
816829608,44,$80K - $120K,6,1495,39,2,2,0,0.07247236,,
713936583,54,$60K - $80K,6,2187,58,3,3,0,0.009819294,,
709682658,37,$40K - $60K,5,1371,23,3,0,0,0.0054539023,,
793889508,48,$40K - $60K,4,1235,37,3,2,0,0.13451038,,
714648933,55,Unknown,3,1556,40,2,3,0,0.003859926,,
711556533,43,Unknown,6,1212,24,3,2,0,0.23184924,,
717420333,37,$60K - $80K,4,2701,60,3,3,0,0.16355991,,
768921933,34,$60K - $80K,3,1750,47,3,0,0,0.0035073608,,
714311583,46,Unknown,4,1610,43,3,2,0,0.024179125,,
717707133,32,$40K - $60K,6,2184,63,2,3,0,0.005614845,,
716043258,53,$40K - $60K,6,1745,41,1,0,0,0.008733941,,
716343408,46,$80K - $120K,3,1381,40,2,2,0,0.026586672,,
718909158,38,Less than $40K,6,1793,37,3,3,0,0.011324821,,
719471433,31,Less than $40K,3,1831,36,3,0,0,0.0006951841,,
712763808,38,$60K - $80K,3,1468,36,3,2,0,0.23115087,,
711147483,46,Less than $40K,2,1097,32,2,2,1,0.97131383,0.41588986,Test
719788833,47,$60K - $80K,6,1682,44,2,3,0,0.017091822,,
715168983,47,Less than $40K,5,1451,37,2,2,0,0.27688685,,
714306258,56,$60K - $80K,3,1509,44,2,2,0,0.024917193,,
713828208,47,$60K - $80K,6,1895,57,2,3,0,0.34175336,,
710574558,47,$80K - $120K,5,1403,40,3,2,0,0.007982288,,
710947683,64,Less than $40K,6,1420,31,3,2,0,0.006340439,,
711113958,37,Less than $40K,6,1717,31,2,0,0,0.0021130382,,
718923858,42,$60K - $80K,5,1131,29,2,2,0,0.088825345,,
752666508,41,$80K - $120K,4,1005,22,3,2,0,0.03854606,,
712672083,65,Less than $40K,3,948,24,3,0,0,0.20002094,,
719863758,49,$40K - $60K,6,1549,34,2,2,0,0.02288334,,
720990183,54,$60K - $80K,5,965,26,2,2,1,0.96924925,,
720718908,46,$120K +,5,1958,41,1,3,0,0.0063492623,,
721250358,50,$40K - $60K,3,1266,22,1,2,0,0.004271693,,
779773533,50,Less than $40K,6,1367,29,1,3,0,0.0084556,,
708249708,48,Less than $40K,3,1489,48,3,2,0,0.037767436,,
713967783,62,Unknown,6,1582,33,1,0,0,0.00012310992,,
779506158,39,Less than $40K,3,2516,42,1,0,0,0.0022195037,,
759823158,46,$60K - $80K,4,1557,49,3,2,0,0.10416497,,
716608608,41,$80K - $120K,5,1084,32,3,2,1,0.8234703,,
789528183,39,Unknown,4,2583,47,2,0,0,0.027022976,,
708895158,46,$80K - $120K,3,1371,30,3,0,0,0.048899002,,
824805858,39,Less than $40K,5,1537,49,3,2,0,0.011571264,,
720840108,44,Less than $40K,5,3753,60,3,3,0,0.0025642968,,
787595658,57,Less than $40K,6,1104,31,1,2,0,0.009189043,,
720244983,40,$40K - $60K,4,1482,42,1,0,0,0.005405249,,
713220258,65,Unknown,4,1299,29,3,2,0,0.0013038254,,
813469458,26,$40K - $60K,6,2167,48,3,2,0,0.019890523,,
788939358,47,$60K - $80K,4,1563,40,2,0,0,0.0013390662,,
718870158,47,$60K - $80K,5,1772,52,2,2,0,0.008676544,,
788673708,57,$40K - $60K,2,1254,35,1,2,1,0.91551226,0.5667862,Priority
711809283,31,Less than $40K,3,2229,35,3,0,0,0.067153,,
816513108,54,$60K - $80K,3,2195,63,1,3,0,0.0010295396,,
718594608,43,Unknown,3,1362,28,3,2,0,0.10621833,,
823606983,39,$60K - $80K,4,2398,37,3,3,0,0.0015368676,,
717028158,53,$120K +,3,2649,56,2,2,0,0.021885768,,
788485908,44,$60K - $80K,3,1463,34,2,2,0,0.08772895,,
714472608,59,Less than $40K,3,1174,27,3,2,0,0.00910953,,
710793783,53,Unknown,6,1836,36,3,3,0,0.0043088472,,
794340033,34,$40K - $60K,5,1817,39,1,0,0,0.0012662617,,
716462658,47,$80K - $120K,3,1387,36,1,2,0,0.043087505,,
718050033,54,$120K +,3,2028,55,2,2,0,0.03792814,,
714023808,42,Unknown,6,1582,36,1,3,0,0.042608574,,
716341833,53,Less than $40K,6,1774,37,2,2,0,0.008955145,,
719648358,50,$80K - $120K,3,1636,36,3,0,0,0.05788139,,
816600933,56,$80K - $120K,3,1031,25,2,2,1,0.98922217,,
714208533,43,$60K - $80K,1,916,33,3,2,1,0.9996178,0.26950762,Low priority
713095533,44,Less than $40K,5,1198,31,3,0,0,0.008245404,,
809967783,34,$40K - $60K,5,2189,54,5,0,0,0.11671742,,
715848408,61,$80K - $120K,6,1257,36,6,2,0,0.11811533,,
714414483,54,Less than $40K,6,1503,35,3,0,0,0.0011323262,,
708655983,49,Unknown,3,1353,24,3,2,0,0.45578504,,
720426708,56,$60K - $80K,2,811,27,1,3,1,0.9983138,0.20503128,Low priority
713743158,47,$60K - $80K,4,1270,21,3,2,0,0.0019399752,,
721279083,53,$80K - $120K,5,1840,53,3,2,0,0.012743892,,
779149683,30,Unknown,5,2585,75,1,3,0,0.003707723,,
714970458,39,$40K - $60K,6,1807,33,1,3,0,0.00021661074,,
719070108,44,$80K - $120K,4,1729,52,1,3,0,0.0005491399,,
715490733,54,Unknown,5,1211,35,1,2,0,0.010240455,,
714989583,46,$60K - $80K,3,1763,44,2,2,0,0.19299236,,
820355433,43,$40K - $60K,6,1395,34,1,2,0,0.013099196,,
715901508,35,$80K - $120K,6,1843,43,1,3,0,0.00054709456,,
710370483,39,Less than $40K,4,1517,33,3,0,0,0.0025112664,,
778573233,61,Less than $40K,3,1977,50,2,0,0,0.023137957,,
708833133,40,Less than $40K,5,2027,49,2,0,0,0.0015645311,,
719885883,53,$120K +,6,1497,43,2,3,0,0.00020366763,,
712523283,55,$120K +,4,1134,31,3,2,0,0.07376987,,
711309033,41,$60K - $80K,6,3663,65,2,3,0,0.0038458048,,
708134283,35,Less than $40K,4,1483,31,3,2,0,0.063796155,,
720147633,61,$40K - $60K,3,1956,63,2,2,0,0.011559321,,
708983658,51,$120K +,3,940,25,3,2,1,0.99007905,,
766285608,42,$40K - $60K,4,2183,56,3,0,0,0.012590965,,
779715108,46,$80K - $120K,3,2920,74,3,0,0,0.008725173,,
798035358,46,Less than $40K,3,1221,41,2,0,0,0.051137127,,
719391783,46,$40K - $60K,3,1790,60,2,3,0,0.004285255,,
809342208,26,Unknown,4,2005,47,1,3,0,0.068560354,,
780713058,46,$60K - $80K,4,3490,69,3,2,0,0.0025423358,,
779338683,62,$60K - $80K,5,1904,49,2,2,0,0.01838618,,
783387783,55,$60K - $80K,4,1647,53,5,2,0,0.044831358,,
787800108,55,$80K - $120K,5,1903,39,1,0,0,0.00059752585,,
721397808,32,$40K - $60K,5,1564,41,2,3,0,0.0007184261,,
778698408,37,Less than $40K,5,1686,34,1,0,0,0.0018970872,,
709545333,33,Unknown,6,2412,64,2,3,0,0.011403262,,
716032233,42,$80K - $120K,5,3981,65,2,3,0,0.0029777945,,
717835908,33,$80K - $120K,3,2730,48,3,0,0,0.06231696,,
719466558,60,Unknown,3,1361,34,2,2,0,0.4692873,,
778663458,65,Less than $40K,3,821,18,2,2,1,0.9980083,,
716024808,57,$80K - $120K,3,938,21,3,2,1,0.9661865,,
713008308,59,Less than $40K,5,1861,42,3,2,0,0.010471739,,
794831733,45,Less than $40K,4,1345,28,3,0,0,0.003052713,,
713854608,62,$60K - $80K,6,2444,63,3,2,0,0.013656302,,
715993608,51,$120K +,6,1686,50,3,3,0,0.056020115,,
789368658,57,$80K - $120K,6,1468,30,2,2,0,0.007866328,,
802817358,38,Unknown,4,2320,51,2,3,0,0.17529549,,
708098133,32,Less than $40K,6,1598,39,1,3,0,0.00026064328,,
801499908,43,Less than $40K,4,1232,31,3,2,0,0.026069611,,
824770683,51,Less than $40K,6,4027,76,4,2,0,0.0013874301,,
718310733,50,$80K - $120K,4,1922,48,3,3,0,0.27233157,,
708162558,64,Unknown,6,1355,36,1,0,0,0.0010636172,,
721129383,53,Less than $40K,3,2361,42,1,0,0,0.3953042,,
721249158,42,$60K - $80K,2,708,14,2,2,1,0.9992281,0.092253424,Low priority
721049658,53,$80K - $120K,6,1687,62,3,3,0,0.014490118,,
806392908,52,Unknown,6,1212,33,2,2,0,0.15686806,,
714886533,60,Less than $40K,4,1752,34,3,0,0,0.00091474096,,
772375533,30,$80K - $120K,5,1560,39,3,3,0,0.001767336,,
826775058,43,Less than $40K,4,1520,36,1,0,0,0.033626202,,
711878733,60,$60K - $80K,3,1685,45,1,2,0,0.008028747,,
714550383,46,$40K - $60K,4,1678,40,3,3,0,0.037032314,,
712636308,65,$40K - $60K,6,1627,26,2,0,0,0.00013470718,,
772139433,44,$40K - $60K,4,1637,61,2,3,0,0.0025297597,,
709058808,56,Less than $40K,6,1707,42,1,3,0,0.0005558968,,
813240408,45,Unknown,4,1208,25,3,3,0,0.0023283893,,
767753958,37,$40K - $60K,6,1881,51,1,3,0,0.00087741605,,
710111733,48,$80K - $120K,5,1360,28,1,2,0,0.0021338349,,
761544333,37,$40K - $60K,4,1641,32,4,0,0,0.0062462417,,
788814783,39,$60K - $80K,4,1820,58,3,2,0,0.013080311,,
715034358,41,$120K +,5,1505,35,2,2,0,0.25052118,,
709624533,55,Less than $40K,5,1627,38,2,0,0,0.0005553145,,
709942383,34,$80K - $120K,5,1703,34,3,3,0,0.0031558194,,
803957508,52,$80K - $120K,6,1433,33,1,2,0,0.031328678,,
713378133,54,Less than $40K,6,2445,60,2,3,0,0.0451261,,
709217358,40,$80K - $120K,5,1665,45,3,3,0,0.0013592559,,
720998358,52,$120K +,3,1489,38,3,2,0,0.06435703,,
721051908,45,$60K - $80K,3,1393,32,1,2,0,0.5282621,,
715232058,61,$40K - $60K,5,1820,42,1,3,0,0.00016563288,,
806250783,57,Less than $40K,6,2742,58,3,3,0,0.1302293,,
817245183,51,$120K +,6,1979,40,2,3,0,0.004776217,,
713670333,60,Less than $40K,5,1378,27,3,2,0,0.0045456975,,
826477083,48,Less than $40K,5,1520,34,1,0,0,0.030066444,,
788728608,34,$40K - $60K,3,1588,36,3,0,0,0.0030252826,,
717190533,49,$60K - $80K,6,1282,32,3,3,0,0.004137729,,
716580033,53,$120K +,3,1872,59,1,3,0,0.00015002111,,
711644508,34,$80K - $120K,3,2295,63,2,3,0,0.0051273713,,
714334383,54,$60K - $80K,6,1065,28,2,3,0,0.0046864776,,
720611058,40,$120K +,4,1550,47,2,2,0,0.09784577,,
712420833,49,Unknown,6,1527,57,3,2,0,0.035832603,,
713845083,41,Less than $40K,6,1489,43,2,0,1,0.7844324,,
713756508,46,Less than $40K,5,1264,30,1,2,0,0.0052942634,,
735565158,46,$60K - $80K,6,1582,38,2,3,0,0.006868805,,
714131058,30,$60K - $80K,3,1567,33,5,2,0,0.06950963,,
717180633,59,$40K - $60K,4,1704,35,2,0,0,0.0028048148,,
717295683,50,$80K - $120K,5,1546,35,2,0,0,0.0016243623,,
713128833,49,$60K - $80K,5,1478,38,3,2,0,0.10337971,,
813499458,45,$60K - $80K,3,2132,31,3,2,1,0.9889444,,
710070183,53,Less than $40K,3,1419,38,2,0,0,0.020695377,,
789605658,42,$40K - $60K,4,1065,27,3,0,0,0.05651107,,
710045058,46,$40K - $60K,5,1364,40,1,2,0,0.010887698,,
710164683,33,$60K - $80K,3,2247,36,1,0,0,0.0017530641,,
710802258,46,Less than $40K,4,1111,26,3,0,0,0.028506558,,
721036233,61,$60K - $80K,4,1836,42,3,2,0,0.0012607499,,
710036508,42,$40K - $60K,5,1164,35,3,2,0,0.14628622,,
717776808,47,Less than $40K,3,2005,54,2,2,0,0.15107566,,
714906033,47,Less than $40K,6,1588,35,2,3,0,0.020356508,,
714273708,53,$40K - $60K,3,2242,49,2,0,0,0.005875618,,
721117533,46,Less than $40K,3,1415,45,3,0,0,0.056771755,,
715374558,26,Less than $40K,5,2483,74,2,2,0,0.002311367,,
824807658,45,$60K - $80K,6,1239,33,3,2,0,0.061493956,,
714940608,36,$40K - $60K,3,2057,53,3,0,0,0.056347243,,
824782008,42,$60K - $80K,5,1228,26,1,2,0,0.11157309,,
717561108,52,$80K - $120K,4,1629,32,3,2,0,0.12139639,,
717127083,37,$120K +,3,2076,58,3,3,0,0.014893192,,
772460508,53,$40K - $60K,3,1231,34,1,2,0,0.0033985707,,
720484908,65,$40K - $60K,5,1655,27,3,3,0,0.0013568334,,
771237933,47,$80K - $120K,4,1477,23,1,2,0,0.0027523742,,
794664183,38,$60K - $80K,3,1501,45,1,0,0,0.0039068325,,
797488158,52,$60K - $80K,5,1313,36,3,3,0,0.0010019466,,
708543258,36,$80K - $120K,5,2045,39,3,0,0,0.00035089356,,
778706508,43,$60K - $80K,3,1448,30,5,2,0,0.14605162,,
712240083,38,Less than $40K,6,858,22,2,0,1,0.9751838,,
713650683,65,Less than $40K,4,1591,37,1,2,0,0.007174008,,
772532208,51,Less than $40K,2,842,24,2,2,1,0.99926,0.22836837,Low priority
778929783,40,$80K - $120K,2,781,28,2,2,1,0.9996094,0.10492811,Low priority
714244383,39,$80K - $120K,4,1529,30,2,2,0,0.00066077703,,
718797558,39,Unknown,3,2422,46,2,2,0,0.06784853,,
712821333,60,$60K - $80K,3,1825,50,3,2,0,0.052739754,,
721120008,43,$40K - $60K,6,1555,29,3,0,0,0.008886369,,
709633533,31,Less than $40K,3,2789,50,2,3,0,0.047937796,,
710789058,55,$120K +,4,1308,41,2,2,0,0.052213784,,
716174433,65,Less than $40K,3,2489,54,3,2,0,0.028391777,,
789886533,54,Less than $40K,3,1110,21,3,2,0,0.06274357,,
715210308,40,Unknown,3,1260,32,3,2,0,0.08780099,,
721038408,38,Less than $40K,4,1741,43,1,3,0,0.030872036,,
713325108,36,$60K - $80K,5,1845,40,3,2,0,0.03579989,,
720352533,43,$60K - $80K,5,1483,38,3,2,0,0.19032483,,
708431433,41,$120K +,3,1463,32,3,2,0,0.0066672983,,
716996583,50,$120K +,3,1734,35,1,0,0,0.00094953773,,
718699683,48,$80K - $120K,6,1733,54,2,3,0,0.085210964,,
771359958,39,$120K +,6,1689,42,2,3,0,0.0049722735,,
716604633,55,$40K - $60K,6,1865,53,2,3,0,0.013115511,,
813952233,44,Less than $40K,5,1413,46,2,2,0,0.03274786,,
713053383,42,$80K - $120K,1,853,12,1,2,1,0.9994617,0.12338785,Low priority
709979583,54,$120K +,3,1999,54,1,3,0,0.07545782,,
709380333,57,$120K +,6,1671,45,2,2,0,0.004621255,,
778574283,53,$40K - $60K,5,2118,64,2,2,0,0.6195878,,
789875883,41,Less than $40K,5,1391,45,1,2,0,0.0739865,,
714661233,39,$120K +,6,1729,52,2,3,0,0.038775463,,
813915933,45,$40K - $60K,3,1393,35,3,0,0,0.013797143,,
708358683,46,$80K - $120K,6,1665,40,3,2,0,0.023527415,,
824761458,54,$80K - $120K,4,2489,62,2,3,0,0.015495723,,
715362183,40,Unknown,3,1688,38,1,2,0,0.16432191,,
721194858,48,$80K - $120K,6,1725,60,2,0,0,0.06195572,,
803595858,56,$40K - $60K,5,594,14,2,2,1,0.98975813,,
716198358,33,$40K - $60K,4,1852,55,2,0,0,0.0025881047,,
714173808,44,Less than $40K,5,1389,34,1,2,0,0.0037550586,,
709465758,62,Less than $40K,3,902,31,1,2,0,0.9941585,,
714081558,33,Unknown,4,1387,31,2,2,0,0.0011617579,,
717364458,36,Less than $40K,6,2053,33,1,3,0,0.00085090735,,
778755858,46,$80K - $120K,5,1881,55,1,0,0,0.029579483,,
710754933,61,Less than $40K,6,840,20,2,2,1,0.9832496,,
720007383,41,Unknown,2,803,15,1,0,1,0.99880075,0.11569914,Low priority
810220833,42,$40K - $60K,3,1562,43,6,2,0,0.008053218,,
718362783,35,$80K - $120K,3,787,21,2,2,1,0.99911135,,
708267858,65,$40K - $60K,5,2098,52,2,2,0,0.0026153428,,
708856983,36,$120K +,2,694,18,1,2,1,0.9979284,0.08816106,Low priority
715588908,42,Less than $40K,3,3132,66,2,3,0,0.002686682,,
772674933,51,$80K - $120K,5,2036,50,3,2,0,0.23685665,,
720148983,54,Less than $40K,5,1724,47,2,0,0,0.00026740582,,
720650208,40,$40K - $60K,3,1561,26,3,2,0,0.019466521,,
769732233,40,$80K - $120K,6,1085,29,2,2,0,0.28947145,,
713030958,57,Less than $40K,6,1964,54,3,3,0,0.58232224,,
711320508,57,$80K - $120K,4,1762,34,2,2,0,0.009850666,,
795795408,53,$40K - $60K,3,1514,47,1,3,0,0.0030210372,,
717904383,40,$80K - $120K,5,1516,44,1,3,0,0.0014311464,,
714115533,28,Less than $40K,5,2591,55,1,0,0,0.002874732,,
712475733,38,Less than $40K,4,1847,39,2,0,0,0.002836271,,
718996758,37,Less than $40K,5,1629,36,2,0,0,0.0001619048,,
713049933,65,Unknown,5,2144,44,2,3,0,0.4914687,,
709961958,58,Unknown,4,1060,32,1,2,1,0.96030366,,
718301508,41,$60K - $80K,6,1457,43,3,2,0,0.006573883,,
714831033,54,$80K - $120K,4,1114,27,1,2,0,0.0017256653,,
710653158,39,Unknown,6,1925,40,1,2,0,0.0021423367,,
721265883,26,Less than $40K,3,2510,44,3,0,0,0.10478742,,
715049583,60,$60K - $80K,5,1169,31,3,2,0,0.015020807,,
715394883,35,Unknown,3,1852,47,2,2,0,0.10260512,,
773448558,46,$80K - $120K,6,1257,34,3,2,0,0.06822522,,
717249783,47,$60K - $80K,5,1931,67,2,0,0,0.007464878,,
708344358,53,Unknown,5,1311,31,1,2,0,0.00290981,,
712003083,55,$80K - $120K,3,1612,33,2,2,0,0.0051052603,,
754282908,50,Less than $40K,3,2022,59,1,2,0,0.02777166,,
717412608,38,$40K - $60K,3,738,16,2,2,1,0.9982109,,
719412258,39,Less than $40K,5,1558,48,3,2,0,0.0077094566,,
788675658,39,Less than $40K,6,1670,37,2,2,0,0.07790501,,
717683583,39,$60K - $80K,4,1388,27,2,2,0,0.0017720701,,
820584408,49,Less than $40K,3,1392,38,3,3,0,0.0027319917,,
719392833,45,Less than $40K,3,1311,34,3,0,0,0.01570272,,
718595583,55,$80K - $120K,3,1777,54,2,3,0,0.035013676,,
778508883,44,$120K +,4,1367,33,1,2,0,0.004345238,,
715511658,49,$40K - $60K,3,1431,27,1,2,0,0.13356927,,
711999783,41,$80K - $120K,4,1406,23,2,2,0,0.007729505,,
753856008,49,$40K - $60K,6,3597,64,1,2,0,0.00083189795,,
789920883,45,Unknown,3,2959,58,3,3,0,0.048047937,,
788677533,44,$120K +,4,1594,43,3,3,0,0.0037419365,,
716284308,65,Unknown,3,1319,34,2,2,0,0.008640701,,
712120608,35,$80K - $120K,3,861,15,2,0,1,0.96393096,,
715482483,26,Unknown,5,2253,59,2,2,0,0.008614656,,
720848733,38,$80K - $120K,4,1815,33,3,2,0,0.036483776,,
708480333,65,$40K - $60K,5,2229,57,2,0,0,0.043230034,,
826723308,58,$120K +,5,1008,21,1,2,0,0.20358606,,
801369258,47,$40K - $60K,6,1757,59,2,3,0,0.005400759,,
709584483,33,Less than $40K,4,1805,44,1,0,0,0.013615909,,
715708308,54,$40K - $60K,3,1338,29,1,0,0,0.0005792359,,
779707308,35,Less than $40K,5,2229,53,1,3,0,0.0010685485,,
711688158,47,$120K +,5,1498,49,3,2,0,0.016209342,,
711848658,35,$60K - $80K,3,1790,31,3,0,0,0.00048020936,,
715855083,48,$80K - $120K,6,2793,67,2,2,0,0.027966589,,
778971408,36,$60K - $80K,5,1968,64,2,0,0,0.004620123,,
711648708,44,$80K - $120K,3,4088,84,3,3,0,0.0013795885,,
713149683,44,Less than $40K,5,1264,31,1,2,0,0.004376349,,
771903033,36,Less than $40K,5,2017,40,1,0,0,0.00158781,,
737925558,64,$40K - $60K,3,1439,42,2,2,0,0.0086685615,,
803347908,34,Less than $40K,4,2327,65,3,3,0,0.0044802744,,
817285758,49,$80K - $120K,5,1721,56,5,2,0,0.29810077,,
711480108,37,$60K - $80K,3,1888,43,1,2,0,0.006012663,,
709662708,65,$40K - $60K,3,1953,61,3,2,0,0.029107193,,
709224858,53,$80K - $120K,5,1652,40,1,2,0,0.0012408491,,
821771508,32,$40K - $60K,5,1939,36,1,0,0,0.005048817,,
712216533,44,$80K - $120K,6,1715,43,2,2,0,0.009859674,,
710522433,65,Less than $40K,3,2372,53,2,0,0,0.17544553,,
779046408,60,$40K - $60K,3,1238,30,2,0,0,0.0071659465,,
708595158,27,Less than $40K,6,2389,43,1,0,0,0.07076539,,
757266933,52,$60K - $80K,4,2431,46,1,2,0,0.5107337,,
816776283,42,$80K - $120K,5,1534,30,1,3,0,0.0002038248,,
719904333,29,$40K - $60K,3,2229,52,3,0,0,0.007976565,,
718264233,29,$40K - $60K,4,2449,56,1,0,0,0.011841252,,
784798683,38,$40K - $60K,3,1999,39,2,2,0,0.66484433,,
710899833,36,$40K - $60K,3,569,23,1,2,1,0.9890531,,
780025908,40,Less than $40K,4,1293,31,2,3,0,0.002338549,,
713610033,47,$60K - $80K,5,1314,40,3,2,0,0.018814476,,
709364433,36,Unknown,6,1571,34,2,0,0,0.001121012,,
713086908,26,$40K - $60K,5,2520,51,2,0,0,0.03418736,,
709793133,43,$40K - $60K,6,1531,37,1,2,0,0.33940643,,
710032608,52,Less than $40K,3,1558,46,1,2,0,0.021906625,,
779351208,49,$60K - $80K,4,1902,56,1,3,0,0.012498761,,
719776608,50,$80K - $120K,3,1388,41,1,2,0,0.50172555,,
709220583,34,$80K - $120K,6,2256,56,4,3,0,0.09013594,,
719555733,53,Unknown,4,1736,42,3,0,0,0.06459434,,
740852733,49,$80K - $120K,4,1685,49,1,3,0,0.0011469655,,
709528308,53,$80K - $120K,4,1876,57,2,2,0,0.118806005,,
715127208,48,$120K +,4,1699,48,3,3,0,0.027224667,,
817144458,32,Less than $40K,5,2580,67,1,0,0,0.06276664,,
710628783,38,$80K - $120K,6,1445,45,1,3,0,0.0010620503,,
772145658,43,$80K - $120K,4,1394,28,1,2,0,0.0010215002,,
739594758,51,Less than $40K,6,818,16,3,0,1,0.9846044,,
789198708,58,$120K +,3,1135,24,1,3,0,0.01664735,,
720953658,59,Less than $40K,5,1824,53,3,3,0,0.0018746852,,
771330558,51,$60K - $80K,5,1267,31,2,2,0,0.017461274,,
714078558,62,$40K - $60K,2,1315,31,1,3,1,0.17478442,0.79202944,Priority
712207683,38,Less than $40K,3,1555,37,3,2,0,0.1677588,,
788826408,33,$120K +,6,2434,58,1,3,0,0.005938248,,
790128033,54,$80K - $120K,3,1302,36,1,2,0,0.008039567,,
718082208,37,$40K - $60K,5,1717,50,3,2,0,0.0046842163,,
712037358,30,$60K - $80K,3,1509,45,3,2,0,0.0019508408,,
711711483,61,$80K - $120K,4,1433,40,1,0,0,0.009094568,,
718861458,49,$60K - $80K,6,1826,37,1,3,0,0.0036603927,,
709426608,56,$60K - $80K,5,2305,45,2,2,0,0.3369129,,
811457058,51,Less than $40K,5,1931,56,3,3,0,0.011564781,,
773073558,44,Less than $40K,6,1731,54,3,0,0,0.08814347,,
715937133,64,$40K - $60K,6,1601,48,2,2,0,0.0069738333,,
713480583,46,Unknown,5,1612,47,2,3,0,0.009629999,,
716383683,39,Less than $40K,4,1338,28,3,2,0,0.17265329,,
713693958,38,Less than $40K,6,1295,29,3,2,0,0.28083083,,
715443708,53,$120K +,5,1385,31,1,2,0,0.001278464,,
770769483,35,$40K - $60K,3,1749,33,1,2,0,0.053173274,,
789326808,26,$60K - $80K,5,1917,37,1,3,0,0.004141407,,
712105533,32,$40K - $60K,6,2905,56,3,0,0,0.01691595,,
720674133,36,$40K - $60K,5,1672,48,3,0,0,0.0005713092,,
779216358,48,$80K - $120K,2,773,17,2,2,1,0.9971118,0.01956976,Low priority
717322833,55,$80K - $120K,5,1578,30,2,2,0,0.008407729,,
710279508,52,$80K - $120K,5,1537,35,3,2,0,0.011563784,,
712168833,52,Less than $40K,6,1426,37,3,0,0,0.009217632,,
780581508,58,$40K - $60K,5,1410,37,2,2,0,0.015969655,,
711957708,38,Less than $40K,6,2064,33,3,0,0,0.0007889971,,
778782858,60,Less than $40K,5,4449,82,3,2,0,0.0010415243,,
712924383,55,$60K - $80K,3,990,22,2,2,1,0.7428864,,
709366458,43,Less than $40K,3,1972,41,2,0,0,0.0034024671,,
796990908,35,$80K - $120K,5,2227,61,3,3,0,0.0012524239,,
715702758,38,Less than $40K,4,1731,29,3,2,0,0.27814218,,
788974608,48,$60K - $80K,5,1561,41,1,0,0,0.0013724784,,
714790008,38,Less than $40K,3,1572,57,2,2,0,0.48845118,,
787438983,43,$40K - $60K,6,1652,37,2,3,0,0.006584617,,
713834358,36,Less than $40K,5,1679,32,3,2,0,0.01458151,,
710084883,34,$80K - $120K,4,2962,57,2,3,0,0.04898464,,
710736558,39,Unknown,4,1794,41,3,2,0,0.0060587567,,
788915283,43,Less than $40K,5,1273,36,1,0,0,0.0011613512,,
714916758,48,$40K - $60K,3,1309,45,3,2,0,0.39296025,,
789611283,44,$40K - $60K,5,1347,30,2,2,0,0.06739388,,
773288958,38,$60K - $80K,6,1592,30,3,2,0,0.015862184,,
811721133,62,$40K - $60K,5,2021,50,3,2,0,0.024473073,,
813961233,30,$80K - $120K,5,2465,88,2,3,0,0.0005738955,,
783020958,39,$80K - $120K,6,1836,46,6,2,0,0.017748574,,
715764483,53,Less than $40K,3,1397,33,2,2,0,0.21517287,,
798110358,64,$40K - $60K,4,1417,35,2,2,0,0.094749905,,
715745508,51,Unknown,3,1564,45,1,3,0,0.0008218274,,
714350658,32,Unknown,6,2979,55,3,2,0,0.022056993,,
826478958,52,$80K - $120K,4,1578,41,3,0,0,0.019953946,,
719127558,43,$80K - $120K,6,3015,65,2,2,0,0.020875983,,
712454958,40,$60K - $80K,6,1539,38,1,0,0,0.00060786994,,
718561458,54,$60K - $80K,4,1306,26,1,2,0,0.008146938,,
822984108,34,Less than $40K,4,2330,69,1,0,0,0.0015115653,,
719469333,33,Less than $40K,6,2456,69,3,2,0,0.005398573,,
720871383,36,$80K - $120K,5,2366,49,3,2,0,0.005696541,,
788827308,65,Less than $40K,6,1793,38,2,2,0,0.006799676,,
710180958,43,$40K - $60K,5,1598,31,2,0,0,0.64468807,,
778346283,53,$120K +,4,1856,57,3,2,0,0.006435818,,
787547208,48,Less than $40K,3,1852,62,3,2,0,0.0021108266,,
714983283,39,Less than $40K,6,862,19,1,3,1,0.9788618,,
789344358,57,Less than $40K,4,1536,42,1,0,0,0.036217686,,
710406633,51,Unknown,3,1168,31,3,2,1,0.88406646,,
767653233,48,$60K - $80K,6,3154,59,1,3,0,0.00080829766,,
719461008,51,$60K - $80K,5,1318,28,3,2,0,0.002313544,,
789731433,26,Less than $40K,4,2602,42,2,0,0,0.076348156,,
775198608,38,Less than $40K,5,1970,40,3,2,0,0.02699911,,
717567333,35,$60K - $80K,6,1661,35,3,0,0,0.0007669657,,
772794108,46,Less than $40K,5,3165,65,1,2,0,0.006396998,,
712072908,48,$80K - $120K,4,1382,40,3,2,0,0.34749007,,
709328733,49,Less than $40K,6,1258,24,3,2,0,0.02142635,,
788107683,35,$40K - $60K,6,1814,43,2,2,0,0.0039042505,,
713757633,65,$40K - $60K,3,1596,42,2,2,0,0.004499672,,
713279808,53,$60K - $80K,6,1816,30,3,3,0,0.0007170393,,
712440483,54,Less than $40K,3,1164,43,1,2,0,0.027505701,,
715078383,64,Unknown,3,1667,47,1,2,0,0.012353036,,
709214358,39,Unknown,3,1362,24,3,0,0,0.0025086268,,
778399008,50,$80K - $120K,3,1598,45,4,2,0,0.46564072,,
811534983,54,Less than $40K,5,1943,47,2,2,0,0.015649583,,
719728383,38,Unknown,4,2228,39,1,3,0,0.0004742773,,
718726833,39,$80K - $120K,4,1665,36,2,2,0,0.02264302,,
780605508,53,$40K - $60K,5,1170,23,1,2,0,0.0009727988,,
719450508,53,$120K +,4,2333,56,3,2,0,0.087903716,,
711213108,32,$80K - $120K,5,2305,60,3,2,0,0.053464673,,
708488208,57,Less than $40K,5,2231,58,3,0,0,0.013436855,,
717206508,65,Less than $40K,3,1543,35,2,0,0,0.0053192396,,
821836008,57,$80K - $120K,5,1233,26,2,2,0,0.0024374782,,
807244983,65,Less than $40K,6,2283,55,1,0,0,0.098827,,
821872758,65,Less than $40K,4,2121,49,2,2,0,0.53277653,,
809959683,55,$80K - $120K,4,1813,52,2,2,0,0.012227026,,
715079208,54,$80K - $120K,4,1401,35,1,2,0,0.023665415,,
767049258,44,$120K +,5,1475,35,3,2,0,0.015169652,,
709579383,58,$80K - $120K,5,1362,26,3,3,0,0.00018229132,,
781923483,53,$40K - $60K,3,2309,62,3,0,0,0.008008425,,
718654533,33,Less than $40K,5,2492,56,2,3,0,0.16357017,,
716169258,47,Less than $40K,3,1468,44,3,2,0,0.025887866,,
713908683,51,$80K - $120K,6,1381,33,2,2,0,0.006755354,,
708212658,38,Less than $40K,6,1799,47,3,0,0,0.0016675569,,
756013833,57,$80K - $120K,3,1806,38,2,2,0,0.0077733323,,
719358333,36,$40K - $60K,3,1663,33,1,2,0,0.30220285,,
713735508,35,$80K - $120K,3,1986,36,1,3,0,0.15703867,,
805259733,55,Unknown,6,1731,46,1,2,0,0.74078405,,
738749733,57,Unknown,4,1390,30,3,2,0,0.020953018,,
814833408,56,$60K - $80K,3,1741,45,3,2,0,0.17800806,,
719182308,38,Less than $40K,6,1559,49,1,0,0,0.0011586165,,
818497758,54,Less than $40K,4,1343,37,1,0,0,0.0015136473,,
719518308,48,$80K - $120K,5,1390,23,2,2,0,0.04595751,,
709991883,53,$80K - $120K,2,938,35,1,2,1,0.95609695,0.26937783,Low priority
770901258,30,Less than $40K,3,2558,44,1,0,0,0.0303899,,
711499158,47,$80K - $120K,4,3018,60,3,2,0,0.061733946,,
720445533,60,Less than $40K,4,1276,21,3,2,0,0.0073235095,,
809951133,54,$120K +,3,2115,24,2,2,1,0.8646854,,
714657108,37,Less than $40K,5,2660,51,2,2,0,0.009041954,,
789048858,32,Less than $40K,5,2115,59,2,0,0,0.020740062,,
771816408,44,Less than $40K,5,2955,66,4,3,0,0.011340945,,
798158808,53,$40K - $60K,5,2017,47,3,2,0,0.14043947,,
787685658,43,$80K - $120K,4,1448,30,3,0,0,0.0011552254,,
720141408,49,Less than $40K,5,1096,27,1,2,1,0.8471422,,
788699808,38,Unknown,4,1538,43,1,3,0,0.12872109,,
708216108,56,$40K - $60K,5,2250,39,1,2,0,0.00089413923,,
715074258,26,$40K - $60K,5,2067,42,3,2,0,0.12513144,,
771653583,58,$60K - $80K,3,1276,25,2,2,0,0.0024392132,,
717374358,33,$60K - $80K,3,2161,56,3,0,0,0.0011704526,,
720836808,35,$80K - $120K,4,2260,68,2,3,0,0.0010711893,,
818701383,37,$60K - $80K,6,1641,45,2,0,0,0.00066175865,,
717277833,27,Unknown,6,2294,45,2,0,0,0.052347485,,
778137108,43,$80K - $120K,6,1860,47,1,2,0,0.3208553,,
720973833,49,$60K - $80K,5,2872,62,3,3,0,0.101843104,,
768490458,49,$80K - $120K,1,961,32,3,2,1,0.99561065,0.61405724,Priority
751487358,39,Less than $40K,5,1765,40,6,2,0,0.2403671,,
712742808,41,Less than $40K,5,1184,21,3,2,0,0.048553012,,
712820208,32,Less than $40K,5,2141,56,2,0,0,0.0092715565,,
794649858,58,Less than $40K,3,1287,37,3,0,0,0.027796479,,
755262933,56,$60K - $80K,5,1446,38,3,2,0,0.0776515,,
709541433,37,Less than $40K,3,1555,45,3,0,0,0.044647615,,
820622433,39,$120K +,4,2006,58,2,0,0,0.0050012544,,
712586583,26,$40K - $60K,6,2152,50,3,0,0,0.025391258,,
709816158,31,Unknown,4,2183,60,3,3,0,0.016529836,,
712196508,46,Unknown,4,1015,27,3,2,1,0.90703255,,
767269908,36,$120K +,6,2973,63,3,3,0,0.006642481,,
710927733,39,$80K - $120K,6,1687,35,2,0,0,0.0019919758,,
711310908,53,Less than $40K,4,2552,62,1,0,0,0.005207767,,
788862333,38,Less than $40K,6,1527,32,2,2,0,0.06718726,,
713194608,37,Less than $40K,6,2171,58,3,0,0,0.003624219,,
793550958,47,Less than $40K,5,1501,40,3,2,0,0.1878206,,
712607583,56,$80K - $120K,3,2395,50,3,2,0,0.031164374,,
713921058,55,Less than $40K,6,1337,25,2,2,0,0.0043543456,,
709183683,31,Less than $40K,4,1971,56,2,3,0,0.06380425,,
713407458,62,Unknown,5,3946,74,2,0,0,0.00085146126,,
715241583,34,$120K +,3,1870,45,2,2,0,0.03948454,,
710475408,33,$60K - $80K,5,2171,35,2,3,0,0.00041887234,,
708971583,38,Less than $40K,3,1472,37,3,0,0,0.004805427,,
714547458,65,$40K - $60K,3,1941,51,3,2,0,0.5482337,,
827631483,57,$80K - $120K,3,2053,55,2,2,0,0.11479617,,
711159108,58,Less than $40K,3,911,26,2,3,1,0.987518,,
789262683,60,$40K - $60K,4,1315,23,3,2,0,0.09752318,,
712940508,39,$40K - $60K,3,1896,50,1,3,0,0.0010959719,,
789733008,39,Unknown,6,2938,63,2,3,0,0.0027485602,,
714703158,39,Less than $40K,6,2017,43,2,0,0,0.07245826,,
710255208,60,Less than $40K,4,1969,41,2,2,0,0.13247514,,
779236083,37,Less than $40K,5,2420,50,1,3,0,0.09983556,,
713438358,41,Unknown,3,1768,56,1,3,0,0.018309336,,
715973583,56,$120K +,6,1378,30,3,2,0,0.057106398,,
794113758,60,$60K - $80K,6,1821,55,1,2,0,0.0027810996,,
709452633,56,Less than $40K,3,2027,49,1,3,0,0.016724892,,
788210583,62,$40K - $60K,3,1843,49,3,2,0,0.21556175,,
717784983,41,Less than $40K,3,1536,39,3,2,0,0.00598016,,
786557358,44,Less than $40K,5,1424,37,2,2,0,0.36520466,,
768460908,59,$40K - $60K,3,1551,32,3,2,0,0.12573981,,
718899708,55,Unknown,6,2148,54,3,3,0,0.051570363,,
714697533,26,$60K - $80K,6,2344,48,3,2,0,0.0148737,,
713206683,40,$80K - $120K,3,1028,26,1,2,1,0.9699499,,
708679383,44,Less than $40K,5,1775,55,1,3,0,0.0012642503,,
713067033,37,Unknown,5,2539,50,3,3,0,0.04733369,,
789314133,37,$60K - $80K,6,1754,45,3,2,0,0.010206158,,
713956308,65,Less than $40K,4,1894,56,2,0,0,0.0137498,,
711595833,46,$60K - $80K,5,1456,30,2,2,0,0.009678695,,
779521533,53,$120K +,5,1978,33,3,2,0,0.0036980973,,
715225458,56,Less than $40K,6,1867,53,3,2,0,0.009032593,,
716487408,48,$40K - $60K,3,1637,43,1,0,0,0.0033498358,,
719338383,34,$120K +,3,1836,50,3,2,0,0.01734721,,
710523333,65,Less than $40K,6,1416,27,3,0,0,0.0008877,,
787489083,55,$80K - $120K,6,1887,32,2,2,0,0.021382274,,
720747633,32,$40K - $60K,3,1931,48,2,2,0,0.031122385,,
779480658,58,Unknown,3,1754,44,3,2,0,0.06068564,,
711498258,54,$120K +,6,1266,34,3,2,0,0.008168065,,
709316433,52,$60K - $80K,6,1630,43,1,3,0,0.00071554055,,
778734108,36,$60K - $80K,4,1758,42,5,0,0,0.015594579,,
778388358,56,$60K - $80K,2,870,24,2,2,1,0.99753356,0.26168913,Low priority
716773533,33,$60K - $80K,5,1712,48,1,0,0,0.00032291395,,
822130683,61,$80K - $120K,4,1114,34,2,2,0,0.017925544,,
717268458,61,$60K - $80K,4,1952,50,3,2,0,0.029574078,,
827888433,43,$40K - $60K,5,2089,60,2,3,0,0.02597809,,
716522583,48,Less than $40K,4,1362,33,3,2,0,0.059444457,,
789415983,36,$60K - $80K,4,1888,42,3,2,0,0.019809328,,
719819958,34,$40K - $60K,5,2243,43,1,2,0,0.022575008,,
769579608,53,Less than $40K,3,3795,70,6,0,0,0.0018129393,,
772353408,43,$40K - $60K,4,1441,43,3,2,0,0.057979457,,
716615583,61,Less than $40K,3,1834,59,3,0,0,0.008443183,,
781131483,55,$80K - $120K,3,2170,51,1,2,0,0.0016979211,,
719101908,51,Unknown,4,1585,40,3,0,0,0.045890987,,
720521808,38,$80K - $120K,6,1484,36,3,3,0,0.0041465983,,
718136283,52,$80K - $120K,3,1541,29,1,2,0,0.053621866,,
778855383,36,Less than $40K,3,1975,40,1,2,0,0.24317947,,
779722308,45,$40K - $60K,5,1044,28,2,2,1,0.9661532,,
818926833,34,$40K - $60K,4,1944,42,1,3,0,0.13527884,,
721217283,27,$120K +,6,2094,36,2,2,0,0.03331323,,
717167283,49,Less than $40K,4,1846,56,1,2,0,0.06928197,,
713371233,43,Less than $40K,5,3320,55,1,3,0,0.003368938,,
778426608,52,$80K - $120K,4,1805,53,3,0,0,0.03710394,,
713823033,31,Unknown,3,808,30,1,2,1,0.99855393,,
787515333,40,$80K - $120K,3,820,21,2,2,1,0.9578578,,
710944608,39,$80K - $120K,6,1414,27,2,2,0,0.003603995,,
718444233,45,$60K - $80K,3,1649,59,3,2,0,0.015212183,,
771099183,37,Less than $40K,5,2497,74,2,3,0,0.0037015053,,
770241333,49,Less than $40K,3,2104,44,1,2,0,0.053181473,,
710819733,56,$120K +,5,903,29,1,3,1,0.98167557,,
772155108,62,Less than $40K,6,1445,38,3,2,0,0.1162877,,
798796233,37,$40K - $60K,5,1724,24,3,0,0,0.0073575987,,
815472108,42,$40K - $60K,3,1300,31,3,2,0,0.1580019,,
769145733,36,$60K - $80K,3,2688,60,4,0,0,0.043753177,,
783364233,59,$40K - $60K,3,1798,45,2,2,0,0.27075788,,
772236108,40,Unknown,5,1489,29,1,2,0,0.009163417,,
715640358,43,$40K - $60K,6,1334,40,3,2,0,0.20931652,,
713529858,29,$40K - $60K,6,2492,71,2,3,0,0.0025880889,,
715684308,42,$40K - $60K,6,1395,43,2,3,0,0.0022632913,,
709451508,63,Unknown,6,1191,28,1,2,0,0.01732035,,
709204158,36,Less than $40K,5,2331,56,2,2,0,0.1257112,,
713182458,53,$80K - $120K,3,1288,29,1,2,0,0.030645808,,
710624658,36,Less than $40K,4,3040,56,2,3,0,0.003174665,,
716355783,36,$60K - $80K,5,1999,44,2,2,0,0.57896024,,
716793108,26,Less than $40K,4,2334,61,1,0,0,0.005989558,,
716162583,45,Less than $40K,6,1931,57,2,0,0,0.3810986,,
714051033,55,Less than $40K,6,1967,40,2,2,0,0.15570389,,
715007583,61,Unknown,4,3193,62,2,3,0,0.0042012585,,
719139558,26,Less than $40K,4,2514,64,3,2,0,0.003313824,,
794632308,40,$60K - $80K,5,1504,35,3,2,0,0.18034774,,
770662383,38,$40K - $60K,6,1399,36,3,2,0,0.011695429,,
714787383,32,Unknown,5,1731,41,3,2,0,0.021393796,,
714700158,53,$60K - $80K,3,1309,40,2,2,0,0.0070520425,,
710581758,52,$40K - $60K,6,1309,30,2,3,0,0.011780684,,
720497958,29,$80K - $120K,5,1800,41,3,2,0,0.021602096,,
720920058,38,$60K - $80K,3,2935,62,3,2,0,0.001997127,,
710872233,27,$40K - $60K,5,2280,49,1,3,0,0.015667744,,
709855608,46,Less than $40K,3,1114,33,3,2,0,0.11861067,,
815484783,57,$60K - $80K,6,1797,44,4,3,0,0.0049637523,,
771602883,42,$80K - $120K,4,1776,44,5,2,0,0.032928236,,
755953308,62,$40K - $60K,6,1194,30,1,0,0,0.0016211115,,
758408883,37,$40K - $60K,5,1921,37,3,2,0,0.0030124092,,
717940008,57,$40K - $60K,5,3228,67,2,0,0,0.0045435163,,
720917808,35,$40K - $60K,5,2623,74,3,0,0,0.024249095,,
812801958,55,Less than $40K,5,2425,54,3,2,0,0.26016608,,
714997683,56,Unknown,5,1388,35,1,2,0,0.0017545033,,
709379283,39,$60K - $80K,3,1697,40,1,3,0,0.009722712,,
711840408,64,Less than $40K,5,1375,30,3,2,0,0.008882607,,
785328408,37,Less than $40K,5,2013,41,2,0,0,0.16546376,,
719873808,34,$60K - $80K,3,1995,53,2,2,0,0.061365392,,
715528983,46,$60K - $80K,3,1466,41,1,3,0,0.0012151923,,
720254883,65,$40K - $60K,6,2494,58,1,3,0,0.00659513,,
811980858,36,$60K - $80K,5,1501,35,1,3,0,0.0154269505,,
711330408,35,$40K - $60K,4,2077,47,1,0,0,0.0055365846,,
718465458,49,$80K - $120K,6,1002,21,1,3,0,0.01842234,,
710616183,46,Unknown,5,1879,34,3,2,0,0.5929319,,
714580158,26,$40K - $60K,6,3567,73,1,0,0,0.00010661516,,
710798883,52,$60K - $80K,4,1599,47,2,0,0,0.0036809668,,
720511608,38,Unknown,5,1989,33,3,2,0,0.2295243,,
708913233,37,$40K - $60K,3,1802,34,4,2,0,0.073589504,,
788038383,33,Less than $40K,3,2440,48,2,0,0,0.0039263037,,
719905908,59,$60K - $80K,4,1505,31,3,2,0,0.006787273,,
807044958,34,$40K - $60K,6,2171,45,3,3,0,0.0022900868,,
719514783,39,Unknown,6,1292,37,1,0,0,0.06904718,,
787643658,59,$60K - $80K,6,1422,30,1,2,0,0.0026163878,,
779138883,50,$60K - $80K,6,1673,44,3,2,0,0.37280524,,
708173433,26,$40K - $60K,4,2482,57,2,0,0,0.08334737,,
778401033,32,$60K - $80K,3,1659,39,3,3,0,0.0025987048,,
818375733,51,$40K - $60K,3,1544,44,1,2,1,0.65940756,,
711048783,41,$80K - $120K,3,1345,34,3,2,0,0.39660278,,
721415658,39,$40K - $60K,3,2901,59,1,0,0,0.0013601778,,
717961458,49,Less than $40K,5,3396,64,1,0,0,0.00079999026,,
718563483,30,$120K +,3,2611,64,2,2,0,0.26699126,,
717128283,40,Less than $40K,5,2305,33,2,0,0,0.2642845,,
718068933,36,Less than $40K,5,2155,61,2,2,0,0.008087734,,
718623783,56,$120K +,6,1535,38,3,2,0,0.008591056,,
716565258,37,$80K - $120K,5,2526,54,2,2,0,0.85076433,,
712505658,51,Less than $40K,3,1766,45,1,2,0,0.0030965514,,
792565908,36,Less than $40K,6,2346,51,2,0,0,0.051368278,,
709267308,62,$80K - $120K,3,1651,32,1,0,0,0.0012475698,,
710035008,31,Less than $40K,3,2491,64,2,0,0,0.016217815,,
790082508,42,$120K +,5,2935,65,2,3,0,0.007499489,,
716866308,38,$60K - $80K,6,1872,34,3,3,0,0.0010601035,,
709707033,45,$60K - $80K,2,1424,38,3,2,1,0.8036355,0.6040106,Priority
718346658,50,Less than $40K,3,1861,51,2,0,0,0.02845257,,
824157858,58,$80K - $120K,4,1524,42,3,2,0,0.009653207,,
709735008,35,$80K - $120K,3,1920,34,1,2,0,0.009031863,,
814593858,58,$120K +,4,1468,34,1,2,0,0.0009543452,,
718416858,42,$60K - $80K,3,1903,40,3,2,0,0.11006371,,
710307933,32,Less than $40K,3,2471,60,3,0,0,0.12979792,,
715870758,35,$120K +,4,2350,55,3,2,0,0.03138654,,
713819283,51,$80K - $120K,6,3002,58,2,3,0,0.12745412,,
710424408,63,Less than $40K,5,1210,25,2,0,0,0.0009363305,,
709493283,42,$120K +,5,1289,36,2,2,0,0.044311352,,
712489158,36,Unknown,5,2781,59,3,3,0,0.04124114,,
719013108,42,$40K - $60K,4,4605,86,2,0,0,0.0009818858,,
721178583,37,Unknown,2,1096,29,3,2,1,0.9880824,0.17100233,Low priority
717769008,38,$80K - $120K,5,2493,44,3,2,0,0.008923213,,
709986633,29,$40K - $60K,3,2144,41,1,2,0,0.3566877,,
721062408,54,$40K - $60K,4,1294,26,3,2,0,0.038514923,,
771349458,33,$40K - $60K,4,1914,46,3,2,0,0.0025412042,,
780557658,63,Unknown,5,1395,37,3,2,0,0.08085221,,
771441558,49,$60K - $80K,5,2073,47,3,0,0,0.102207154,,
756409758,44,Less than $40K,4,1433,38,5,0,0,0.008783895,,
720009558,33,Unknown,3,2574,72,1,3,0,0.0019498476,,
778885158,57,$80K - $120K,5,1392,33,3,0,0,0.009840327,,
715543908,52,Less than $40K,4,1352,37,3,2,0,0.02159785,,
717591483,52,Less than $40K,4,1924,48,1,0,0,0.0016636676,,
715042608,39,Unknown,5,2742,42,2,3,0,0.008680453,,
755959683,50,Unknown,5,1296,31,1,0,0,0.017575063,,
715367058,43,$60K - $80K,5,1780,44,2,2,0,0.15582216,,
714573258,36,$60K - $80K,4,2229,45,2,0,0,0.67769396,,
712281183,55,$120K +,4,1425,33,2,2,0,0.0053793783,,
717670758,30,Less than $40K,5,2523,71,2,3,0,0.0030767268,,
720666333,36,$120K +,6,1897,39,3,2,0,0.1707469,,
771556308,26,Less than $40K,6,2255,48,3,2,0,0.024733637,,
708931908,48,$40K - $60K,3,1568,51,2,2,0,0.36660984,,
718894233,53,$40K - $60K,6,2116,63,2,2,0,0.016241476,,
771544533,42,Unknown,3,1015,36,1,2,1,0.97688144,,
708927108,53,$120K +,1,1133,28,3,2,1,0.97745574,0.31061777,Low priority
717831783,58,Less than $40K,3,1371,38,3,2,0,0.061596394,,
709288383,32,$80K - $120K,5,2337,69,1,3,0,0.0019417604,,
710813733,48,$60K - $80K,5,1546,41,3,2,0,0.41695154,,
721084833,48,$40K - $60K,5,1682,39,0,3,0,0.0077005355,,
711258108,54,$120K +,4,1419,36,3,0,0,0.0040562134,,
710149008,59,Less than $40K,6,2139,70,3,2,0,0.008360663,,
711902058,35,$60K - $80K,3,2492,55,3,3,0,0.117042735,,
716757033,37,$40K - $60K,5,3045,56,1,2,0,0.0023769282,,
712688433,36,$120K +,3,2406,65,2,0,0,0.00777576,,
713203908,26,$40K - $60K,4,1833,27,1,0,0,0.0036729435,,
711772008,35,Less than $40K,1,1483,36,2,2,1,0.9444378,0.44853652,Test
708799983,40,$60K - $80K,6,1698,43,3,2,1,0.9125961,,
778882758,55,Unknown,5,1935,47,5,0,0,0.0038710714,,
709157133,39,$80K - $120K,6,1514,51,1,3,0,0.0015565605,,
741344808,39,Less than $40K,4,2905,63,2,0,0,0.0025128461,,
739692933,46,$40K - $60K,4,1638,41,2,0,0,0.058454525,,
766429908,49,$60K - $80K,6,1640,37,1,3,0,0.0010542826,,
802087683,32,$60K - $80K,6,2456,55,2,2,0,0.007787869,,
712491108,35,$80K - $120K,6,2601,52,3,2,0,0.010759664,,
714767508,39,$40K - $60K,5,2279,33,3,3,0,0.00067481725,,
720376008,53,Less than $40K,6,2043,52,2,2,0,0.04991874,,
779126658,26,$40K - $60K,5,2312,61,1,3,0,0.032202117,,
793222008,32,$60K - $80K,5,2056,49,2,2,0,0.0079922015,,
720812433,54,$120K +,6,1693,37,1,3,0,0.014124883,,
717623583,36,Less than $40K,4,2668,51,2,0,0,0.090901725,,
708878508,45,Less than $40K,4,1732,35,1,0,0,0.0032355448,,
710043408,49,$80K - $120K,4,1916,58,1,2,0,0.0016319691,,
789079758,44,$120K +,3,1531,48,2,2,0,0.0021187328,,
721311333,32,Unknown,3,2413,41,1,2,0,0.001870278,,
710749458,64,Less than $40K,4,1523,35,1,2,0,0.0015258125,,
778275783,37,Less than $40K,5,2909,64,1,0,0,0.0036080778,,
799498158,31,$60K - $80K,5,1642,36,1,0,0,0.0009346785,,
716334258,49,$40K - $60K,5,1834,43,1,3,0,0.0009146869,,
716075208,32,Less than $40K,4,1874,38,2,2,0,0.013858252,,
780276258,53,$120K +,3,1452,37,2,2,0,0.09265542,,
789282333,62,Unknown,3,1355,34,3,2,0,0.010550788,,
811571733,26,Unknown,4,2625,45,2,0,0,0.024458114,,
709429533,49,Unknown,6,2047,41,3,2,0,0.23485449,,
715247508,30,Less than $40K,3,1712,37,2,2,0,0.014960473,,
718784358,34,$120K +,6,1969,46,3,3,0,0.009149331,,
751450008,41,$40K - $60K,3,1720,42,2,2,0,0.2544565,,
719227233,27,Less than $40K,3,1954,43,3,2,0,0.13918161,,
711050058,33,$40K - $60K,4,1644,45,2,2,0,0.042927664,,
779040408,56,$120K +,3,1478,33,1,2,0,0.0030127845,,
714024858,36,$80K - $120K,3,1739,35,1,3,0,0.02646812,,
789849108,35,$60K - $80K,6,2290,62,1,3,0,0.026480317,,
710391258,27,$40K - $60K,3,2147,41,2,2,0,0.1067078,,
718830183,46,$60K - $80K,5,1339,29,2,2,0,0.35758403,,
779696883,48,$60K - $80K,4,1825,31,2,2,0,0.09228282,,
719249733,54,$80K - $120K,6,1676,41,2,3,0,0.0016008455,,
737971833,38,$60K - $80K,6,2503,40,3,0,0,0.0607486,,
772468983,36,$80K - $120K,3,1946,37,4,2,0,0.030048642,,
710990283,56,$80K - $120K,4,1839,33,1,0,0,0.0014654093,,
808750458,32,$60K - $80K,5,2192,58,3,2,0,0.061090276,,
719692983,36,$60K - $80K,3,2747,42,3,2,0,0.16451876,,
719125158,35,Less than $40K,5,2685,71,2,3,0,0.002156371,,
787509408,26,Unknown,6,2595,56,3,2,0,0.041431505,,
719206308,32,$60K - $80K,4,1657,38,2,2,0,0.004276775,,
717141858,56,$40K - $60K,4,3151,67,1,3,0,0.002342818,,
713172408,54,$80K - $120K,4,1440,37,2,2,0,0.00620882,,
720314583,54,$80K - $120K,4,1273,33,1,2,0,0.0023637963,,
708347583,37,Less than $40K,4,1804,38,1,2,0,0.0057274136,,
711006783,38,Less than $40K,3,1200,28,3,0,0,0.054511424,,
718274283,35,$60K - $80K,5,2469,67,1,3,0,0.021278586,,
803977008,39,$60K - $80K,6,1715,35,2,3,0,0.0005165957,,
715216908,48,$80K - $120K,6,1486,32,3,2,0,0.17397824,,
779611008,29,$40K - $60K,4,1885,55,3,2,0,0.016926747,,
811467708,33,$80K - $120K,4,2390,62,2,3,0,0.0075607616,,
812597508,39,$40K - $60K,6,2153,58,5,0,0,0.13376327,,
718651083,35,Unknown,4,2461,68,1,3,0,0.005756422,,
708577308,43,Less than $40K,4,1569,39,2,0,0,0.0020558487,,
813990483,27,Less than $40K,4,1662,32,1,0,0,0.0021937296,,
816319008,52,Unknown,6,1901,33,3,2,0,0.0067879963,,
789627258,31,$40K - $60K,5,2498,60,3,0,0,0.019750737,,
713346558,45,$60K - $80K,5,1900,28,2,2,0,0.21204236,,
708744933,35,$60K - $80K,4,1859,33,2,2,0,0.005540183,,
708828258,55,$120K +,5,1327,30,2,2,0,0.012526499,,
713511108,61,$40K - $60K,5,1397,43,3,2,0,0.034395706,,
710208633,37,Less than $40K,5,1773,42,2,0,0,0.0049828184,,
824165658,38,$80K - $120K,4,1388,27,1,3,0,0.0012226746,,
826513233,54,Less than $40K,6,2069,54,2,0,0,0.68346417,,
788789658,40,$80K - $120K,6,1471,37,1,2,0,0.0018955934,,
717837858,47,$120K +,3,2902,64,1,3,0,0.0016152383,,
709382958,55,$40K - $60K,6,1017,25,1,2,0,0.025376517,,
716253858,37,$80K - $120K,2,1740,43,1,2,0,0.08704618,0.6561377,Priority
713725683,36,Less than $40K,6,2614,79,3,0,0,0.0007652799,,
710364258,53,Unknown,4,2135,48,2,3,0,0.0012197184,,
816033783,26,$60K - $80K,6,2099,34,2,2,0,0.052712508,,
715065483,45,Less than $40K,4,1914,45,3,2,0,0.21027339,,
718751133,36,Less than $40K,4,1670,30,1,0,0,0.004639954,,
713983308,60,$60K - $80K,5,1233,35,1,2,0,0.0023783953,,
718418958,30,Less than $40K,6,1309,38,2,2,1,0.2775894,,
779367858,39,$60K - $80K,5,3014,58,3,2,0,0.012110976,,
711285633,33,Unknown,6,3306,71,1,0,0,0.00015331995,,
714974658,48,Less than $40K,6,1219,35,1,0,0,0.0010674752,,
716374308,39,$60K - $80K,4,1897,50,3,0,0,0.0004655675,,
713416233,38,$80K - $120K,5,1841,46,2,0,0,0.016016014,,
797643708,47,$120K +,3,1772,53,1,2,0,0.004991855,,
808292958,26,Less than $40K,6,2546,40,2,2,0,0.03382018,,
719831958,49,$120K +,5,1793,44,2,2,0,0.13989463,,
708860358,38,$80K - $120K,4,1499,31,2,3,0,0.007689649,,
717385983,30,Less than $40K,6,1645,30,6,2,0,0.019310214,,
719049033,53,$120K +,5,2073,60,6,2,0,0.067106836,,
717581658,49,$60K - $80K,4,1729,35,1,0,0,0.00026770707,,
714347508,35,$60K - $80K,4,2423,74,3,3,0,0.002618778,,
803833608,40,$40K - $60K,4,1322,38,1,2,0,0.042221114,,
712576908,30,$60K - $80K,5,1819,24,2,2,0,0.0016091182,,
778511733,42,$40K - $60K,6,1634,44,3,3,0,0.013936694,,
721464783,62,Less than $40K,3,2094,47,2,0,0,0.094722055,,
821179233,50,$40K - $60K,1,1554,43,3,2,1,0.9880348,0.5450184,Test
713126733,56,$120K +,6,1220,30,2,3,0,0.0061483546,,
719688408,45,$80K - $120K,6,3530,68,2,3,0,0.001166334,,
779811183,35,Less than $40K,4,1581,30,1,0,0,0.0016887231,,
771086208,57,Less than $40K,3,1629,43,4,2,0,0.20495564,,
715217733,33,Unknown,5,2154,61,1,2,0,0.008989,,
813752433,43,Less than $40K,5,2449,27,2,2,1,0.9723812,,
711876333,53,$80K - $120K,5,1312,29,1,2,0,0.0069033704,,
715256658,50,$60K - $80K,5,3382,58,3,3,0,0.004865865,,
711329658,30,$120K +,3,1925,42,1,2,0,0.035097897,,
710227908,37,Less than $40K,3,2837,74,2,2,0,0.0028590085,,
716362008,37,$40K - $60K,3,1744,35,3,0,0,0.00640811,,
714939708,45,$80K - $120K,6,3174,74,1,3,0,0.00015955507,,
708083283,58,$40K - $60K,3,992,21,1,2,1,0.97715193,,
719431608,63,$40K - $60K,6,1291,24,1,2,0,0.0015676155,,
769411758,43,$60K - $80K,4,1518,39,3,2,0,0.0360844,,
714248733,26,Unknown,4,2272,46,1,3,0,0.012186996,,
804481608,37,Less than $40K,6,2825,60,3,3,0,0.13772818,,
714631833,53,$60K - $80K,3,1587,38,2,2,0,0.013367557,,
769751958,55,$120K +,3,2235,57,2,2,0,0.1914424,,
717999183,36,$60K - $80K,6,2275,58,3,0,0,0.0026580973,,
713075283,51,$120K +,5,1818,51,1,3,0,0.004022138,,
711561108,36,$80K - $120K,6,2733,71,1,3,0,0.001140921,,
709854483,35,Unknown,5,2442,62,3,0,0,0.017300574,,
713630733,34,Less than $40K,5,2617,54,3,3,0,0.0737491,,
717599283,57,$60K - $80K,3,1844,49,1,3,0,0.001365273,,
806407308,54,Unknown,6,2047,33,2,2,1,0.93174165,,
712730583,29,$60K - $80K,5,1842,50,2,3,0,0.00069092854,,
712142733,37,Less than $40K,5,2028,39,3,0,0,0.014518917,,
720153258,53,Less than $40K,6,3095,62,3,2,0,0.014845841,,
814086333,36,$40K - $60K,6,1685,44,2,2,0,0.010915097,,
715524708,49,$40K - $60K,4,1502,31,2,3,0,0.0013103993,,
713307708,64,$40K - $60K,6,1541,37,3,0,0,0.029710265,,
714069858,53,$60K - $80K,4,1677,45,3,0,0,0.18192704,,
712789383,52,$120K +,6,2048,59,1,2,0,0.005107244,,
787983633,35,Less than $40K,6,2072,33,1,0,0,0.00083387166,,
758583708,37,Less than $40K,2,1406,28,1,2,1,0.98523444,0.14278494,Low priority
717130383,50,$60K - $80K,4,1386,30,3,2,0,0.07009105,,
720770883,65,Less than $40K,5,2249,61,3,2,0,0.79874295,,
716797758,53,Less than $40K,3,1670,33,2,2,0,0.5617551,,
713835258,53,$120K +,3,1561,40,2,0,0,0.03168776,,
720677733,40,$80K - $120K,6,2579,68,3,3,0,0.0016493895,,
718587858,39,$60K - $80K,3,1642,39,1,2,0,0.009623903,,
710263608,53,Unknown,4,2156,46,2,2,0,0.5161188,,
715055433,36,$60K - $80K,6,2004,44,3,0,0,0.01338832,,
715498308,35,$40K - $60K,4,1575,41,3,2,0,0.009310206,,
708099183,37,Less than $40K,4,2732,63,2,3,0,0.008531543,,
716452908,36,Less than $40K,4,2246,44,2,3,0,0.11095563,,
789959283,39,$80K - $120K,4,1602,40,3,0,0,0.0026478563,,
713536158,65,Less than $40K,5,1597,31,3,2,0,0.020201806,,
716750358,45,Less than $40K,4,3483,82,1,3,0,0.00017509391,,
815299833,38,Less than $40K,5,2334,61,2,0,0,0.0017748128,,
721003008,36,Less than $40K,3,856,18,2,2,1,0.99623007,,
779883933,40,Less than $40K,3,1596,34,3,2,0,0.008827357,,
716612958,35,$40K - $60K,6,1830,36,1,2,0,0.0013487764,,
715859058,54,$120K +,6,1369,37,3,2,0,0.01679225,,
772031733,40,$80K - $120K,5,2603,56,1,3,0,0.0018211085,,
720668358,59,$40K - $60K,3,1776,36,3,2,0,0.07129193,,
778708533,26,$40K - $60K,2,869,27,2,0,1,0.9995945,0.284256,Low priority
719649408,46,$60K - $80K,6,1390,44,3,2,0,0.01286915,,
715457658,29,Unknown,3,1757,48,3,0,0,0.09621369,,
711934308,38,$40K - $60K,5,3342,62,2,3,0,0.04038289,,
781326483,31,$60K - $80K,6,2457,58,1,3,0,0.01750365,,
712557708,35,$60K - $80K,5,2274,61,2,3,0,0.004014613,,
789187908,56,$80K - $120K,4,1448,36,2,3,0,0.00075732043,,
773297508,34,$80K - $120K,3,1544,36,1,2,0,0.0019798581,,
716529258,42,$80K - $120K,5,1591,35,3,2,0,0.096958116,,
708242283,29,$60K - $80K,5,3253,80,3,3,0,0.0011956585,,
789247458,32,$40K - $60K,6,2467,54,2,0,0,0.045529153,,
717100833,37,Less than $40K,6,1401,31,6,2,0,0.043438625,,
716870583,36,Less than $40K,6,2853,55,5,0,0,0.034156382,,
719999508,37,$60K - $80K,3,2438,45,1,3,0,0.011082106,,
721236408,38,$80K - $120K,5,1655,41,3,2,0,0.06933326,,
720122808,52,$60K - $80K,4,797,14,4,2,1,0.997498,,
716882658,62,Less than $40K,6,2141,55,2,2,0,0.024833713,,
713734758,35,Unknown,4,2080,50,2,2,0,0.19833875,,
709085358,36,$60K - $80K,3,2542,67,3,0,0,0.007691228,,
715785933,54,$80K - $120K,4,1636,58,3,0,0,0.00048078666,,
717159858,27,$60K - $80K,5,2319,61,2,0,0,0.0050516007,,
713259858,26,$40K - $60K,3,982,22,1,2,1,0.96867824,,
787516908,56,Less than $40K,4,1880,58,3,0,0,0.012020787,,
711145008,60,$40K - $60K,4,1325,29,3,2,0,0.0056000887,,
715013733,54,$60K - $80K,4,1370,25,3,2,0,0.0052585173,,
717098208,48,$80K - $120K,5,1961,51,2,2,0,0.15551461,,
737982408,33,$80K - $120K,4,2501,55,3,2,0,0.06730847,,
713216883,64,Less than $40K,4,2003,41,3,2,0,0.00575437,,
709361058,35,$60K - $80K,5,1691,47,1,2,0,0.016689492,,
710312658,54,Less than $40K,4,1456,27,3,2,0,0.0015173821,,
773383158,29,Less than $40K,4,2743,69,3,2,0,0.0061255908,,
716053083,33,$120K +,2,837,18,2,2,1,0.9963798,0.18810327,Low priority
717667833,34,$40K - $60K,6,1877,33,2,3,0,0.0008011338,,
716998608,48,$60K - $80K,3,1843,44,3,2,0,0.122334,,
772086408,38,$80K - $120K,4,1527,35,1,2,0,0.13916749,,
708597558,42,$60K - $80K,4,3951,68,4,2,0,0.005222605,,
718011783,55,$40K - $60K,3,1591,38,3,0,0,0.011898193,,
714360033,62,$40K - $60K,5,1326,44,1,2,0,0.001961066,,
811005858,33,Less than $40K,4,2914,70,2,2,0,0.062005095,,
794485158,38,$80K - $120K,6,2447,46,1,0,0,0.0117204115,,
708513183,39,$40K - $60K,4,3078,58,2,3,0,0.013500131,,
719353158,56,$80K - $120K,5,1238,36,1,2,0,0.0020800715,,
711436083,36,Less than $40K,6,2454,46,3,0,0,0.3247356,,
780374133,29,$80K - $120K,5,2413,48,3,3,0,0.035274252,,
739117233,57,$120K +,3,2126,58,3,0,0,0.02986543,,
708486033,55,Unknown,3,1782,48,2,2,0,0.1602711,,
795237183,51,$40K - $60K,3,2041,32,2,2,0,0.11742041,,
788788758,57,Unknown,4,2050,46,1,3,0,0.0048585585,,
709635858,56,Less than $40K,6,1229,27,2,2,0,0.09076203,,
789701658,26,$40K - $60K,5,2180,33,2,0,0,0.011192413,,
713484483,36,Unknown,3,2298,55,1,3,0,0.06525717,,
711954558,53,$40K - $60K,3,1333,34,3,0,0,0.056387253,,
712655583,41,$40K - $60K,3,2036,44,3,2,0,0.23988304,,
779686683,26,Less than $40K,5,2088,34,3,0,0,0.03787151,,
711226758,51,Less than $40K,3,2024,53,2,0,0,0.041456673,,
713241033,34,$60K - $80K,4,2405,49,3,3,0,0.0030072895,,
788754108,65,$40K - $60K,4,2608,78,2,2,0,0.0046320986,,
717013383,52,$80K - $120K,4,2866,53,3,2,0,0.18855405,,
712634133,54,Less than $40K,5,1406,37,2,2,0,0.01258908,,
709537683,37,$80K - $120K,3,563,15,4,2,1,0.99272645,,
778627983,40,Unknown,3,1610,49,1,0,0,0.18109697,,
720241758,55,$80K - $120K,3,1409,25,1,2,0,0.007306678,,
720814233,45,$80K - $120K,4,1485,38,3,2,0,0.10382773,,
785080308,37,Less than $40K,5,2344,48,3,3,0,0.028069695,,
713358633,30,$60K - $80K,6,2768,68,1,3,0,0.00020070809,,
720392433,55,Less than $40K,6,1869,47,6,0,0,0.028196616,,
720282558,36,$80K - $120K,5,2873,73,2,2,0,0.002112204,,
821370858,39,$40K - $60K,5,1734,39,3,2,0,0.007138046,,
799249833,34,Less than $40K,5,2858,71,1,3,0,0.0029229578,,
713016633,47,$60K - $80K,4,1984,36,3,3,0,0.1449209,,
814471983,42,$80K - $120K,6,1537,41,3,3,0,0.010663215,,
779612808,61,$40K - $60K,6,1263,35,2,0,0,0.020972323,,
716692683,31,$40K - $60K,4,2318,54,1,3,0,0.18447839,,
790145733,40,$80K - $120K,1,1112,26,3,2,1,0.9905749,0.1609184,Low priority
716038533,42,Less than $40K,3,1438,35,1,2,0,0.07167955,,
714421233,54,Less than $40K,5,1292,34,3,2,0,0.0041236943,,
709783908,52,Less than $40K,6,1924,50,3,0,0,0.083509065,,
812788233,31,Less than $40K,4,2205,43,1,2,0,0.06585607,,
772452783,43,$40K - $60K,6,1774,46,1,3,0,0.0015377552,,
714002658,49,$120K +,5,1413,31,4,2,0,0.008216887,,
713464983,45,$40K - $60K,4,3479,76,3,2,0,0.0010076565,,
713910108,38,$80K - $120K,3,1646,43,2,0,0,0.02328528,,
808169358,57,$40K - $60K,5,1683,50,3,2,0,0.046794917,,
714013083,63,$40K - $60K,4,1420,32,2,2,0,0.012414703,,
715381533,42,Less than $40K,6,2451,55,2,3,0,0.039929647,,
717678408,61,$40K - $60K,4,2066,51,2,2,0,0.5907143,,
719143308,37,$40K - $60K,4,2805,85,4,3,0,0.012146965,,
711509658,61,$120K +,3,1088,26,0,3,1,0.9036114,,
757481283,35,$60K - $80K,4,1931,35,3,2,0,0.0067204167,,
808681158,57,$80K - $120K,4,1343,35,6,2,0,0.07469556,,
718867683,64,Less than $40K,4,1613,43,3,2,0,0.019847097,,
714618333,39,Unknown,3,1402,35,2,2,0,0.008027042,,
794562783,28,Unknown,5,2534,51,3,3,0,0.04714536,,
708208758,53,$80K - $120K,6,2199,48,3,0,0,0.11857011,,
794504658,39,$60K - $80K,6,1562,44,3,3,0,0.00055512,,
714772758,35,Less than $40K,6,1851,48,2,2,0,0.006199817,,
713830233,47,$40K - $60K,5,1831,60,3,2,0,0.01438247,,
713577483,47,$80K - $120K,3,1570,31,3,2,0,0.04101339,,
814513008,38,$80K - $120K,5,1735,43,3,2,0,0.045616534,,
712765158,26,Less than $40K,5,2386,47,3,0,0,0.19886114,,
714411108,37,Unknown,4,2790,68,2,3,0,0.010554417,,
720231108,57,Less than $40K,3,3031,57,4,2,0,0.2968508,,
709035708,38,Less than $40K,4,1819,35,2,0,0,0.044124257,,
720662508,39,$120K +,6,1972,38,3,2,0,0.004517296,,
708623283,35,$60K - $80K,6,2084,61,3,3,0,0.0094952695,,
813247083,38,$80K - $120K,4,1357,26,3,3,0,0.0035244634,,
780078333,56,$60K - $80K,3,1193,26,2,2,0,0.02462802,,
811915383,36,$40K - $60K,6,2530,50,2,0,0,0.008139832,,
719818983,39,$80K - $120K,1,1195,35,3,2,1,0.98755836,0.32435587,Low priority
716349183,58,Unknown,5,2160,54,2,3,0,0.20284578,,
710067183,28,Less than $40K,5,2074,81,2,3,0,0.0022593655,,
771234558,65,Less than $40K,6,2213,62,3,3,0,0.031919964,,
820288233,26,Less than $40K,4,2731,39,3,2,0,0.1151442,,
717511533,28,Less than $40K,4,2950,87,2,0,0,0.0006434918,,
711642108,30,Unknown,5,2572,35,2,3,0,0.03508027,,
712495233,31,Less than $40K,5,2411,53,3,0,0,0.077717915,,
718484283,57,$60K - $80K,6,1409,49,1,0,0,0.0018223077,,
717413658,43,$40K - $60K,6,1987,47,2,0,0,0.023421641,,
804668658,26,Less than $40K,3,947,20,2,2,1,0.9941806,,
715934283,39,$40K - $60K,6,3046,56,3,0,0,0.008936439,,
717499083,35,$60K - $80K,3,3013,78,1,3,0,0.0004537485,,
715279683,52,$40K - $60K,5,1679,39,1,2,0,0.6742981,,
718971333,33,$80K - $120K,5,2342,51,3,3,0,0.042676132,,
709219533,53,$60K - $80K,3,1359,36,1,0,0,0.00040469613,,
709150608,30,Less than $40K,5,2632,64,1,3,0,0.046618104,,
788259558,59,Less than $40K,5,1430,28,3,0,0,0.0022252824,,
802464033,65,Less than $40K,6,1877,41,3,2,0,0.00838104,,
712757808,33,Less than $40K,4,1731,40,2,2,0,0.17586821,,
714457083,52,Unknown,6,1332,24,3,2,0,0.00902944,,
713413758,26,Unknown,4,2270,44,3,2,0,0.048679695,,
708741633,52,$60K - $80K,6,1771,41,3,2,0,0.80584073,,
714043833,37,Less than $40K,5,3016,85,2,0,0,0.00080722553,,
789577833,56,$120K +,4,969,29,1,2,0,0.090060204,,
787570758,35,$120K +,3,2070,44,3,2,0,0.18532324,,
720371733,58,Less than $40K,5,1395,39,3,2,0,0.012612153,,
819117183,34,$40K - $60K,3,2169,48,2,0,0,0.0056010974,,
711776433,37,$80K - $120K,4,2574,65,2,3,0,0.008516415,,
709583133,53,$40K - $60K,6,1627,54,3,0,0,0.0014484753,,
719521983,38,$40K - $60K,4,1592,32,3,2,0,0.0022717502,,
718415133,38,$80K - $120K,6,1601,34,1,3,0,0.00071318407,,
710594358,28,Less than $40K,4,2560,72,3,2,0,0.003156025,,
709730508,39,Unknown,6,4563,61,3,3,0,0.01876284,,
720462633,43,Less than $40K,3,1827,49,2,2,0,0.41354743,,
715005558,36,$80K - $120K,6,2472,65,2,3,0,0.0023458682,,
779993208,38,Less than $40K,3,1475,27,3,3,0,0.030611714,,
787543008,37,$40K - $60K,5,2349,61,3,0,0,0.017175132,,
743265108,37,$60K - $80K,5,2477,49,1,3,0,0.0044678496,,
713770383,29,Less than $40K,5,2775,74,4,3,0,0.004661502,,
712392108,51,$60K - $80K,3,1451,25,2,2,0,0.067594506,,
720145683,54,$60K - $80K,3,1617,35,2,0,0,0.024243759,,
714832383,35,$80K - $120K,6,2949,70,2,3,0,0.002192027,,
772706283,38,$40K - $60K,3,1585,43,3,2,0,0.009225779,,
795920358,33,Less than $40K,3,2679,45,2,3,0,0.117802866,,
716277558,45,Less than $40K,4,1779,47,3,0,0,0.016657626,,
764776833,61,$40K - $60K,3,1523,30,3,2,0,0.0036603473,,
710795883,33,Less than $40K,6,2758,50,1,0,0,0.03289609,,
710428308,55,$60K - $80K,4,1910,51,1,0,0,0.03352802,,
721096983,34,Less than $40K,4,2616,46,3,0,0,0.017202698,,
715760733,58,$40K - $60K,6,1199,25,3,2,0,0.014928612,,
718227033,38,Less than $40K,3,2565,53,1,3,0,0.0015837076,,
720610008,59,$120K +,1,1339,23,5,2,1,0.97910255,0.29491916,Low priority
719517258,57,$80K - $120K,5,3676,67,3,2,0,0.0049574375,,
714111333,55,$60K - $80K,6,1910,38,1,3,0,0.038061384,,
717551358,63,$60K - $80K,4,2279,56,1,0,0,0.082488365,,
813573333,60,Less than $40K,5,1354,25,1,2,0,0.0014530828,,
711709683,53,Less than $40K,6,1999,48,1,2,0,0.0051926873,,
712902483,35,$60K - $80K,3,1895,43,2,0,0,0.09716753,,
710893533,53,$120K +,4,1570,56,1,2,0,0.0153122125,,
719883858,58,Less than $40K,4,1258,33,1,3,0,0.001721014,,
719628033,33,Unknown,5,2475,52,3,3,0,0.008720251,,
712043433,53,$80K - $120K,5,1213,33,2,2,0,0.0030801424,,
769095558,59,$60K - $80K,3,1755,45,2,2,0,0.008051356,,
816094233,37,$120K +,6,1692,38,2,3,0,0.005407005,,
758417508,50,Less than $40K,6,3313,72,3,2,0,0.0018997372,,
721234308,35,Less than $40K,6,2820,62,2,3,0,0.0075947745,,
717138558,28,$40K - $60K,5,1813,31,1,2,0,0.061338056,,
798120858,37,$80K - $120K,4,2555,44,2,3,0,0.0031968625,,
709997958,39,$40K - $60K,4,2133,54,3,2,0,0.77327657,,
712617408,31,$40K - $60K,5,2566,74,3,3,0,0.008485231,,
720158208,37,$60K - $80K,4,2058,49,3,0,0,0.030521788,,
716548083,39,Less than $40K,4,2593,57,1,0,0,0.0020960465,,
717631008,38,$80K - $120K,4,1886,48,1,3,0,0.011977384,,
813964383,35,$40K - $60K,3,2568,59,1,3,0,0.009513059,,
719952408,30,Less than $40K,3,1870,51,3,0,0,0.008390882,,
771028533,48,Less than $40K,5,911,25,1,2,1,0.9848963,,
771823308,33,Less than $40K,5,1896,33,1,0,0,0.0054270024,,
719854008,47,$40K - $60K,3,1694,32,6,2,0,0.019854825,,
713998233,37,Less than $40K,6,2780,57,2,2,0,0.10618977,,
714746358,38,$60K - $80K,3,2234,35,1,3,0,0.002486648,,
713574708,39,$40K - $60K,6,3124,66,2,0,0,0.0057262215,,
714753258,34,$60K - $80K,5,2966,50,2,0,0,0.007780754,,
712004208,65,Less than $40K,3,1973,59,3,2,0,0.14938618,,
719621958,43,$60K - $80K,3,1720,40,2,2,0,0.93060297,,
819610908,38,$80K - $120K,1,1137,26,4,2,1,0.98369426,0.27233115,Low priority
823948308,48,$40K - $60K,6,1727,37,2,2,0,0.006106244,,
712064358,38,$60K - $80K,6,1999,34,3,0,0,0.006403645,,
816013383,65,Less than $40K,3,1712,27,6,2,1,0.9338303,,
758765808,36,Less than $40K,6,1802,40,3,2,0,0.052997086,,
780881358,35,$40K - $60K,6,2551,74,3,3,0,0.012205879,,
709422183,58,Less than $40K,4,1788,45,2,0,0,0.063048504,,
779951058,54,Unknown,4,1908,39,2,2,0,0.008166187,,
809941233,53,$80K - $120K,4,1377,38,1,0,0,0.016335225,,
710844408,38,$60K - $80K,4,1843,28,3,2,0,0.45431113,,
819002508,31,$40K - $60K,4,2563,64,1,3,0,0.048544776,,
807141183,34,$120K +,4,1930,36,3,2,0,0.03454654,,
711119358,38,$60K - $80K,6,2460,52,1,3,0,0.056626085,,
808273533,39,$60K - $80K,3,2054,55,4,2,1,0.9511754,,
716297658,37,$80K - $120K,4,2405,55,1,2,0,0.12612413,,
716532258,51,Less than $40K,4,3291,55,3,0,0,0.0679267,,
720540708,53,Less than $40K,3,1197,25,2,0,0,0.004412907,,
720904233,53,$80K - $120K,3,1158,31,3,3,0,0.026778694,,
720863133,65,Less than $40K,5,1855,39,3,0,0,0.20226446,,
714957108,33,Less than $40K,5,3133,72,1,3,0,0.0011508031,,
790102008,37,$60K - $80K,6,3305,80,1,3,0,0.00029603075,,
781933983,47,$40K - $60K,5,2970,76,3,2,0,0.007905346,,
712643358,59,Less than $40K,6,1335,23,2,0,0,0.0016426014,,
716686158,59,Less than $40K,5,1621,32,2,2,0,0.09657082,,
806894133,34,Unknown,3,2546,55,1,0,0,0.15239277,,
721344858,26,Less than $40K,4,2192,36,4,2,0,0.011432579,,
813230208,45,$120K +,3,4686,64,3,0,0,0.04257238,,
716835033,54,Unknown,4,1836,37,3,2,0,0.017580621,,
787500333,52,$80K - $120K,6,2030,58,1,3,0,0.009795289,,
768582033,47,$40K - $60K,6,3902,76,3,2,0,0.003615285,,
713992158,57,Less than $40K,3,1353,30,1,2,0,0.009654684,,
719916408,34,$60K - $80K,5,1850,34,2,0,0,0.00041843214,,
789433758,36,$80K - $120K,3,1715,39,3,2,0,0.060250178,,
785011383,36,$40K - $60K,1,1412,38,3,2,1,0.979715,0.5468094,Test
719283633,57,$40K - $60K,4,1325,29,2,3,0,0.001199015,,
710816358,29,Less than $40K,4,2523,48,3,0,0,0.001534769,,
779653458,37,$80K - $120K,3,2323,47,3,2,0,0.008625173,,
716382708,46,Less than $40K,3,1165,35,4,2,1,0.93386775,,
710387583,55,$80K - $120K,5,1018,32,1,2,0,0.022486633,,
718772133,56,$80K - $120K,6,1484,34,3,2,0,0.02272439,,
711224733,32,$120K +,3,695,10,3,2,1,0.9991732,,
718360083,39,$120K +,6,2443,70,3,3,0,0.003157848,,
716102583,63,Less than $40K,6,1959,56,1,0,0,0.0058641513,,
720673008,49,Less than $40K,3,1771,47,3,2,0,0.8568439,,
708459633,38,$60K - $80K,4,1604,42,1,2,0,0.0011480165,,
712868733,60,Less than $40K,5,1562,27,1,0,0,0.010107052,,
713790708,38,$60K - $80K,5,2269,39,2,0,0,0.00070541503,,
717648783,63,$80K - $120K,4,1449,28,2,2,0,0.030622296,,
714709983,43,Less than $40K,6,1665,44,2,2,0,0.23981538,,
819409608,39,Less than $40K,4,1457,43,3,2,0,0.301405,,
717585858,35,Unknown,5,2795,55,2,3,0,0.027754195,,
791856033,45,$80K - $120K,3,1041,27,4,2,1,0.99568766,,
714474483,35,$40K - $60K,4,2005,50,2,0,0,0.0002337076,,
716448783,48,$40K - $60K,2,1225,34,4,2,1,0.9882185,0.42230672,Test
711065133,26,$40K - $60K,6,2099,39,2,3,0,0.02828942,,
713769258,36,$120K +,3,2547,45,2,2,0,0.030677382,,
712288158,37,$80K - $120K,5,2864,37,3,0,0,0.002921767,,
714130233,39,$60K - $80K,3,1602,37,3,0,0,0.0009916896,,
789127533,49,$80K - $120K,5,3013,83,2,3,0,0.00066415704,,
717038733,56,$60K - $80K,5,1324,38,3,2,0,0.004795272,,
804840033,45,$60K - $80K,4,1960,48,6,2,0,0.3670199,,
709363383,34,Unknown,3,2652,61,4,3,0,0.045429382,,
789760233,29,$80K - $120K,6,2435,63,3,3,0,0.022379268,,
712058958,28,Less than $40K,3,2744,75,3,3,0,0.002768042,,
708295533,65,Less than $40K,5,1215,22,3,2,0,0.0021892565,,
817686633,26,Less than $40K,5,2856,39,2,2,0,0.08199036,,
713738883,57,Less than $40K,6,1260,34,2,0,0,0.0019930266,,
721310283,47,$120K +,6,1804,32,2,2,0,0.11484689,,
803132733,54,Less than $40K,4,1339,30,3,2,0,0.0077983732,,
779852133,48,$120K +,3,3093,66,2,2,0,0.0028209533,,
716210283,36,Unknown,6,1618,37,3,3,0,0.05424705,,
711615933,43,$80K - $120K,3,1013,28,3,2,0,0.094157465,,
785311158,54,Less than $40K,6,3328,69,1,2,0,0.0012691596,,
717267108,37,$60K - $80K,6,2061,61,3,3,0,0.0035094998,,
711636558,33,$80K - $120K,5,1567,42,3,0,0,0.0036877354,,
717504258,38,$40K - $60K,4,1573,35,1,2,0,0.0011184105,,
718242333,36,$80K - $120K,5,2568,69,3,3,0,0.0025730992,,
771844458,40,Unknown,6,1804,41,1,3,0,0.0006394434,,
708892833,37,$120K +,2,725,22,4,2,1,0.9996617,0.16236298,Low priority
779465358,26,Unknown,4,2243,38,3,2,0,0.019995555,,
720191883,45,$60K - $80K,5,1236,36,3,3,0,0.014678296,,
710934033,26,Less than $40K,6,2169,43,1,0,0,0.0073339,,
714473658,42,$40K - $60K,6,1488,26,2,2,0,0.13668536,,
716569983,33,$80K - $120K,3,1765,27,1,0,0,0.0019378066,,
789833583,57,$40K - $60K,5,1476,30,2,2,0,0.009492118,,
818923158,55,$60K - $80K,5,1275,31,2,2,0,0.0035907642,,
716596308,40,$80K - $120K,5,1872,51,2,2,0,0.014581098,,
716620458,32,Less than $40K,3,2439,63,2,3,0,0.20587465,,
710251608,62,Less than $40K,3,1453,27,3,2,0,0.034198675,,
710633808,26,$60K - $80K,3,2411,41,3,2,0,0.032536756,,
719318583,37,Less than $40K,3,862,13,3,2,1,0.997719,,
819202533,57,$80K - $120K,3,1306,32,2,2,0,0.023634447,,
827360883,47,Unknown,4,1593,46,3,2,0,0.007869961,,
771196083,47,$80K - $120K,6,1837,37,3,2,0,0.10886929,,
809962908,48,Unknown,5,1909,52,3,2,0,0.16636063,,
788965683,49,Less than $40K,6,2170,41,3,2,0,0.90518427,,
817142433,35,$80K - $120K,5,1725,29,3,2,0,0.00616129,,
716993058,57,$60K - $80K,5,4291,78,2,3,0,0.001336861,,
771040758,62,Unknown,5,3703,91,1,3,0,0.00049697113,,
713309583,55,Less than $40K,6,2177,59,3,0,0,0.0074240323,,
710273658,36,$60K - $80K,5,2883,61,2,0,0,0.00749846,,
771429408,54,$80K - $120K,5,1515,31,3,2,0,0.0302095,,
719452308,30,Less than $40K,5,2048,35,2,0,0,0.009386457,,
818908833,46,$40K - $60K,5,2038,45,2,2,0,0.54450303,,
780998133,43,$80K - $120K,3,1980,45,4,2,0,0.11038821,,
801726933,34,$120K +,4,1899,33,3,2,0,0.0029812085,,
788474658,55,$80K - $120K,5,1842,56,2,2,0,0.053252034,,
708438033,36,Less than $40K,3,2617,48,3,0,0,0.010540857,,
710562258,44,$80K - $120K,5,3407,47,4,3,0,0.07615867,,
770764908,39,$60K - $80K,5,1765,36,2,0,0,0.0775062,,
814776033,34,$80K - $120K,3,2650,69,1,3,0,0.0010507636,,
715057383,40,$60K - $80K,6,3891,79,3,3,0,0.00046232258,,
717970158,42,$60K - $80K,5,3942,84,3,3,0,0.0013886767,,
715168008,36,$40K - $60K,4,2398,61,2,3,0,0.018286936,,
720802833,26,Less than $40K,3,2692,63,2,0,0,0.037840147,,
789370383,42,$40K - $60K,4,1346,26,2,0,0,0.0015298694,,
711782733,55,$40K - $60K,3,1390,24,3,2,0,0.030417962,,
709000008,45,$80K - $120K,6,2073,54,2,3,0,0.17188118,,
719381733,61,$60K - $80K,5,3994,64,2,0,0,0.0022555068,,
771169458,41,$120K +,5,1723,36,3,3,0,0.00024043073,,
709974108,35,Less than $40K,4,3116,80,3,0,0,0.00025309363,,
757024233,34,$120K +,3,2555,62,1,2,0,0.0027041477,,
768928833,37,$80K - $120K,3,2717,63,2,2,0,0.12247299,,
720504633,46,$60K - $80K,6,967,24,2,3,1,0.8995842,,
812441358,26,$40K - $60K,3,2660,89,3,3,0,0.002818659,,
713287608,54,Less than $40K,5,2412,62,4,2,0,0.05421544,,
711357858,47,Less than $40K,5,777,13,3,2,1,0.99086106,,
715478733,56,Less than $40K,5,2292,54,4,0,0,0.20925634,,
780382008,42,Less than $40K,6,3774,63,3,3,0,0.004345643,,
715749858,30,$40K - $60K,5,1723,31,1,2,0,0.020024508,,
710951808,32,Less than $40K,5,1668,32,3,2,0,0.0023036683,,
713469333,40,$80K - $120K,6,1777,56,2,2,0,0.0033150022,,
719243808,33,Less than $40K,3,1888,39,2,2,0,0.042035997,,
772202058,64,Less than $40K,3,1597,37,3,2,0,0.02943594,,
711346383,33,$80K - $120K,4,2804,70,3,3,0,0.0029825282,,
711405333,52,$80K - $120K,5,1651,43,2,2,0,0.09625189,,
778407033,59,Less than $40K,6,2367,50,3,0,0,0.35011417,,
714862083,41,Unknown,6,3386,53,4,0,0,0.11948815,,
711199008,38,$40K - $60K,3,2399,57,2,0,0,0.01064267,,
709858533,29,Less than $40K,4,2320,57,1,0,0,0.007329423,,
718627458,43,Unknown,3,2119,52,4,3,0,0.588102,,
711816108,40,$80K - $120K,2,2395,45,2,2,1,0.9901423,0.5488706,Test
717105258,37,Less than $40K,3,2181,32,3,2,0,0.3204071,,
715822008,32,Less than $40K,4,1913,35,2,0,0,0.00057315157,,
714971583,36,$60K - $80K,3,3063,87,3,3,0,0.0015679059,,
713663508,58,$40K - $60K,3,1088,22,2,3,1,0.8978305,,
709025583,53,$80K - $120K,3,1138,38,3,2,0,0.09796406,,
812809083,37,Unknown,3,2595,58,4,2,0,0.08437804,,
714073983,47,$40K - $60K,6,1788,46,3,2,0,0.20659162,,
789297558,36,$120K +,6,2602,51,3,3,0,0.14452985,,
710375283,26,$40K - $60K,4,2236,55,3,0,0,0.01279683,,
712189233,38,$40K - $60K,5,3095,63,1,0,0,0.003014733,,
713767383,32,$40K - $60K,4,2397,41,2,0,0,0.045419477,,
797414733,37,Less than $40K,3,2439,61,3,0,0,0.11477295,,
712452033,26,Less than $40K,6,2225,44,2,2,0,0.064752035,,
714151533,55,$40K - $60K,5,1569,33,4,2,0,0.043793518,,
720440583,35,$80K - $120K,6,1927,47,2,0,0,0.013421352,,
787494783,58,$60K - $80K,5,2140,49,3,2,0,0.08246794,,
819966033,32,Unknown,6,2522,68,3,2,0,0.0053923773,,
710297133,47,$80K - $120K,6,3503,65,3,3,0,0.007670076,,
793355508,32,Less than $40K,6,2657,71,3,3,0,0.006608687,,
708580908,56,$60K - $80K,3,1373,35,3,2,0,0.18366207,,
719826333,34,Less than $40K,5,2557,67,1,3,0,0.32700062,,
780689733,65,Unknown,3,2758,56,2,3,0,0.008767051,,
744764433,55,$120K +,5,1473,35,2,2,0,0.08598406,,
714902283,43,$80K - $120K,5,2843,53,3,3,0,0.6153896,,
789309558,31,Less than $40K,6,2570,49,2,0,0,0.0014257616,,
713188383,54,Less than $40K,4,1446,22,2,0,0,0.0075286273,,
719506983,52,$80K - $120K,5,1181,30,2,2,0,0.002462535,,
714804483,48,$40K - $60K,3,1426,34,3,2,0,0.08139132,,
748503708,54,Less than $40K,6,1566,36,4,2,0,0.11833887,,
803587533,33,$60K - $80K,6,3319,86,3,0,0,0.0002274646,,
789777408,26,Less than $40K,3,1134,26,2,0,1,0.949697,,
716811483,30,Less than $40K,4,1859,43,2,3,0,0.47363412,,
714118383,49,Less than $40K,4,2223,72,2,3,0,0.04012038,,
720532908,36,$40K - $60K,4,2967,80,3,3,0,0.0011077215,,
765055833,56,$80K - $120K,3,1645,33,4,0,0,0.021478858,,
715310208,53,$80K - $120K,3,2197,45,3,3,0,0.096663296,,
718577958,39,$120K +,2,809,15,3,2,1,0.99971133,0.111416794,Low priority
789167658,34,$60K - $80K,5,1534,34,3,2,0,0.004119717,,
789987183,53,$80K - $120K,4,1413,37,4,2,0,0.035625786,,
717730533,32,$40K - $60K,6,2659,63,1,0,0,0.016525837,,
708668283,39,$80K - $120K,5,1842,36,4,0,0,0.018663157,,
772360683,57,$120K +,3,1515,36,3,2,0,0.050739564,,
712500933,48,Unknown,4,2997,56,4,2,0,0.0281928,,
804867183,37,$60K - $80K,6,2599,47,2,3,0,0.020255031,,
826068183,36,$80K - $120K,4,2916,50,4,2,0,0.014038109,,
820044333,39,$40K - $60K,3,4157,58,3,0,0,0.01179978,,
714211533,31,Less than $40K,4,2670,50,3,0,0,0.6676777,,
710287533,31,$40K - $60K,3,2221,57,2,2,0,0.07962251,,
720603558,36,$60K - $80K,3,2460,74,2,3,0,0.0010017563,,
819258408,47,Less than $40K,4,1698,41,2,2,0,0.41172126,,
717664008,37,$60K - $80K,2,694,12,3,2,1,0.9926925,0.031496942,Low priority
717437058,38,$60K - $80K,4,2167,57,2,3,0,0.018037282,,
717327783,39,$80K - $120K,4,2760,44,2,3,0,0.08658297,,
712887633,39,$80K - $120K,5,1753,43,3,3,0,0.0026994094,,
716129208,37,$40K - $60K,3,1678,36,3,2,0,0.22955495,,
718037433,58,$80K - $120K,6,1887,60,4,0,0,0.043943986,,
709839858,58,Less than $40K,3,1535,31,4,2,0,0.05137478,,
719686458,37,$40K - $60K,6,1903,30,4,2,0,0.027915103,,
721434483,54,$80K - $120K,4,2631,55,3,0,0,0.044195324,,
716096358,45,Less than $40K,5,3753,63,4,0,0,0.0027652977,,
718244958,36,Unknown,5,1989,37,2,2,0,0.06988921,,
711315783,53,$40K - $60K,6,2165,49,4,3,0,0.08054565,,
821296083,34,Less than $40K,3,2003,47,3,2,0,0.045553777,,
711562833,35,$80K - $120K,6,717,18,3,2,1,0.97725236,,
716447733,32,$40K - $60K,5,1921,43,3,2,0,0.0066973795,,
719591283,38,Less than $40K,6,2412,58,2,2,0,0.6457544,,
789911808,37,$80K - $120K,6,2487,52,2,0,0,0.0074158777,,
713195808,37,Unknown,6,2792,51,3,2,0,0.0218136,,
717866133,47,Less than $40K,3,2170,63,3,2,0,0.04190403,,
716670783,52,Unknown,3,4776,63,2,3,0,0.114831574,,
789197508,54,$60K - $80K,6,1518,36,3,0,0,0.0020840704,,
713108433,53,$80K - $120K,4,1476,37,4,2,0,0.047903076,,
711403383,33,Less than $40K,6,2256,70,4,0,0,0.0044371975,,
768212583,49,$60K - $80K,4,1848,49,4,2,0,0.0154719185,,
720181758,37,$120K +,3,850,18,3,2,1,0.99770147,,
710632683,31,$40K - $60K,5,2308,49,2,2,0,0.8202959,,
711836733,43,$120K +,3,1867,45,3,2,0,0.41281465,,
771183933,39,$80K - $120K,6,1923,49,2,2,0,0.009690105,,
711327558,38,$40K - $60K,3,1600,45,3,0,0,0.006392039,,
788971308,62,Less than $40K,5,1809,41,4,2,0,0.20770732,,
718950483,58,$40K - $60K,3,1208,38,3,2,0,0.017370163,,
714278958,39,Unknown,6,2201,46,1,3,0,0.000250063,,
711817158,30,$40K - $60K,3,2510,57,3,2,0,0.11681276,,
765824058,46,$80K - $120K,3,3784,74,3,3,0,0.0020037205,,
710109633,39,$60K - $80K,6,1683,34,3,2,0,0.044869255,,
713643858,53,$40K - $60K,4,1911,47,4,0,0,0.026182802,,
716399583,34,$120K +,6,2286,39,2,3,0,0.0028626334,,
714516783,54,Less than $40K,4,3360,56,3,3,0,0.011865167,,
710490708,54,$80K - $120K,4,2047,46,1,2,0,0.3978425,,
780662133,39,$60K - $80K,6,1534,35,3,2,0,0.030979397,,
715389708,36,Less than $40K,4,1516,32,3,2,0,0.09283895,,
789607983,38,$40K - $60K,6,1758,40,6,2,0,0.0030681854,,
720171033,45,$60K - $80K,6,4014,70,1,3,0,0.00041105872,,
815104608,28,Less than $40K,5,2947,87,1,3,0,0.00033636496,,
719660658,37,Unknown,6,2134,47,2,3,0,0.09785671,,
714159858,57,$40K - $60K,4,1546,36,2,2,0,0.0043540103,,
714225333,48,Less than $40K,5,1545,21,1,3,0,0.0022777228,,
712204308,33,$40K - $60K,6,2878,65,1,3,0,0.005649685,,
718468158,38,$60K - $80K,6,2261,37,2,2,0,0.008994737,,
711575058,36,$60K - $80K,4,1896,31,2,0,0,0.0024436181,,
735417408,37,$60K - $80K,4,1941,58,1,0,0,0.0011934936,,
717171408,36,$80K - $120K,6,2021,41,2,3,0,0.71637934,,
814312308,54,$40K - $60K,5,1435,29,3,2,0,0.0045387615,,
711786108,52,$60K - $80K,3,1159,26,3,2,0,0.006797973,,
712905708,53,Less than $40K,5,1188,40,2,2,0,0.0036829258,,
720050208,27,Less than $40K,4,2236,57,1,0,0,0.023117745,,
793952133,32,Less than $40K,6,1680,33,2,0,0,0.002473282,,
798140283,57,$120K +,4,1180,29,3,3,0,0.00047015504,,
720427683,58,$120K +,2,2171,48,3,2,1,0.99525,0.5831402,Priority
789970233,54,Less than $40K,6,1454,30,1,2,0,0.008052396,,
713893308,45,$60K - $80K,4,1984,38,1,0,0,0.00067118346,,
718843608,36,Less than $40K,5,3327,80,2,3,0,0.0005568704,,
752085108,39,$40K - $60K,3,1824,38,5,2,0,0.007707684,,
789435783,39,$40K - $60K,6,1532,26,1,2,0,0.010665983,,
711032058,34,$80K - $120K,6,2901,75,4,3,0,0.0066652996,,
784719708,54,$40K - $60K,5,1707,41,1,3,0,0.14206736,,
804663258,54,$80K - $120K,3,1903,49,1,2,0,0.0025001396,,
716900433,36,$60K - $80K,6,2384,61,2,0,0,0.003057292,,
720909408,37,$120K +,4,2337,61,2,0,0,0.012142067,,
712187808,27,$40K - $60K,4,1826,35,3,2,0,0.02177131,,
718428033,55,Less than $40K,6,3395,70,2,3,0,0.0007680679,,
714892533,26,Unknown,5,2473,33,3,3,0,0.06524646,,
714985458,56,$60K - $80K,3,1850,44,2,2,0,0.01913186,,
716647983,58,Less than $40K,5,1574,34,3,2,0,0.042082176,,
712340733,42,Unknown,5,1792,48,2,2,0,0.053188793,,
719293533,30,Unknown,3,2567,70,3,3,0,0.017470365,,
715257708,38,$60K - $80K,4,2758,55,2,0,0,0.0038274694,,
708331758,47,Unknown,3,3725,60,1,2,0,0.0005419773,,
709501683,33,$40K - $60K,5,2263,60,1,3,0,0.004375283,,
711692508,54,Less than $40K,3,1154,22,4,2,1,0.97204685,,
715612983,65,Unknown,5,2336,49,2,3,0,0.042758513,,
709674333,33,$60K - $80K,4,2677,70,2,3,0,0.01771711,,
805522758,44,Less than $40K,5,1701,33,2,0,0,0.00057408237,,
781013958,57,$40K - $60K,4,1344,37,2,3,0,0.0014753928,,
717495258,34,$80K - $120K,6,1893,36,3,2,0,0.018136503,,
795052083,63,$40K - $60K,3,3630,71,6,2,0,0.0043950584,,
773389908,37,Less than $40K,5,2075,66,1,3,0,0.064772554,,
719320833,39,$60K - $80K,6,1992,46,3,0,0,0.115342714,,
816843933,39,$80K - $120K,6,1961,32,3,3,0,0.0059322277,,
789196158,55,$60K - $80K,6,1485,26,2,2,0,0.006150182,,
717930483,37,$120K +,3,1564,31,3,3,1,0.8683525,,
773442258,57,$80K - $120K,5,1397,28,2,2,0,0.0010332543,,
719872833,45,Less than $40K,6,3347,71,6,2,0,0.0014105513,,
721491258,53,$80K - $120K,3,1417,30,2,0,0,0.047932614,,
770575233,37,$60K - $80K,6,2553,61,1,3,0,0.0037380776,,
715800708,60,Less than $40K,3,1560,43,1,0,0,0.0040474795,,
719996958,29,Less than $40K,5,2208,56,3,2,0,0.05371016,,
719889408,56,Less than $40K,4,1561,39,1,2,0,0.0012835402,,
708811233,37,$80K - $120K,4,1992,40,2,3,0,0.055869035,,
794627208,43,$60K - $80K,4,1935,52,3,2,0,0.19757596,,
719020983,58,$80K - $120K,4,1913,49,3,3,0,0.12356114,,
719131533,29,Less than $40K,3,3519,73,2,0,0,0.00021656306,,
710449983,38,$120K +,4,2916,45,1,0,0,0.0008523128,,
715651833,65,Less than $40K,3,1593,35,4,2,1,0.84140784,,
720714933,62,Less than $40K,4,1323,25,2,0,0,0.0066251857,,
789170283,53,$80K - $120K,5,3084,63,5,2,0,0.029236233,,
810201783,26,$40K - $60K,5,2740,62,3,0,0,0.0055620703,,
715517733,46,Less than $40K,1,936,25,0,2,1,0.98933357,0.2855692,Low priority
709042908,51,$40K - $60K,4,2207,68,2,3,0,0.12852782,,
715023333,39,Less than $40K,4,2585,64,2,2,0,0.019700002,,
720801033,51,Unknown,3,1347,27,2,2,0,0.43254676,,
714345783,59,$40K - $60K,6,1469,36,3,2,0,0.0044161933,,
779209083,56,$40K - $60K,6,1468,32,2,2,0,0.029368373,,
713972658,56,Unknown,3,1454,43,3,2,0,0.020153463,,
710782458,31,$40K - $60K,6,1615,36,2,2,0,0.009063671,,
711142308,37,$40K - $60K,3,2572,65,1,2,0,0.06716752,,
824789283,36,$40K - $60K,3,2373,73,5,0,0,0.0017203997,,
715187733,26,Unknown,3,2473,46,4,2,0,0.043364115,,
721014858,61,Less than $40K,4,1479,28,1,2,0,0.0017095723,,
710363433,26,Less than $40K,6,2441,58,3,2,0,0.014413096,,
715479483,35,$80K - $120K,5,2079,57,2,2,0,0.023052203,,
708243483,53,$120K +,4,2248,51,2,2,0,0.15412682,,
714770808,59,Less than $40K,3,1580,54,3,2,0,0.11964503,,
720626058,37,$80K - $120K,4,1768,52,4,2,0,0.04640562,,
709185108,38,$60K - $80K,5,1801,44,4,2,0,0.0045975805,,
719596908,56,Unknown,4,1255,30,2,2,0,0.008064874,,
719273733,37,$60K - $80K,5,1855,29,3,2,0,0.08017486,,
717348258,33,$120K +,4,2502,48,1,3,0,0.00075217354,,
770882508,38,$80K - $120K,4,2457,54,1,3,0,0.0014972164,,
799026633,56,$120K +,4,2502,55,3,2,0,0.053052936,,
718777008,59,$80K - $120K,5,1374,32,1,2,0,0.0015303743,,
713352183,30,Less than $40K,5,1793,33,1,3,0,0.011454307,,
716128083,56,$40K - $60K,5,1191,34,2,2,0,0.0064204386,,
721288158,33,$120K +,4,2529,71,2,3,0,0.0030413826,,
757881258,31,$60K - $80K,6,2565,69,2,0,0,0.0014659257,,
715843533,26,$40K - $60K,3,2111,29,4,2,0,0.044133075,,
717234183,29,Less than $40K,4,1718,37,1,2,0,0.031843908,,
717260058,53,Less than $40K,6,1573,27,1,2,0,0.0015782402,,
709710783,35,Less than $40K,4,2730,71,3,2,0,0.015478529,,
787284858,35,$120K +,5,1745,27,1,0,0,0.0019186668,,
815845758,56,Less than $40K,4,1354,24,2,2,0,0.054470025,,
720639783,35,Unknown,4,2562,62,3,3,0,0.07227211,,
713331408,35,$40K - $60K,6,1792,36,2,2,0,0.0013969808,,
778693458,32,$60K - $80K,3,1376,29,3,2,1,0.8982875,,
788610258,49,Less than $40K,5,3762,73,2,2,0,0.010177989,,
711173883,36,$120K +,3,2516,54,2,0,0,0.6625656,,
717628608,37,$60K - $80K,5,2568,34,1,0,0,0.002764748,,
789261558,58,$60K - $80K,3,1387,34,1,2,0,0.0009468213,,
770647233,35,Less than $40K,5,2111,59,6,0,0,0.0054813563,,
712826208,39,$40K - $60K,5,1487,33,1,0,0,0.00191369,,
718181433,65,Less than $40K,6,2688,88,1,3,0,0.00019690959,,
714460683,65,Less than $40K,3,1467,29,3,2,0,0.008444648,,
716460933,51,$120K +,4,1456,44,1,2,0,0.009436811,,
710787708,56,$40K - $60K,4,1748,38,2,2,0,0.019775864,,
713800158,58,$80K - $120K,6,1540,32,3,0,0,0.007472818,,
712551258,39,Less than $40K,3,847,17,3,2,1,0.99929845,,
715379133,51,Less than $40K,4,1954,42,4,0,0,0.012848582,,
712091433,58,$40K - $60K,5,2950,61,2,3,0,0.00991784,,
771756333,34,Less than $40K,5,2154,37,3,0,0,0.24166395,,
779895108,39,$80K - $120K,6,1711,36,1,0,0,0.012118012,,
771976683,54,Unknown,3,1640,44,3,2,0,0.049919512,,
716800908,26,Unknown,5,2496,49,0,3,0,0.10114347,,
789413958,53,$80K - $120K,4,1938,53,2,2,0,0.014521386,,
711574008,32,$80K - $120K,4,2477,59,3,2,0,0.18518884,,
714138408,49,$60K - $80K,4,4107,79,1,2,0,0.0002436711,,
709334658,39,Less than $40K,4,2025,51,2,2,0,0.58774114,,
709564683,32,$40K - $60K,3,886,21,3,2,1,0.9987772,,
772292358,30,Less than $40K,4,1284,30,3,2,1,0.7979377,,
712933083,37,$80K - $120K,6,2292,49,1,0,0,0.07444749,,
710497608,38,$40K - $60K,5,1858,51,1,3,0,0.0014407055,,
721443408,46,$120K +,6,3508,58,2,3,0,0.008071985,,
709149408,36,$60K - $80K,5,2338,41,3,2,0,0.00520984,,
708446808,33,$80K - $120K,4,2017,48,3,2,0,0.025057342,,
824192658,58,Less than $40K,4,4148,79,2,3,0,0.00081774034,,
711625683,46,$120K +,3,2781,74,2,2,0,0.026646353,,
717487983,39,$80K - $120K,4,2062,55,3,2,0,0.15949503,,
717301908,54,Less than $40K,3,1973,55,3,2,0,0.15199624,,
718435158,50,$120K +,5,1930,36,1,2,0,0.2331947,,
714797733,41,$60K - $80K,6,3189,56,1,2,0,0.046174552,,
719213133,53,$60K - $80K,4,3670,60,1,0,0,0.00061487616,,
798962058,36,Less than $40K,3,1836,48,3,0,0,0.12155326,,
718970058,38,$120K +,5,1519,43,3,2,0,0.008714914,,
713021208,55,Unknown,2,1353,40,3,2,1,0.9809217,0.25030702,Low priority
810856833,45,$120K +,3,1907,52,2,3,0,0.015662098,,
787868958,36,$80K - $120K,5,2746,68,3,2,0,0.0032804874,,
708161133,45,$40K - $60K,5,3891,69,1,3,0,0.00039979807,,
708174708,38,$40K - $60K,6,1764,38,2,2,0,0.0075901854,,
708735183,35,Less than $40K,4,2289,49,3,0,0,0.076063186,,
708445608,48,Less than $40K,4,2027,57,3,0,0,0.06412991,,
778943883,51,$120K +,5,1959,42,2,2,0,0.0061807055,,
788810658,37,Unknown,3,2503,70,2,2,0,0.023224762,,
789050883,33,Unknown,4,2655,62,3,2,0,0.14327295,,
714531108,31,$80K - $120K,4,2109,52,3,2,0,0.0040584607,,
711635358,40,Less than $40K,6,2198,56,1,3,0,0.09501627,,
803648508,43,$80K - $120K,4,1646,42,2,2,0,0.18137197,,
813200058,63,$40K - $60K,4,1497,27,2,2,0,0.0120157255,,
805261983,35,Less than $40K,6,2847,61,3,0,0,0.04328698,,
715206408,31,Less than $40K,5,3264,83,1,3,0,0.0004517669,,
788684508,36,$80K - $120K,4,2056,41,3,2,0,0.11929941,,
737933883,34,$60K - $80K,3,2042,49,1,3,0,0.0070446003,,
768655158,29,$60K - $80K,3,2222,39,3,2,0,0.11497199,,
774437583,55,$60K - $80K,6,1504,38,2,2,0,0.10839555,,
713104458,46,$40K - $60K,3,998,25,3,2,1,0.99378455,,
715462008,45,$60K - $80K,6,2031,49,3,3,0,0.29668006,,
715366083,52,Less than $40K,2,947,33,2,0,1,0.99715674,0.25529587,Low priority
712322058,40,Less than $40K,5,3432,49,1,0,0,0.025032803,,
719737833,46,Less than $40K,4,1783,40,2,3,0,0.123319894,,
789530208,54,Less than $40K,6,1619,37,2,0,0,0.13776179,,
717885183,36,Less than $40K,6,2717,79,1,0,0,0.0007001307,,
716244033,44,$40K - $60K,2,1741,27,3,2,1,0.9694131,0.58269185,Priority
711614658,37,Less than $40K,6,2511,55,3,0,0,0.06846531,,
804598908,35,$80K - $120K,3,2238,49,2,2,0,0.18014872,,
719161683,64,Unknown,4,1607,44,1,2,0,0.0033209897,,
719327808,52,Unknown,5,1157,34,1,0,0,0.027249541,,
714038433,37,$40K - $60K,4,2953,72,1,0,0,0.0019107006,,
710129283,45,Unknown,4,2944,71,3,3,0,0.007556569,,
709367433,28,$40K - $60K,3,2261,56,3,0,0,0.020241778,,
719729433,65,Less than $40K,4,2535,51,2,3,0,0.0039069476,,
717192933,55,$120K +,3,1576,34,2,3,0,0.027707709,,
711734508,55,$80K - $120K,3,1584,28,3,2,0,0.08601719,,
715153158,41,$40K - $60K,4,4254,79,3,0,0,0.0018479765,,
712149033,57,Less than $40K,5,1834,55,1,3,0,0.008549063,,
713901108,37,$60K - $80K,6,3444,80,1,3,0,0.00013753865,,
719415858,29,Unknown,6,2460,71,3,0,0,0.0014574551,,
719385558,62,$40K - $60K,6,1281,32,1,3,0,0.0098737,,
779528658,42,$60K - $80K,4,2133,41,3,2,0,0.18142234,,
721508283,47,Less than $40K,4,3700,62,2,3,0,0.008911161,,
757753083,44,Less than $40K,5,4063,74,3,3,0,0.0017826554,,
797753283,34,Less than $40K,4,1926,33,3,0,0,0.0026881886,,
807523008,37,Unknown,4,2473,47,1,0,0,0.010467076,,
711416958,33,Unknown,3,2322,65,3,3,0,0.06552047,,
780865308,40,$80K - $120K,6,4542,86,3,3,0,0.0015056833,,
708423933,51,$40K - $60K,3,3203,64,2,3,0,0.004954571,,
714321408,65,$40K - $60K,6,1429,32,2,2,0,0.0015762819,,
771852483,46,$80K - $120K,6,3343,77,3,2,0,0.0022836667,,
708185208,27,$40K - $60K,4,2010,31,1,3,0,0.010321779,,
714920208,37,Less than $40K,3,3148,68,5,0,0,0.0004636346,,
789952158,34,Unknown,4,2689,57,3,0,0,0.015388632,,
713237958,34,$40K - $60K,4,1868,43,1,0,0,0.022046646,,
715956258,35,Less than $40K,3,1974,60,2,2,0,0.36715192,,
769196433,55,Less than $40K,4,2000,62,1,0,0,0.01005393,,
778942233,60,Less than $40K,5,1267,27,2,2,0,0.009444244,,
708651933,56,$60K - $80K,3,2311,57,1,0,0,0.017635291,,
720467583,52,$80K - $120K,3,3072,67,3,3,0,0.046364076,,
716549058,45,$40K - $60K,3,1998,41,1,0,0,0.009044394,,
713533983,56,$120K +,6,1590,33,3,2,0,0.0126660345,,
787463508,26,Less than $40K,5,1027,20,2,0,1,0.96879244,,
710256708,30,Less than $40K,5,2579,68,2,3,0,0.0015763442,,
708980283,34,$80K - $120K,5,2179,55,1,0,0,0.032485932,,
719484408,39,$60K - $80K,6,2903,57,2,3,0,0.004249001,,
710023233,36,$120K +,6,2739,65,2,3,0,0.0050355666,,
789101883,32,$120K +,6,2729,66,2,3,0,0.004281415,,
778381608,48,$80K - $120K,3,1766,46,3,2,1,0.9549492,,
787492908,50,Unknown,5,4357,73,3,3,0,0.0021121255,,
709932558,39,Less than $40K,5,1771,34,3,0,0,0.0049739513,,
780219483,61,Less than $40K,4,1339,28,2,0,0,0.00085165806,,
708590658,65,Unknown,5,1619,40,3,2,0,0.019751336,,
715143333,45,Less than $40K,6,3910,81,2,3,0,0.0004048092,,
801048483,34,$120K +,4,2646,49,3,2,0,0.2921267,,
711913833,37,$40K - $60K,4,1865,31,2,2,0,0.008195488,,
715413483,44,Less than $40K,5,3888,77,1,3,0,0.00026707255,,
715750758,56,$80K - $120K,6,1602,35,1,3,0,0.001343165,,
714062958,36,$40K - $60K,6,2552,64,1,3,0,0.022867704,,
710458758,65,Less than $40K,5,1203,30,3,2,0,0.040836826,,
719494983,26,Less than $40K,6,1997,44,3,0,0,0.039893195,,
710586483,26,Unknown,1,968,23,2,2,1,0.9957908,0.19348693,Low priority
772637058,34,$60K - $80K,3,2141,51,1,2,0,0.00042240316,,
718229133,51,$120K +,6,3783,57,2,2,0,0.040916894,,
718423533,57,$60K - $80K,6,2983,74,3,2,0,0.0024342386,,
781089708,30,$80K - $120K,6,2495,46,1,3,0,0.012731606,,
773082033,35,$80K - $120K,3,2317,38,3,2,0,0.006942713,,
815288583,32,$40K - $60K,3,2501,36,3,2,0,0.012684367,,
720431433,62,Unknown,5,1402,35,2,0,0,0.0011329796,,
709164408,32,Less than $40K,1,730,20,3,2,1,0.9983278,0.16988993,Low priority
710567508,53,$80K - $120K,4,1387,33,2,2,0,0.004001021,,
719427333,55,$60K - $80K,5,1291,27,4,2,0,0.015208912,,
714765408,26,Less than $40K,4,2266,57,3,0,0,0.03324675,,
709785783,35,Less than $40K,5,1485,34,3,2,1,0.77558446,,
809290308,31,Less than $40K,3,1912,45,1,3,0,0.00033523887,,
779598183,53,$60K - $80K,6,3428,54,1,3,0,0.018918466,,
779783508,45,$40K - $60K,5,2564,56,1,2,0,0.06439011,,
719568333,39,$80K - $120K,5,1668,36,3,2,0,0.0022988631,,
719207733,61,Less than $40K,5,1418,36,2,3,0,0.0027481134,,
715533108,31,Less than $40K,4,2568,62,3,2,0,0.021322602,,
714816258,37,$60K - $80K,4,2336,58,2,3,0,0.0753988,,
787573683,41,$60K - $80K,4,4189,74,2,0,0,0.00043285193,,
804310758,58,$120K +,5,2005,48,2,2,0,0.05815213,,
792912708,45,$40K - $60K,3,3183,64,1,2,0,0.00166465,,
719078283,57,Less than $40K,5,1501,35,3,0,0,0.057149608,,
708620283,35,$60K - $80K,6,2208,59,3,3,0,0.006921246,,
770985633,39,$40K - $60K,6,1980,42,1,3,0,0.0014636973,,
780094008,55,$120K +,4,1624,40,3,2,0,0.03065162,,
716420358,41,$40K - $60K,5,3151,78,2,0,0,0.00060321647,,
825756333,55,Less than $40K,4,2118,48,3,0,0,0.40740147,,
755273658,52,Less than $40K,3,2055,54,3,0,0,0.15549202,,
709096908,57,$120K +,6,1865,35,3,2,0,0.22120531,,
714840858,40,Less than $40K,5,3302,65,2,0,0,0.0040428615,,
721205508,47,$80K - $120K,3,1848,56,3,2,0,0.57196355,,
786493908,42,Less than $40K,4,3347,64,3,3,0,0.010632428,,
803963808,39,$80K - $120K,4,3762,74,3,2,0,0.0022175722,,
806170158,39,$60K - $80K,3,3899,78,3,3,0,0.003053848,,
751469808,36,$120K +,5,1606,33,2,2,0,0.0021941117,,
721055058,36,$60K - $80K,4,2599,46,1,2,0,0.0014102637,,
709794333,29,Less than $40K,6,1608,30,2,0,0,0.0011043603,,
718361583,56,Unknown,3,1559,44,3,2,0,0.8495079,,
714327183,37,Less than $40K,4,2878,54,3,0,0,0.016660476,,
808909008,61,Less than $40K,6,1448,31,3,2,0,0.07855606,,
716207508,36,$60K - $80K,5,1981,38,2,2,0,0.17448486,,
768965208,51,$40K - $60K,5,3158,71,2,3,0,0.0042760805,,
720185058,46,$60K - $80K,2,1067,23,3,2,1,0.9881499,0.3782797,Low priority
715220508,31,Less than $40K,4,2726,57,2,0,0,0.014304392,,
712112733,33,$40K - $60K,5,2518,67,2,3,0,0.0055883615,,
712298883,50,Less than $40K,3,2987,73,3,0,0,0.022017905,,
717813558,57,Unknown,1,1334,38,4,2,1,0.9374774,0.7601226,Priority
716823408,65,Unknown,3,2278,77,2,3,0,0.00032063344,,
719089383,48,$40K - $60K,3,4303,80,2,0,0,0.0010863573,,
710039208,57,Unknown,3,3871,87,3,0,0,0.00067834463,,
780237033,63,$40K - $60K,3,1539,35,1,2,0,0.019569943,,
720986958,50,$40K - $60K,6,2293,36,2,2,0,0.010460445,,
709473708,39,$80K - $120K,4,1780,33,2,3,0,0.0029401795,,
708593883,39,$60K - $80K,3,1813,38,1,0,0,0.0011972243,,
710241858,39,Less than $40K,6,2040,36,1,2,0,0.5510562,,
715392558,52,$120K +,6,2848,56,1,3,0,0.091363214,,
717399183,37,$80K - $120K,6,2774,52,3,3,0,0.012794699,,
817925058,50,Unknown,6,1932,35,1,2,0,0.0875944,,
716029158,59,$60K - $80K,6,1480,35,4,2,0,0.018244168,,
715043508,38,$40K - $60K,4,4642,61,3,2,0,0.29941493,,
716610558,65,$40K - $60K,3,2724,71,3,2,0,0.0065874057,,
716768808,57,$120K +,6,1591,43,2,2,0,0.007767167,,
795810633,65,Unknown,3,1234,24,3,3,0,0.00094655424,,
779925033,38,$40K - $60K,4,2807,60,3,0,0,0.003687557,,
790225758,41,$80K - $120K,6,2262,47,3,2,0,0.81274974,,
713879283,55,Less than $40K,3,1694,34,1,2,0,0.009967996,,
715968858,28,Unknown,4,1822,33,1,0,0,0.0060664574,,
767687208,31,$80K - $120K,6,2329,69,3,3,0,0.0018957035,,
778728783,39,Less than $40K,5,2739,56,3,0,0,0.0121402135,,
713637783,44,Unknown,5,1810,38,2,3,0,0.0038879688,,
718162908,55,$80K - $120K,3,1472,48,2,2,0,0.42373982,,
708664008,57,$80K - $120K,6,1222,37,3,2,0,0.17290473,,
711929058,28,Unknown,5,2157,49,3,3,0,0.00039280832,,
770781558,35,Less than $40K,5,1914,31,1,0,0,0.058673758,,
790048158,46,Less than $40K,3,2632,54,3,3,0,0.013172409,,
721258158,65,Unknown,3,2429,63,3,2,0,0.04501005,,
786480183,50,Unknown,6,3626,69,2,2,0,0.0014866139,,
721378008,31,$40K - $60K,6,2718,71,2,0,0,0.0010394012,,
786566733,49,$80K - $120K,3,3764,64,3,2,0,0.009899868,,
794551383,50,Less than $40K,5,4535,75,3,2,0,0.003006316,,
820981383,44,Less than $40K,5,1739,42,1,2,0,0.011175655,,
713366583,63,Less than $40K,6,1405,40,1,2,0,0.0023464498,,
767311008,41,$80K - $120K,6,1576,41,2,3,0,0.0071283877,,
716624133,56,$80K - $120K,6,1205,19,1,2,0,0.0013406837,,
712727283,55,$60K - $80K,4,1281,28,2,2,0,0.0010861709,,
716059608,48,Less than $40K,4,3277,67,3,2,0,0.0072469865,,
708292833,35,$120K +,4,2754,60,2,2,0,0.02131647,,
720013083,30,Less than $40K,6,3265,74,3,0,0,0.0010752605,,
710540883,37,$80K - $120K,5,2449,67,3,3,0,0.027583536,,
709212183,53,Less than $40K,6,1634,53,1,2,0,0.0044832765,,
713424108,37,$60K - $80K,4,2591,57,1,0,0,0.035631023,,
718476033,65,Unknown,5,2444,49,3,2,0,0.6605843,,
815001108,48,Less than $40K,3,3598,67,3,3,0,0.0032696647,,
709802208,37,$40K - $60K,3,2849,61,1,3,0,0.06368298,,
713445183,35,$60K - $80K,4,2794,58,3,0,0,0.0016985775,,
717310458,35,Less than $40K,3,2960,65,3,3,0,0.019703565,,
789158433,49,$40K - $60K,4,2922,53,1,0,0,0.01680735,,
788761608,26,Unknown,3,2564,57,3,2,0,0.11383393,,
709916058,58,$60K - $80K,3,1631,40,1,0,0,0.018871343,,
789804933,29,Unknown,4,2536,69,1,3,0,0.0036620973,,
780070833,58,Less than $40K,6,1617,29,2,0,0,0.005300429,,
772776033,33,$80K - $120K,3,2249,47,4,3,0,0.11010842,,
719804208,36,$40K - $60K,5,1933,48,1,3,0,0.011148954,,
715077483,47,Less than $40K,4,2250,40,3,0,0,0.04899446,,
717000858,41,Less than $40K,3,2274,52,2,0,0,0.2046859,,
792402483,46,$60K - $80K,5,4263,70,2,3,0,0.00096557284,,
712973733,58,$60K - $80K,3,1393,38,2,2,0,0.015078301,,
813213558,53,Less than $40K,4,3709,64,3,0,0,0.005090476,,
718215033,54,Less than $40K,6,1401,30,2,0,0,0.018219227,,
717207408,39,Unknown,4,2995,60,1,3,0,0.0035858778,,
711426033,49,$80K - $120K,3,3806,65,2,3,0,0.004074255,,
719233833,35,Less than $40K,3,1944,55,3,2,0,0.15022199,,
716864733,47,$120K +,6,1805,46,3,2,0,0.107516535,,
821168733,38,$60K - $80K,6,1783,33,3,2,0,0.013701038,,
710135058,56,$80K - $120K,3,1543,34,1,3,0,0.0015426031,,
720228708,56,$120K +,4,1302,27,1,2,0,0.0055764387,,
718618458,38,$60K - $80K,5,4345,72,1,3,0,0.0003521758,,
719470458,46,$80K - $120K,1,1102,27,4,2,1,0.9696134,0.4094571,Low priority
719587158,37,$40K - $60K,3,2565,72,2,0,0,0.0016116335,,
715499808,63,Less than $40K,4,1342,26,1,0,0,0.0114454925,,
718589133,65,Less than $40K,6,2328,62,2,3,0,0.014702349,,
789235383,38,$80K - $120K,5,2119,52,2,3,0,0.00046356898,,
773364483,45,Unknown,4,1906,39,1,3,0,0.003562487,,
713548158,26,$40K - $60K,5,2349,41,2,0,0,0.061903577,,
720264783,58,Less than $40K,4,1433,34,2,2,0,0.0019344451,,
715319958,48,$120K +,5,1312,32,2,2,1,0.6263689,,
710528583,26,$40K - $60K,6,2148,40,2,2,0,0.030155938,,
809990883,48,Less than $40K,6,2038,64,2,0,0,0.028892344,,
714412308,33,$80K - $120K,6,916,18,3,2,1,0.9877175,,
772303458,62,$40K - $60K,3,1407,44,3,2,0,0.02348436,,
721243083,55,$80K - $120K,1,1187,40,3,2,1,0.98503876,0.6043361,Priority
711990933,40,Less than $40K,4,3292,62,3,3,0,0.022849487,,
819977058,46,$40K - $60K,3,3432,71,3,0,0,0.002541278,,
721467258,58,$40K - $60K,3,1541,33,2,2,0,0.004329263,,
719976558,47,$60K - $80K,3,1881,49,2,2,0,0.0075187995,,
718824783,50,$60K - $80K,6,1986,50,1,0,0,0.04760031,,
713303733,53,$120K +,6,1564,33,3,2,0,0.012461197,,
711129483,45,$60K - $80K,3,3447,72,1,3,0,0.00024211807,,
779618433,48,$40K - $60K,6,4428,82,3,3,0,0.004672007,,
797757333,43,$60K - $80K,6,4149,86,1,3,0,0.00014111071,,
814497483,60,$60K - $80K,6,1618,47,1,3,0,0.0007485004,,
709623483,56,$120K +,4,1281,36,1,2,0,0.0008566733,,
709056558,43,$40K - $60K,5,1994,41,3,0,0,0.28126174,,
708238833,57,Less than $40K,6,1387,30,2,0,0,0.008544847,,
813261408,52,$40K - $60K,6,3446,58,3,0,0,0.0107866125,,
720424608,56,Unknown,6,1341,37,3,3,0,0.00073530123,,
798022683,43,$80K - $120K,4,2508,44,2,2,1,0.9950164,,
769756983,38,$60K - $80K,3,2520,61,1,3,0,0.00066080224,,
712674183,53,$40K - $60K,3,1271,36,3,2,0,0.059613653,,
708900408,52,Unknown,3,4370,83,2,2,0,0.0003815426,,
713625483,58,$80K - $120K,3,1469,29,2,2,0,0.010124254,,
716869458,34,Less than $40K,3,2251,63,6,2,0,0.12118329,,
788723133,36,$40K - $60K,5,2240,53,1,3,0,0.053390022,,
794462133,55,$40K - $60K,5,1749,41,1,0,0,0.008554189,,
712604133,54,$80K - $120K,3,1736,48,1,2,0,0.027749376,,
714397983,36,$40K - $60K,4,1942,42,3,0,0,0.009275959,,
788269158,35,Unknown,4,2534,78,3,0,0,0.00063169753,,
715898058,53,$120K +,5,1656,41,1,2,0,0.33841303,,
711906033,48,Less than $40K,4,3546,63,2,3,0,0.004427163,,
711367308,37,$40K - $60K,3,2614,67,3,0,0,0.012478042,,
790186458,45,$80K - $120K,3,1589,30,1,3,0,0.007853548,,
712040433,54,Less than $40K,6,2097,57,2,0,0,0.116931245,,
709616958,38,$60K - $80K,4,3168,73,3,2,0,0.0010529722,,
714633858,35,Less than $40K,3,2102,32,3,0,0,0.0010625185,,
794818833,36,Less than $40K,6,2661,58,1,3,0,0.0051910058,,
711219333,33,$120K +,6,2273,49,1,3,0,0.08094641,,
713384508,28,Less than $40K,4,2698,73,3,0,0,0.0005401158,,
772514808,36,$40K - $60K,3,2315,63,2,0,0,0.022857022,,
710808108,34,Less than $40K,3,2257,54,3,0,0,0.58971256,,
778973658,55,$60K - $80K,4,2273,66,6,2,0,0.009842915,,
712005108,61,Less than $40K,3,1376,44,3,0,0,0.01310091,,
804577833,44,Less than $40K,5,3974,63,1,3,0,0.0005599484,,
715028283,54,$80K - $120K,3,2836,61,3,2,0,0.4308831,,
789786258,39,$80K - $120K,3,2118,33,2,2,0,0.00067221344,,
715421058,51,$60K - $80K,3,3346,69,2,3,0,0.00068564847,,
797166633,47,$80K - $120K,6,2694,61,2,3,0,0.019296741,,
711041508,37,$40K - $60K,4,2623,47,3,0,0,0.005979134,,
712847208,47,$40K - $60K,5,1898,50,2,3,0,0.006494343,,
779174133,56,$120K +,5,1540,30,1,2,0,0.029751739,,
715680933,53,$80K - $120K,4,3369,55,2,2,0,0.008140263,,
770871708,62,$40K - $60K,5,2123,56,1,2,0,0.18585686,,
772643058,58,Less than $40K,6,1571,36,2,0,0,0.0041239862,,
718199133,57,$80K - $120K,3,1519,31,2,2,0,0.011174801,,
721475133,54,Unknown,6,2768,70,3,2,0,0.0110284975,,
766322883,33,$40K - $60K,6,2401,71,3,2,0,0.0053000143,,
771197433,54,Less than $40K,3,1351,30,2,3,0,0.031819683,,
709516458,30,$60K - $80K,3,2723,66,3,2,0,0.016971113,,
716456808,36,Less than $40K,6,2429,69,2,2,0,0.0062031355,,
716819958,60,$60K - $80K,3,1661,35,1,2,0,0.037159696,,
779449308,46,Less than $40K,6,3253,72,3,2,0,0.007923992,,
784891458,55,$80K - $120K,4,1502,34,3,2,0,0.007774844,,
790004883,55,$80K - $120K,3,1352,30,3,2,0,0.021909902,,
770262183,31,Less than $40K,5,2324,67,2,3,0,0.002052042,,
715277583,55,Less than $40K,3,2803,61,2,0,0,0.06170414,,
815510883,36,$40K - $60K,3,2576,74,2,2,0,0.0049356124,,
713997183,34,Less than $40K,3,2214,56,3,0,0,0.12254925,,
715107033,33,Less than $40K,3,2429,77,2,2,0,0.0012969275,,
720706008,30,$40K - $60K,5,2679,69,3,2,0,0.0027737773,,
710108133,54,$40K - $60K,5,1307,39,3,0,0,0.01599377,,
718983333,53,$80K - $120K,6,1331,30,1,2,0,0.0050853705,,
714030183,59,$80K - $120K,5,3259,65,3,2,0,0.0033329146,,
710496708,41,$120K +,6,4085,65,3,3,0,0.005556964,,
714935883,45,$40K - $60K,3,4074,65,1,3,0,0.0013926486,,
718972758,50,Less than $40K,5,1825,51,3,0,0,0.21714191,,
711827958,57,$60K - $80K,4,1032,26,4,2,0,0.018806353,,
778724058,63,$40K - $60K,5,3982,65,4,2,0,0.010612648,,
809620833,35,Unknown,3,2314,59,3,3,0,0.1181855,,
718920708,35,$60K - $80K,5,2172,38,3,2,0,0.0010865083,,
771051783,53,$120K +,6,1297,24,2,2,0,0.0014546037,,
715970133,33,Less than $40K,6,3448,103,2,3,0,0.00029431077,,
806889633,38,$80K - $120K,3,2906,58,1,3,0,0.000947059,,
717338733,31,Less than $40K,3,2801,72,2,3,0,0.00922791,,
779223858,37,$60K - $80K,4,2675,47,2,3,0,0.014730413,,
769980333,36,$80K - $120K,4,3023,53,2,2,0,0.0037483058,,
716112933,39,Unknown,3,644,15,2,2,1,0.9983834,,
788783133,58,Less than $40K,5,1649,29,3,2,0,0.04989011,,
816325533,39,Less than $40K,6,2315,49,3,2,0,0.3263892,,
720113433,61,$60K - $80K,3,2073,43,2,2,0,0.11243755,,
717233058,34,$40K - $60K,3,1524,31,2,2,0,0.006413398,,
710233683,55,$80K - $120K,4,1526,44,3,0,0,0.008142812,,
778327908,50,Less than $40K,4,4099,73,3,0,0,0.00378478,,
716400633,33,$40K - $60K,6,2057,54,3,2,0,0.23663013,,
787488108,48,Unknown,6,1970,51,4,2,0,0.1446313,,
771649083,63,$80K - $120K,3,1508,30,3,2,0,0.044497043,,
789853533,54,$40K - $60K,2,1037,14,1,3,1,0.9784425,0.16022953,Low priority
806256333,41,$60K - $80K,2,1786,26,3,2,1,0.97280437,0.56047004,Priority
796336833,51,$80K - $120K,5,2619,69,2,3,0,0.02412465,,
713763633,54,Unknown,5,1488,30,3,2,0,0.024018798,,
710942358,47,$40K - $60K,3,3814,88,3,0,0,0.0007418989,,
713974533,52,Less than $40K,5,3127,45,1,0,0,0.0012771963,,
787231233,34,$80K - $120K,3,2421,63,3,3,0,0.010576315,,
719810583,64,Less than $40K,4,1280,34,3,0,0,0.0007324468,,
717124983,62,$40K - $60K,3,1459,20,1,2,0,0.009993538,,
787523283,38,$80K - $120K,6,2291,56,2,3,0,0.0030408665,,
719493858,52,Less than $40K,5,2910,63,2,3,0,0.02009198,,
709897983,35,$40K - $60K,5,1921,26,2,2,0,0.026999122,,
717225258,35,$120K +,6,2383,59,2,3,0,0.058197446,,
803148033,54,$80K - $120K,6,1599,38,1,2,0,0.004537499,,
779474958,35,Less than $40K,6,2144,58,1,0,0,0.008339445,,
712060158,35,$60K - $80K,6,2483,59,2,0,0,0.009738403,,
713292933,36,Unknown,5,2156,64,2,3,0,0.003564058,,
710982858,33,$40K - $60K,6,2849,67,1,3,0,0.0009031326,,
714542058,53,$60K - $80K,5,3411,68,2,3,0,0.0016001009,,
712319058,37,Less than $40K,5,2468,58,3,3,0,0.017310645,,
744483633,35,$120K +,4,2753,48,3,3,0,0.011309317,,
714947883,59,$40K - $60K,6,1693,27,2,0,0,0.020273563,,
788776908,47,$80K - $120K,6,3525,63,1,0,0,0.00090457906,,
714802458,48,$40K - $60K,5,3580,77,2,0,0,0.0002249322,,
721485708,58,$80K - $120K,6,1220,36,1,2,0,0.005179234,,
716378658,55,Less than $40K,5,1725,41,2,2,0,0.05511009,,
713375658,37,$40K - $60K,6,2298,67,3,2,0,0.030243894,,
717828108,57,$80K - $120K,6,1327,31,1,3,0,0.013200522,,
788784258,60,Unknown,5,1475,31,2,2,0,0.005140818,,
718875483,50,$60K - $80K,4,4491,78,2,2,0,0.000511505,,
811111083,56,$60K - $80K,5,1458,39,6,0,0,0.02315971,,
715749108,48,$60K - $80K,5,3205,57,1,3,0,0.014918524,,
780197133,40,$60K - $80K,4,3699,67,1,3,0,0.0008651657,,
719146008,48,$80K - $120K,4,1126,35,4,2,1,0.88178587,,
717727308,50,Less than $40K,6,4740,67,2,3,0,0.024916772,,
718445883,61,Less than $40K,3,1617,26,2,2,0,0.020499384,,
795997908,36,$80K - $120K,6,3215,56,3,3,0,0.004204078,,
710159658,46,$120K +,5,2436,71,2,3,0,0.035517436,,
716068683,28,Unknown,3,3093,77,3,3,0,0.00082932005,,
778844433,49,$80K - $120K,3,3210,65,2,3,0,0.0040188483,,
715161633,44,$40K - $60K,6,3068,77,3,3,0,0.016642503,,
773270058,57,$80K - $120K,4,1337,27,2,2,0,0.11385516,,
714120258,37,$80K - $120K,3,2735,58,3,0,0,0.01914907,,
720076458,57,$80K - $120K,6,1327,26,2,2,0,0.01611031,,
720693033,33,$60K - $80K,1,741,10,3,2,1,0.99894804,0.09826199,Low priority
719978583,46,$60K - $80K,4,3281,68,1,3,0,0.0012486802,,
712784058,45,Unknown,6,1142,33,4,2,1,0.9192038,,
717261708,53,$80K - $120K,4,1548,41,2,2,0,0.03574827,,
803665983,52,$60K - $80K,3,3829,72,2,0,0,0.00043546158,,
815838633,34,$60K - $80K,3,1889,51,2,0,0,0.046821766,,
826706208,55,$80K - $120K,6,4042,62,2,3,0,0.006235722,,
721218408,53,$120K +,6,1924,54,3,2,0,0.041082896,,
779484408,37,$60K - $80K,6,2874,58,1,3,0,0.0057885475,,
710416533,58,$40K - $60K,4,3060,56,1,0,0,0.022789983,,
719706483,33,$120K +,6,2202,46,3,2,0,0.27538607,,
712206858,39,$120K +,3,3094,45,3,3,0,0.0015398801,,
709886583,37,Less than $40K,5,2761,77,2,3,0,0.0015883256,,
711040758,32,$40K - $60K,4,3006,83,3,3,0,0.002936811,,
817197333,26,Unknown,6,2678,50,2,2,0,0.068945386,,
718929708,60,Less than $40K,4,1558,23,2,2,0,0.0016746242,,
721150833,37,$80K - $120K,6,3028,76,2,2,0,0.000579575,,
714514983,43,Less than $40K,3,5029,75,6,2,0,0.0061361957,,
779888658,56,$80K - $120K,6,1426,38,1,3,0,0.0015090579,,
715883358,52,$80K - $120K,3,1454,29,3,3,0,0.0025368265,,
713363583,34,$120K +,3,3345,69,1,3,0,0.0022301471,,
772935108,47,$80K - $120K,3,1823,27,2,2,0,0.10706205,,
820075983,26,Less than $40K,4,2299,49,3,0,0,0.12454985,,
721502958,54,$120K +,5,1406,31,3,2,0,0.017978176,,
708596283,35,Less than $40K,3,2844,73,2,0,0,0.0030766567,,
710325258,52,$80K - $120K,6,3284,65,1,3,0,0.00021528742,,
708823908,41,$60K - $80K,4,4252,64,1,3,0,0.0011537002,,
826401858,36,Less than $40K,3,2448,63,2,0,0,0.01118584,,
709554483,53,Less than $40K,5,1637,22,1,0,0,0.055778697,,
710545158,42,$120K +,6,3738,68,3,3,0,0.0036312013,,
788621658,54,$60K - $80K,6,1457,24,3,0,0,0.0046089096,,
716713533,53,$80K - $120K,5,3393,58,2,3,0,0.003661603,,
712338033,36,$80K - $120K,4,1687,40,2,2,0,0.0021391718,,
711639708,42,$60K - $80K,6,1794,45,2,3,0,0.07793598,,
720216108,27,Less than $40K,4,2605,61,3,0,0,0.006124952,,
718708908,58,$60K - $80K,6,1426,29,2,2,0,0.002945223,,
802890333,59,$40K - $60K,5,1660,34,1,0,0,0.0051898165,,
712965183,63,Less than $40K,5,1188,35,2,0,0,0.0030370655,,
796170933,57,$80K - $120K,6,3600,66,2,2,0,0.00065296836,,
712816833,56,Unknown,4,1425,32,1,0,0,0.00075768563,,
814829583,42,Less than $40K,6,4822,74,1,3,0,0.0030960008,,
798769458,29,Less than $40K,3,3011,83,1,3,0,0.000429088,,
818034558,44,$60K - $80K,5,2337,40,3,2,0,0.3479904,,
719483358,33,$40K - $60K,3,2962,54,2,3,0,0.10797201,,
719647383,35,$80K - $120K,5,2001,49,2,2,0,0.023831578,,
714909108,33,Less than $40K,5,2641,67,3,2,0,0.015122615,,
793678608,46,$80K - $120K,5,3568,57,1,2,0,0.019139348,,
720854358,27,$40K - $60K,4,2026,49,1,0,0,0.016085304,,
709126833,42,$120K +,3,4121,81,2,3,0,0.0004378792,,
788896983,53,$60K - $80K,6,1537,37,3,2,0,0.0036471458,,
715731033,50,$120K +,3,3569,77,1,3,0,0.000582476,,
717636933,48,$40K - $60K,3,3542,57,1,3,0,0.012079997,,
772658658,57,$60K - $80K,6,4439,77,3,2,0,0.003618158,,
755943033,34,Less than $40K,4,2450,52,1,0,0,0.045213338,,
772399983,55,$80K - $120K,3,1966,31,1,2,0,0.017587673,,
826130133,58,$120K +,6,1121,25,2,2,0,0.009326665,,
719238183,55,Less than $40K,3,2238,45,2,0,0,0.85245734,,
802666083,48,Less than $40K,3,3656,63,2,3,0,0.011073079,,
713682708,45,$40K - $60K,5,3692,60,1,3,0,0.0017654946,,
712774008,59,Less than $40K,6,1489,34,1,0,0,0.015850002,,
717627333,53,$40K - $60K,5,1363,37,1,0,0,0.01782857,,
779542608,47,$80K - $120K,3,1739,39,3,2,0,0.22192657,,
715322958,43,Unknown,4,3575,67,2,3,0,0.0020763169,,
779100408,33,Less than $40K,6,2629,61,2,0,0,0.10442821,,
715352883,49,Unknown,3,5176,71,3,3,0,0.017735245,,
789963033,54,Less than $40K,3,1603,39,5,2,1,0.9477274,,
710687508,65,Less than $40K,6,2148,47,3,0,0,0.003338379,,
789656358,49,$40K - $60K,5,3956,74,2,3,0,0.0014751153,,
715720083,47,$80K - $120K,6,3157,76,2,3,0,0.003573756,,
716584158,51,$80K - $120K,6,2090,47,1,3,0,0.02918315,,
815727183,36,$80K - $120K,6,2683,62,1,3,0,0.0018846869,,
717066408,36,$60K - $80K,3,2540,62,1,2,0,0.00084667216,,
708104658,46,$40K - $60K,4,2928,48,3,0,0,0.054669023,,
718016808,62,Less than $40K,3,1475,27,1,0,0,0.0005595477,,
814571058,30,Less than $40K,4,2545,64,3,0,0,0.025626104,,
714757908,46,$120K +,4,2163,56,1,2,0,0.012404598,,
710345808,41,$80K - $120K,6,1828,38,2,3,0,0.013080667,,
814752558,50,$40K - $60K,5,2513,62,3,0,0,0.08358696,,
721284258,53,$80K - $120K,4,1636,39,1,2,0,0.09437269,,
719336583,55,$120K +,3,1525,21,3,2,0,0.04544088,,
797638383,49,Less than $40K,4,3561,73,3,0,0,0.00089662237,,
708434733,56,$60K - $80K,6,1249,28,3,2,0,0.004292062,,
711802758,63,$40K - $60K,4,1700,42,1,2,0,0.013075227,,
720620058,41,$80K - $120K,4,1959,50,3,3,0,0.018554743,,
819169683,34,$40K - $60K,3,1972,37,2,0,0,0.007815808,,
709757583,35,$120K +,5,2074,48,2,0,0,0.0025997742,,
789307833,44,$120K +,5,1849,56,3,2,0,0.019744048,,
823912308,38,Less than $40K,5,1767,28,1,0,0,0.0017469948,,
720746208,52,$80K - $120K,6,1356,33,1,0,0,0.005954215,,
709121283,54,Less than $40K,3,1615,35,3,0,0,0.042926226,,
714093108,58,$40K - $60K,3,1707,56,3,2,0,0.036172587,,
718368333,26,Less than $40K,6,3323,61,1,3,0,0.0009952262,,
806752533,27,Less than $40K,4,2553,59,1,0,0,0.0021663816,,
758521983,33,$80K - $120K,3,2198,40,2,2,0,0.6072992,,
779473308,32,$60K - $80K,4,2411,67,3,2,0,0.010974529,,
709376508,58,Less than $40K,3,1815,47,3,2,0,0.044667635,,
712589658,45,Less than $40K,5,1795,37,2,2,0,0.10998296,,
712141683,48,Less than $40K,4,3457,61,2,3,0,0.008033609,,
712494108,38,$60K - $80K,3,1872,52,3,2,0,0.33316416,,
721350783,54,$80K - $120K,6,1569,39,3,2,0,0.0041806553,,
710133858,40,Less than $40K,5,4150,64,1,3,0,0.00056022516,,
719152383,35,Less than $40K,5,2946,57,1,0,0,0.0013387717,,
715174158,31,$80K - $120K,4,2588,48,1,3,0,0.011970795,,
780040758,40,$40K - $60K,5,1999,50,3,0,0,0.005280382,,
719525358,52,$80K - $120K,4,3310,76,3,2,0,0.00072139467,,
710892408,57,Less than $40K,6,1681,32,2,2,0,0.025268571,,
713295183,48,$80K - $120K,6,3897,75,2,3,0,0.0006700216,,
789871233,49,$80K - $120K,5,4316,78,3,0,0,0.00068533554,,
712663533,40,$40K - $60K,6,3903,62,4,0,0,0.001232786,,
820906233,45,$40K - $60K,5,3242,63,2,3,0,0.009355192,,
821163408,41,$80K - $120K,5,3411,60,3,3,0,0.008546266,,
708947208,36,$80K - $120K,4,2631,72,3,0,0,0.0011568774,,
715261458,37,Less than $40K,6,2621,49,2,2,0,0.76567817,,
789310833,44,$40K - $60K,5,3164,62,2,2,0,0.008983994,,
818294958,52,$120K +,3,4040,77,3,3,0,0.0008917931,,
713902983,42,Less than $40K,4,4381,77,3,0,0,0.0005987989,,
771693933,62,Less than $40K,6,1757,33,6,2,0,0.042141896,,
827984658,49,$80K - $120K,3,1885,39,0,2,1,0.94882923,,
789012633,30,Less than $40K,3,2907,69,2,3,0,0.0031472896,,
807237783,50,$60K - $80K,5,4166,66,3,2,0,0.00516566,,
803408733,32,$60K - $80K,6,2466,60,1,0,0,0.0026299797,,
824667708,32,Less than $40K,6,3007,84,3,0,0,0.0005784384,,
807165033,49,$60K - $80K,3,3533,59,1,2,0,0.013036763,,
809984133,37,$120K +,3,2730,68,3,2,0,0.0037573818,,
718949433,42,Unknown,3,3415,79,2,3,0,0.0013514361,,
751227183,36,$80K - $120K,3,2283,51,3,2,0,0.16255508,,
716331408,52,Less than $40K,1,1353,36,4,2,1,0.98950535,0.3605312,Low priority
714199983,48,$60K - $80K,5,3927,68,2,2,0,0.0010820528,,
774172158,29,$60K - $80K,3,2650,65,1,3,0,0.0030630047,,
708171858,33,$40K - $60K,5,2607,44,2,0,0,0.010829103,,
709074108,36,$60K - $80K,5,2787,73,2,2,0,0.006172279,,
721304133,36,Less than $40K,4,1855,49,1,3,0,0.00043875581,,
787430733,56,$40K - $60K,5,1706,27,3,2,0,0.042370614,,
711225933,28,Less than $40K,5,2306,61,3,0,0,0.016518058,,
717478983,31,Less than $40K,6,2697,68,2,0,0,0.00090971624,,
720949083,44,Less than $40K,5,3534,53,3,0,0,0.39482254,,
712851108,51,Unknown,5,2965,51,1,2,0,0.09770897,,
713151258,55,$40K - $60K,4,3524,69,1,2,0,0.000928737,,
799731033,34,Less than $40K,3,3044,91,3,3,0,0.0019544563,,
822138333,61,$40K - $60K,4,3964,66,3,2,0,0.010241581,,
708532308,37,$60K - $80K,4,3000,70,2,3,0,0.0012365622,,
713718558,46,$40K - $60K,6,3393,64,2,2,0,0.010785631,,
778939683,47,Less than $40K,4,1452,38,3,3,0,0.0033755552,,
713322633,54,$40K - $60K,4,1682,39,3,0,0,0.17709894,,
754671558,50,Less than $40K,6,2073,48,1,0,0,0.0855936,,
719291283,36,Less than $40K,5,2660,62,1,0,0,0.004747191,,
720659283,37,$60K - $80K,5,1910,43,3,2,0,0.014045179,,
719535558,47,$40K - $60K,5,4129,72,1,3,0,0.0003198665,,
771032658,54,$80K - $120K,3,1604,39,3,2,0,0.035923336,,
709468683,64,Less than $40K,6,1755,39,2,0,0,0.026515115,,
719455908,48,$80K - $120K,3,3742,75,3,3,0,0.0021737288,,
816890883,35,$60K - $80K,6,2266,74,3,2,0,0.0013932163,,
709826058,49,$80K - $120K,3,1805,34,1,3,0,0.022556828,,
735008958,42,$60K - $80K,6,1703,53,3,3,0,0.006294759,,
713766183,49,$80K - $120K,5,4160,81,3,2,0,0.0028048507,,
719148633,53,Less than $40K,6,1398,24,2,0,0,0.0045621037,,
789266208,56,$80K - $120K,3,1408,28,2,2,0,0.019797785,,
718373658,41,$60K - $80K,6,3817,81,3,3,0,0.0015482871,,
712255458,37,$60K - $80K,3,2879,63,1,2,0,0.0022085821,,
789494133,30,Less than $40K,5,2441,53,4,2,0,0.01092648,,
714178458,45,$80K - $120K,3,1792,53,3,2,0,0.16829024,,
717595908,54,$60K - $80K,5,1688,45,1,3,0,0.0051125237,,
798114033,46,$60K - $80K,4,3355,58,2,2,0,0.007835404,,
709479558,36,Less than $40K,3,3073,86,2,0,0,0.0005172446,,
778148283,48,$120K +,5,3921,74,2,3,0,0.00093222025,,
719363283,59,Less than $40K,3,1904,47,1,2,0,0.3010096,,
716225433,60,$80K - $120K,6,3103,65,3,2,0,0.08887781,,
719882583,44,$60K - $80K,3,3866,67,3,2,0,0.0027052166,,
711076533,65,Less than $40K,5,3435,58,3,3,0,0.005065556,,
820651908,46,$40K - $60K,5,3162,64,2,2,0,0.024456793,,
710884683,48,$80K - $120K,6,3937,80,2,3,0,0.002380966,,
797468658,53,$120K +,5,1536,31,1,2,0,0.05166432,,
716375883,53,Unknown,6,1716,38,2,0,0,0.07914003,,
711534183,41,$80K - $120K,4,3533,57,2,3,0,0.021303114,,
721083258,37,$40K - $60K,5,2064,46,1,0,0,0.0058766236,,
717986058,29,Less than $40K,6,2712,64,3,2,0,0.0019481537,,
804610908,49,Less than $40K,4,3295,66,3,0,0,0.002661567,,
717602733,47,Less than $40K,4,4165,67,3,3,0,0.0033539091,,
770952933,53,Less than $40K,4,1616,37,2,0,0,0.009844793,,
713233908,33,$60K - $80K,5,2883,93,3,3,0,0.0005642532,,
755365233,34,$60K - $80K,5,3948,96,2,3,0,0.00021917313,,
715105908,28,Unknown,3,2507,64,3,3,0,0.004390702,,
712658283,36,$40K - $60K,3,3222,86,2,3,0,0.0015781194,,
708796458,30,Less than $40K,3,3016,67,1,0,0,0.014269924,,
713557533,34,$40K - $60K,4,2664,81,1,3,0,0.00043406224,,
710524533,38,$40K - $60K,4,899,28,4,2,1,0.9930709,,
713412558,39,Less than $40K,3,2674,67,3,3,0,0.017751733,,
720000708,32,Unknown,3,2945,69,3,0,0,0.0075898236,,
718934058,36,$40K - $60K,4,2396,51,3,0,0,0.693374,,
710607408,37,Unknown,3,3999,96,1,3,0,6.7956375e-05,,
717613233,45,$60K - $80K,5,2058,56,2,2,0,0.08087177,,
821710308,38,Less than $40K,5,1739,35,3,0,0,0.025244297,,
716089983,31,$40K - $60K,3,2015,46,1,2,0,0.0052834237,,
720430083,65,Less than $40K,3,3913,67,3,0,0,0.0021086822,,
712071708,63,Less than $40K,6,1320,35,3,2,0,0.011889249,,
770721858,65,Less than $40K,3,1463,31,2,2,0,0.071249284,,
751381458,43,Unknown,3,3814,72,3,2,0,0.0026924848,,
715629783,51,$40K - $60K,6,4399,64,2,3,0,0.00486298,,
768886533,37,$60K - $80K,3,3246,57,1,3,0,0.00075986574,,
711023508,55,Unknown,5,1547,30,4,2,0,0.032729387,,
711291558,27,$60K - $80K,4,2636,50,3,2,0,0.11649686,,
714929283,34,$40K - $60K,5,2625,52,1,0,0,0.02192096,,
716285358,32,Less than $40K,3,2801,79,5,2,0,0.0017459522,,
710958033,49,Less than $40K,3,4075,76,2,3,0,0.0009917789,,
711368283,39,$80K - $120K,3,3448,53,3,3,0,0.004692652,,
807275733,27,Unknown,5,2498,37,2,2,0,0.04368301,,
708231183,30,Unknown,5,2643,72,3,2,0,0.0026643646,,
789690483,39,$80K - $120K,6,3135,39,2,3,0,0.006578668,,
789338583,42,$80K - $120K,4,1988,30,2,2,0,0.0129312165,,
717411483,55,$80K - $120K,4,3731,69,2,3,0,0.0019992085,,
720799608,57,$40K - $60K,5,1621,32,1,2,0,0.0047976505,,
714112383,53,$120K +,6,1380,30,3,2,0,0.0038384884,,
717994608,51,$80K - $120K,4,2113,60,3,3,0,0.056018814,,
798558783,47,Less than $40K,6,3732,75,1,2,0,0.00040967527,,
716875083,26,$40K - $60K,6,2351,42,3,2,0,0.2551486,,
714603558,37,$40K - $60K,6,2007,46,2,3,0,0.008067851,,
789903708,45,$40K - $60K,6,3968,68,3,3,0,0.0018667849,,
801989733,55,$60K - $80K,6,3915,76,3,3,0,0.0010907806,,
789504183,37,$120K +,3,2574,62,3,2,0,0.1310912,,
714574083,36,Less than $40K,3,2511,51,2,0,0,0.33980423,,
717978033,36,Less than $40K,5,2822,73,3,2,0,0.0055565895,,
711256908,39,$60K - $80K,6,3695,81,3,3,0,0.00041505793,,
721023708,47,$60K - $80K,3,2142,62,3,2,0,0.3567607,,
714522258,56,Less than $40K,6,1596,37,3,2,0,0.008983276,,
714247458,56,Unknown,6,3271,71,2,3,0,0.004782214,,
780416433,38,Less than $40K,4,2169,38,1,2,0,0.006857199,,
713644758,49,$120K +,6,4098,74,2,3,0,0.0007332545,,
712700358,36,Less than $40K,4,2411,60,3,0,0,0.040389024,,
779873508,51,Less than $40K,5,3607,60,3,0,0,0.009910427,,
779342958,26,$40K - $60K,2,3625,85,3,0,0,8.7796536e-05,0.42657566,Test
711738333,34,$80K - $120K,6,2361,45,2,3,0,0.0022800919,,
709413933,56,$40K - $60K,2,1920,46,6,2,1,0.99047184,0.5426442,Test
720323208,43,$120K +,6,4976,88,2,3,0,0.002373412,,
708132783,47,Unknown,6,3929,71,2,3,0,0.0007783634,,
713372583,42,Less than $40K,3,3786,67,2,3,0,0.001241911,,
710092683,38,$80K - $120K,2,1837,47,3,0,0,0.49451947,0.6082273,Priority
779284833,55,$60K - $80K,3,3591,63,3,3,0,0.0030736,,
713426358,28,Unknown,3,2395,62,2,3,0,0.007152274,,
717132633,62,$40K - $60K,3,3066,61,2,3,0,0.003981495,,
714967233,52,$120K +,3,2109,47,2,2,1,0.9080645,,
767587833,44,$120K +,3,4599,75,1,0,0,0.0044057355,,
714954033,29,Less than $40K,5,2675,57,2,2,0,0.07952797,,
716154258,48,$60K - $80K,3,2023,37,2,2,0,0.08281875,,
755399433,43,$80K - $120K,6,4549,68,1,3,0,0.00055589835,,
709876008,49,Less than $40K,3,1803,49,1,0,0,0.0075311647,,
709918158,43,$80K - $120K,5,2028,51,6,2,0,0.41014692,,
713350908,41,$40K - $60K,5,3636,68,3,0,0,0.0027593866,,
715759458,43,$80K - $120K,6,4066,74,2,3,0,0.0010799381,,
713976258,51,Less than $40K,4,3102,63,1,0,0,0.0026584412,,
790174608,37,$80K - $120K,6,2660,70,3,3,0,0.001595878,,
771335358,37,$40K - $60K,3,3161,54,3,2,0,0.105494626,,
708382083,49,$80K - $120K,6,2584,60,2,3,0,0.34695065,,
771829758,36,$80K - $120K,6,2143,46,3,2,0,0.32263252,,
767333808,50,Less than $40K,5,4929,74,3,2,0,0.020596076,,
721385433,64,Less than $40K,3,1662,39,3,2,0,0.022231422,,
794293908,36,Unknown,3,2847,67,2,3,0,0.008844516,,
720409608,45,$120K +,6,1717,39,2,2,0,0.012522364,,
717830583,41,$80K - $120K,6,4101,88,3,3,0,0.0008416104,,
715455708,47,$80K - $120K,3,2361,49,3,2,0,0.51256174,,
719108358,39,$80K - $120K,5,2783,56,2,3,0,0.008467373,,
769323183,51,$120K +,6,2086,44,2,2,0,0.362329,,
820020258,55,$40K - $60K,5,1778,40,3,2,0,0.28988305,,
719234883,57,$120K +,5,3990,88,3,3,0,0.00071689027,,
807349158,36,$120K +,4,2243,60,3,2,0,0.012518238,,
710799783,35,$120K +,4,3143,60,3,2,0,0.008867398,,
778456983,38,Less than $40K,5,1823,49,3,2,0,0.37602466,,
708644208,39,$40K - $60K,5,3355,77,2,2,0,0.0015833148,,
711659958,65,$40K - $60K,4,1594,36,2,0,0,0.0009767035,,
798988983,51,Less than $40K,6,3553,78,3,3,0,0.0006102185,,
710760258,50,Less than $40K,4,4740,81,3,2,0,0.0020631861,,
799700208,38,$60K - $80K,5,3732,70,1,3,0,0.00015704853,,
772401933,36,Less than $40K,3,3569,62,3,3,0,0.01232239,,
787460883,41,$40K - $60K,3,1234,34,3,2,1,0.9121767,,
770937183,40,Less than $40K,3,3502,87,1,3,0,0.00011638453,,
715468083,40,Unknown,3,3146,66,2,2,0,0.0021902118,,
807161508,26,Less than $40K,6,2804,52,3,0,0,0.00879576,,
772268058,46,Less than $40K,5,3129,69,2,0,0,0.0015068308,,
710166783,49,Less than $40K,3,4277,80,3,3,0,0.00047702945,,
804820233,38,$80K - $120K,6,2763,62,3,3,0,0.009308434,,
708758658,49,$80K - $120K,5,3951,76,1,3,0,0.00071856304,,
714011358,38,$80K - $120K,5,2876,60,1,3,0,0.044246335,,
712401033,36,Less than $40K,4,2186,59,3,0,0,0.060875252,,
771212508,34,Less than $40K,6,2825,93,3,3,0,0.00039914632,,
821150958,52,$80K - $120K,3,3452,66,1,3,0,0.0018410727,,
792272658,40,$80K - $120K,3,3756,73,3,2,0,0.0011396746,,
809818008,36,$80K - $120K,3,2300,60,3,2,0,0.03880107,,
803231058,53,Less than $40K,5,4294,66,1,3,0,0.0023833232,,
715698633,40,Less than $40K,3,2341,57,1,0,0,0.051000003,,
720450108,54,$40K - $60K,5,1585,37,1,3,0,0.024034632,,
719076858,34,$60K - $80K,5,2651,81,1,0,0,0.0011131661,,
720016308,62,Less than $40K,4,4199,77,2,0,0,0.00033051363,,
712443558,39,Unknown,6,1994,57,1,3,0,0.026017593,,
711835758,50,$120K +,4,1756,35,5,2,0,0.638173,,
709284333,36,$120K +,6,2546,62,3,3,0,0.008307097,,
788122533,56,Less than $40K,6,1336,32,2,3,0,0.013926848,,
709206333,44,$40K - $60K,3,1558,40,4,2,1,0.96128553,,
713039808,45,Less than $40K,3,1801,48,2,3,0,0.27429244,,
801700233,36,$120K +,4,3140,74,3,0,0,0.00046886367,,
716815308,44,Less than $40K,4,3942,69,2,2,0,0.00057841337,,
821149008,52,$80K - $120K,6,1661,40,2,2,1,0.46029836,,
720580383,50,Less than $40K,3,3637,80,2,3,0,0.00087861944,,
780202908,53,Less than $40K,3,2833,70,3,2,0,0.017804231,,
787504158,36,Less than $40K,4,1755,42,3,0,0,0.018580033,,
716183283,27,Less than $40K,5,3563,70,3,0,0,0.00064427295,,
824168808,31,Unknown,4,2271,60,6,2,0,0.009927768,,
712936908,36,$60K - $80K,3,2969,88,1,3,0,0.00015313442,,
719855958,41,$60K - $80K,6,3367,66,1,3,0,0.00070879614,,
710112933,28,$60K - $80K,6,2580,61,3,3,0,0.003298159,,
768364233,59,$40K - $60K,6,1505,33,2,2,0,0.012562955,,
771725808,43,$80K - $120K,5,3395,71,1,2,0,0.0008610647,,
780686358,41,$60K - $80K,3,3798,58,1,0,0,0.0015537745,,
712762758,46,$60K - $80K,4,3179,79,2,3,0,0.0002711311,,
714392808,51,$80K - $120K,3,3504,62,4,2,0,0.013005809,,
713089458,44,Less than $40K,5,3411,78,2,3,0,0.0008914558,,
826780683,40,$60K - $80K,6,3943,85,2,3,0,0.0005342262,,
780251658,32,$40K - $60K,4,2395,57,1,3,0,0.06482721,,
772273983,48,$40K - $60K,1,2138,40,3,2,1,0.99683017,0.40580052,Low priority
737944908,58,$60K - $80K,4,1599,36,2,2,0,0.0039679124,,
720688158,37,Less than $40K,3,2751,68,2,2,0,0.051830653,,
719902908,51,$80K - $120K,3,1434,31,3,2,1,0.9823171,,
771682533,43,Less than $40K,4,3928,75,3,3,0,0.0024066784,,
708193008,41,$80K - $120K,3,1616,43,3,2,0,0.30450347,,
772449858,51,$40K - $60K,5,3849,70,3,2,0,0.0045352164,,
715992558,52,$80K - $120K,4,1968,59,2,3,0,0.061030004,,
708502908,61,$60K - $80K,5,3925,88,2,3,0,0.00092957716,,
720132258,49,$120K +,6,3422,78,1,2,0,0.0006615168,,
708704433,36,Unknown,6,2812,77,3,0,0,0.00039618826,,
720906033,35,$40K - $60K,5,2987,52,4,2,0,0.007821444,,
719961183,63,Less than $40K,5,1550,33,3,0,0,0.0032927478,,
718838808,36,Less than $40K,6,2720,48,3,0,0,0.0027086341,,
710268858,33,Less than $40K,5,3162,99,1,0,0,0.00020012983,,
788360283,33,$80K - $120K,4,2557,55,1,3,0,0.06251833,,
717914808,65,Unknown,4,4044,66,3,2,0,0.0043227174,,
802884933,61,$60K - $80K,6,1665,32,2,2,0,0.0053411988,,
714436383,44,$80K - $120K,4,4222,75,3,3,0,0.004049481,,
718785483,38,$80K - $120K,6,4238,85,3,3,0,0.0013294447,,
708816408,41,$80K - $120K,4,3063,71,6,2,0,0.007536997,,
715363908,44,Less than $40K,4,3658,70,1,3,0,0.00039846217,,
709163358,41,$60K - $80K,2,1727,35,3,2,1,0.9956612,0.37036887,Low priority
827643858,45,Less than $40K,6,3212,64,2,3,0,0.06397437,,
711251133,37,$80K - $120K,5,2990,55,2,3,0,0.024218004,,
716896833,51,$80K - $120K,3,1976,35,1,2,0,0.015187907,,
789193383,65,Less than $40K,3,3495,70,1,0,0,0.0002302664,,
712801758,37,$40K - $60K,6,3052,63,1,0,0,0.008702232,,
719836083,54,$60K - $80K,3,1543,34,4,2,0,0.12123202,,
718291233,46,$80K - $120K,5,4314,67,1,3,0,0.0014632883,,
718682883,41,$80K - $120K,3,4478,76,3,3,0,0.0054076025,,
771503958,49,$40K - $60K,5,4089,72,1,0,0,0.00047258206,,
771960708,51,$80K - $120K,3,3591,80,2,0,0,0.00061553024,,
717427983,50,Less than $40K,4,2682,64,3,2,0,0.36251408,,
712737108,48,Unknown,4,4221,75,1,3,0,0.00044352846,,
771599283,53,$80K - $120K,3,1606,32,2,2,0,0.004916159,,
717237708,54,$60K - $80K,3,3982,58,3,2,0,0.018335726,,
710703708,46,$40K - $60K,6,2961,56,3,3,0,0.31304872,,
712513458,47,Less than $40K,4,3150,70,1,2,0,0.0024350237,,
709690158,52,Less than $40K,6,1470,33,1,0,0,0.034261398,,
709959858,43,Less than $40K,6,3825,63,3,2,0,0.05945987,,
720683958,41,$80K - $120K,6,4077,67,2,3,0,0.0022894691,,
780704358,34,$60K - $80K,4,4014,73,3,3,0,0.00057881424,,
717843783,33,Less than $40K,4,2338,71,3,3,0,0.0028335708,,
718318383,49,$60K - $80K,6,4251,69,3,0,0,0.0010974135,,
708849858,44,$120K +,4,3683,73,1,2,0,0.0002937941,,
712652283,36,$80K - $120K,4,3030,74,1,3,0,0.0009874688,,
793461933,37,$80K - $120K,4,2835,57,2,3,0,0.037477154,,
720084183,46,$120K +,5,3018,75,2,2,0,0.017917663,,
767114958,65,Less than $40K,4,3250,70,2,0,0,0.0017101394,,
709216533,52,$80K - $120K,6,3142,64,3,2,0,0.009899265,,
720897783,50,$120K +,6,2776,59,2,2,0,0.028852109,,
773503308,59,Less than $40K,5,4010,79,5,0,0,0.00089056016,,
719963433,37,Unknown,3,3676,77,2,3,0,0.0004274034,,
708139833,40,$60K - $80K,4,2323,44,2,2,1,0.9860982,,
710664558,40,Less than $40K,5,3927,73,2,2,0,0.0016744973,,
713687508,59,$60K - $80K,5,3159,69,2,2,0,0.0016735482,,
816312633,52,$40K - $60K,6,2349,66,3,2,0,0.1887264,,
712019883,43,Unknown,5,3337,69,3,3,0,0.001919623,,
718216008,48,$60K - $80K,5,3275,60,2,2,0,0.015154151,,
718345233,45,Less than $40K,6,1904,41,3,0,0,0.92544997,,
771228183,30,Less than $40K,4,3294,87,1,3,0,0.00094205176,,
789430083,41,$40K - $60K,6,4470,83,1,3,0,0.0002580182,,
779524833,51,$80K - $120K,4,3640,59,3,0,0,0.017499799,,
823621083,46,$120K +,3,3948,74,3,2,0,0.0021030558,,
715563558,50,$120K +,3,2533,62,3,3,0,0.0073974803,,
715424283,31,Less than $40K,5,3059,50,2,3,0,0.2915306,,
807209808,48,$60K - $80K,6,3739,68,2,0,0,0.000598822,,
716578158,39,Less than $40K,6,3205,49,2,2,0,0.010371748,,
708911508,50,Less than $40K,3,3446,71,3,3,0,0.00331057,,
717332733,47,$80K - $120K,5,2851,80,2,3,0,0.010944742,,
710681808,53,$80K - $120K,6,2484,52,3,3,0,0.21638474,,
708740808,45,$40K - $60K,5,2949,54,3,3,0,0.19286558,,
711728208,46,$120K +,4,4143,68,1,3,0,0.0009952242,,
720562008,34,$80K - $120K,4,2759,65,3,3,0,0.0059979158,,
709012083,39,Less than $40K,3,2010,45,3,2,0,0.29343486,,
771073908,62,$40K - $60K,4,1406,27,1,2,0,0.05626957,,
718174908,53,Less than $40K,4,1458,29,3,0,0,0.0033852886,,
709550958,51,$60K - $80K,3,2689,62,1,2,0,0.08379652,,
720411183,34,Unknown,6,3042,66,1,3,0,0.00026551593,,
720776508,44,$40K - $60K,4,4248,65,3,3,0,0.0048270226,,
755615208,49,$120K +,5,4084,66,3,3,0,0.0045694266,,
708147108,26,Unknown,6,2309,71,1,3,0,0.0014191956,,
827476983,56,Less than $40K,3,1865,42,5,0,1,0.86761826,,
716682258,52,$120K +,4,3650,62,3,2,0,0.005850798,,
708563433,65,Unknown,3,1616,32,6,2,1,0.9495211,,
772277508,65,Less than $40K,4,3292,52,2,3,0,0.018717017,,
712515558,35,$60K - $80K,3,2834,77,2,3,0,0.0005382177,,
719342808,48,$80K - $120K,4,3750,76,2,3,0,0.000899401,,
788957358,53,$40K - $60K,3,4224,77,3,0,0,0.0010373791,,
778386033,38,$60K - $80K,6,2068,34,3,2,0,0.17908432,,
820060758,50,Less than $40K,4,3651,59,2,2,0,0.018179417,,
713271708,46,Less than $40K,5,4454,74,2,3,0,0.0022525266,,
720555483,48,$80K - $120K,3,4100,79,3,3,0,0.0010031187,,
709405758,36,$60K - $80K,4,1965,49,3,0,0,0.21381521,,
769463433,41,Less than $40K,6,3593,71,3,3,0,0.0024000704,,
786087633,60,$60K - $80K,4,1650,34,1,0,0,0.002434285,,
738627708,49,Unknown,5,1838,42,3,2,1,0.96850306,,
719527833,45,Unknown,6,3886,70,3,3,0,0.002604332,,
715921758,36,$60K - $80K,5,2882,68,3,3,0,0.03369753,,
717280158,49,Less than $40K,3,3332,60,3,2,0,0.009611476,,
714179658,43,$120K +,3,1996,48,1,2,0,0.23232362,,
806637558,58,$60K - $80K,5,1539,40,2,2,0,0.116861135,,
714828708,46,$80K - $120K,3,3656,88,1,3,0,0.00015933021,,
711989358,50,$80K - $120K,4,3811,62,2,3,0,0.0019366717,,
720188508,43,$60K - $80K,3,4071,64,2,2,0,0.0051437067,,
719528958,57,$40K - $60K,3,4134,71,1,3,0,0.00029614594,,
713110908,30,Less than $40K,3,1719,45,6,2,0,0.0027536976,,
721179708,48,Less than $40K,4,4422,76,2,2,0,0.015539811,,
716363658,51,$120K +,4,3920,84,2,2,0,0.0012288099,,
711443808,46,$60K - $80K,6,4068,53,1,0,0,0.00400779,,
778952058,46,$80K - $120K,4,3435,56,2,2,0,0.012510842,,
713642133,45,$40K - $60K,6,4558,60,3,0,0,0.004510893,,
778908783,52,$80K - $120K,3,1427,25,3,2,0,0.23442173,,
778170633,48,$80K - $120K,6,3661,71,2,3,0,0.0016863365,,
714670533,47,$80K - $120K,3,3069,62,1,2,0,0.017758003,,
771833433,49,$80K - $120K,3,2063,48,2,2,1,0.9332496,,
772758783,43,$80K - $120K,5,3343,60,1,2,0,0.0013682207,,
788959758,47,$40K - $60K,3,3451,59,2,3,0,0.017278641,,
716878533,55,$80K - $120K,4,1425,33,1,2,0,0.0015422374,,
713267133,41,Less than $40K,3,3088,65,1,3,0,0.0027652318,,
716263533,44,$80K - $120K,3,3166,72,2,0,0,0.0009710875,,
719026383,35,Less than $40K,3,3135,59,1,3,0,0.0062178466,,
821755233,40,Unknown,5,3441,69,5,2,0,0.00076433097,,
709683633,32,Less than $40K,4,2914,67,1,3,0,0.014798625,,
714318033,50,$60K - $80K,5,3321,57,1,3,0,0.0015245149,,
828291858,38,$60K - $80K,6,2381,40,3,2,1,0.9270154,,
779647608,39,$120K +,5,4199,92,2,3,0,0.00041210512,,
787605558,48,Less than $40K,6,3489,81,2,3,0,0.001313343,,
771534408,52,Less than $40K,4,3897,74,3,0,0,0.0038371375,,
716219808,49,$60K - $80K,5,1742,41,2,2,0,0.6706474,,
715690908,46,Less than $40K,4,3418,78,3,3,0,0.0011924527,,
789125733,38,Less than $40K,4,2114,53,2,2,0,0.34706798,,
717271983,60,$80K - $120K,6,3261,64,3,3,0,0.005331371,,
709695333,48,$80K - $120K,3,3577,82,2,3,0,0.00040424365,,
712233183,45,Less than $40K,3,3244,62,3,0,0,0.009079338,,
716645883,47,$60K - $80K,3,4297,68,2,3,0,0.0012258476,,
711762408,43,$40K - $60K,4,4023,63,1,3,0,0.0035903412,,
818305008,41,$40K - $60K,6,3978,89,1,3,0,0.00028825528,,
788159433,53,$60K - $80K,5,3855,70,1,3,0,0.0013438432,,
709104333,50,$120K +,5,2687,64,2,2,0,0.089430176,,
708112008,56,$80K - $120K,4,1661,35,2,2,0,0.14641482,,
714731208,63,$40K - $60K,6,4050,58,2,0,0,0.0089062685,,
710006958,53,Less than $40K,6,4755,69,2,3,0,0.0072831316,,
815062383,35,Less than $40K,3,1914,33,3,2,0,0.5963924,,
778447908,51,$80K - $120K,3,4136,65,1,3,0,0.0014675481,,
720725058,51,Less than $40K,1,1375,33,3,2,1,0.9486785,0.5834696,Priority
803415183,44,$80K - $120K,3,4614,76,3,3,0,0.003800952,,
708582858,38,$60K - $80K,3,2958,63,3,2,0,0.11506897,,
779833908,40,Unknown,6,4095,67,2,3,0,0.0011925242,,
818687958,48,$80K - $120K,5,4462,88,3,3,0,0.0005174288,,
708714108,42,Less than $40K,5,1894,49,2,2,0,0.27526942,,
754872333,50,$120K +,3,4740,88,1,3,0,0.0009196023,,
718637208,54,Less than $40K,3,1689,36,2,0,0,0.021974243,,
816772908,38,$60K - $80K,6,4533,78,1,3,0,0.00018491235,,
711935283,55,$80K - $120K,3,1427,36,1,2,1,0.8799241,,
716950758,46,$60K - $80K,1,1657,43,3,2,1,0.96615,0.4637801,Test
716497908,49,Unknown,3,3698,65,1,3,0,0.0019192183,,
809358708,38,$80K - $120K,6,3514,63,2,3,0,0.0027547285,,
716037708,50,$60K - $80K,6,3240,54,3,2,0,0.16341655,,
717804783,40,Less than $40K,5,4160,70,3,3,0,0.0004976573,,
715338783,32,$60K - $80K,4,3018,80,2,3,0,0.0018100336,,
779645658,49,$60K - $80K,3,3607,59,1,2,0,0.0020824822,,
787565433,53,$80K - $120K,4,1494,36,2,2,0,0.032860786,,
717287883,57,$80K - $120K,6,1532,24,2,2,0,0.19327977,,
715746633,64,Less than $40K,3,4256,70,1,3,0,0.0037100068,,
720635883,34,$80K - $120K,6,2902,60,3,3,0,0.010082493,,
710077008,43,$120K +,5,3522,74,3,3,0,0.00128019,,
804437658,42,Less than $40K,4,3413,66,2,3,0,0.0040656286,,
780000258,48,$120K +,4,4172,84,2,2,0,0.0015001105,,
825785508,49,$120K +,3,4890,64,2,3,0,0.026237568,,
720252858,57,$60K - $80K,6,3396,63,3,3,0,0.009231473,,
710017758,44,$40K - $60K,5,3784,67,2,2,0,0.0137793105,,
711750183,63,Less than $40K,4,3640,56,1,3,0,0.004493981,,
718364283,43,$60K - $80K,3,3602,72,2,3,0,0.005919029,,
711638658,33,$40K - $60K,4,2878,63,1,3,0,0.0015690179,,
711046383,55,$80K - $120K,5,3542,60,1,3,0,0.00059217354,,
720877083,50,$80K - $120K,6,3323,66,1,3,0,0.0005057732,,
715662258,49,Less than $40K,3,3777,75,1,0,0,0.00016185062,,
715570533,48,$120K +,2,1632,44,2,2,1,0.9984113,0.20248425,Low priority
758202858,47,Less than $40K,4,3453,72,2,2,0,0.0011775548,,
712872183,35,Less than $40K,4,2464,92,2,3,0,0.0007429293,,
710014683,31,Less than $40K,3,2807,65,3,3,0,0.020579077,,
716934333,50,$80K - $120K,3,3556,68,1,2,0,0.0012158697,,
778523733,38,$80K - $120K,6,3625,73,1,3,0,0.00023823236,,
716353083,39,$60K - $80K,4,4444,72,2,3,0,0.0013146093,,
753642933,52,Less than $40K,3,4293,83,3,0,0,0.00016119529,,
708151008,49,$40K - $60K,5,2433,41,1,3,0,0.051993746,,
789646158,49,$40K - $60K,5,3297,66,1,3,0,0.0021341029,,
712423233,44,$60K - $80K,4,3752,71,3,3,0,0.0012365733,,
719806233,36,$120K +,3,2686,59,2,3,0,0.2971436,,
786509358,44,$80K - $120K,3,2051,36,1,0,0,0.0014594912,,
711502908,44,$60K - $80K,6,3550,68,2,3,0,0.002220092,,
748617858,35,$60K - $80K,4,2968,65,2,0,0,0.008347852,,
721532583,45,$80K - $120K,5,1995,39,3,2,1,0.40579477,,
789244308,56,$80K - $120K,6,3986,64,1,3,0,0.0005797142,,
709330383,37,Less than $40K,4,3283,74,3,3,0,0.0005878326,,
719136183,48,Less than $40K,6,3410,69,1,3,0,0.00035946682,,
716939358,43,Unknown,6,4632,67,3,2,0,0.14782001,,
778155558,45,$80K - $120K,3,3560,71,1,3,0,0.0007742698,,
713461533,54,$80K - $120K,4,3042,73,2,3,0,0.0019358342,,
803776533,46,$60K - $80K,3,2118,52,3,2,0,0.92264324,,
714857508,44,Unknown,5,3939,69,2,2,0,0.0017047265,,
720348933,44,$60K - $80K,4,3060,60,3,3,0,0.0093913395,,
721158108,38,$60K - $80K,3,3982,72,2,2,0,0.005649286,,
789043008,55,Less than $40K,4,2058,70,2,2,0,0.18542023,,
713362158,50,$120K +,4,3519,70,1,2,0,0.0006217687,,
712623258,42,Less than $40K,2,2272,42,3,2,1,0.9980761,0.52577096,Test
708494583,49,Less than $40K,4,3731,53,1,3,0,0.014491188,,
718394658,31,Less than $40K,3,2366,62,1,0,0,0.04339856,,
719398158,51,$80K - $120K,6,3912,76,1,3,0,0.0001557398,,
711885258,47,Less than $40K,5,2078,42,3,2,0,0.20713331,,
789161358,30,Less than $40K,3,2666,46,1,0,0,0.0059517124,,
787581858,46,$120K +,3,3612,59,2,2,0,0.008429422,,
779198133,45,Less than $40K,3,3530,61,3,3,0,0.0055333674,,
708314808,53,Unknown,5,1570,40,1,2,0,0.012510542,,
720508233,62,$40K - $60K,3,1898,42,4,2,1,0.97237575,,
717134058,65,Unknown,5,4028,81,1,3,0,8.531639e-05,,
783366483,44,Unknown,4,3242,74,3,2,0,0.0052376688,,
715412583,51,$40K - $60K,6,3815,65,1,3,0,0.0008440715,,
719562108,28,Less than $40K,6,2671,67,3,3,0,0.0013374806,,
754457883,49,Less than $40K,4,1876,35,2,3,0,0.028440258,,
742552683,44,Less than $40K,6,4208,86,2,0,0,0.00038219427,,
711455133,55,$120K +,5,2481,42,3,2,0,0.17212737,,
716387733,49,$60K - $80K,1,1693,25,4,2,1,0.9930692,0.3518369,Low priority
772571508,34,Less than $40K,4,2311,43,1,3,0,0.31558704,,
718815108,50,$80K - $120K,3,3420,81,3,3,0,0.00066505454,,
719266158,42,$80K - $120K,5,3434,65,3,3,0,0.007947891,,
720708183,53,$40K - $60K,5,4758,83,1,3,0,0.00032358823,,
767523933,53,$60K - $80K,4,3938,69,1,3,0,0.00017738281,,
797466033,32,$40K - $60K,3,2880,69,2,0,0,0.0053386684,,
771886233,48,$60K - $80K,6,1941,51,3,3,0,0.0047363373,,
712612233,35,$60K - $80K,3,2067,59,3,2,0,0.09234239,,
716516208,45,$80K - $120K,4,3748,64,2,3,0,0.006969875,,
709950858,45,$80K - $120K,4,3458,71,2,3,0,0.0008267278,,
779882508,53,$40K - $60K,5,3364,69,3,2,0,0.004639762,,
717472833,42,$80K - $120K,6,4253,73,3,2,0,0.001764547,,
712665633,43,Less than $40K,6,3472,51,1,2,0,0.056906622,,
709562358,55,Less than $40K,6,4456,79,1,3,0,0.0002119104,,
715391433,38,$60K - $80K,5,2143,41,4,2,0,0.1200506,,
708722583,39,Less than $40K,5,3024,64,3,0,0,0.0023979375,,
720452508,51,Unknown,4,3848,74,3,3,0,0.0019028253,,
714566958,44,$80K - $120K,4,2291,40,2,2,0,0.5567201,,
816084333,42,$120K +,5,3260,63,2,3,0,0.0034218584,,
806179683,63,$40K - $60K,5,4433,68,3,0,0,0.0033426876,,
806244183,39,$60K - $80K,5,4544,84,1,3,0,0.00046235826,,
787999533,52,$120K +,4,3595,68,2,0,0,0.009808909,,
718358808,57,Less than $40K,5,3758,61,3,2,0,0.07226989,,
718474683,36,$120K +,3,3092,67,3,3,0,0.0008549759,,
716908158,42,Less than $40K,6,3299,64,2,3,0,0.07443328,,
713984208,52,$40K - $60K,5,4029,72,2,3,0,0.002568734,,
713013483,40,Less than $40K,5,3754,58,3,0,0,0.038480967,,
754599558,40,Less than $40K,5,3825,70,3,3,0,0.0005923299,,
788739633,38,$120K +,3,2136,40,1,3,1,0.940751,,
712411908,44,$60K - $80K,4,4071,67,2,2,0,0.0034203478,,
717538683,43,$120K +,3,3204,64,2,3,0,0.008327036,,
709447908,45,$60K - $80K,4,3281,63,3,0,0,0.008543099,,
816834933,34,Unknown,6,2652,64,2,3,0,0.016755132,,
718963158,49,$120K +,5,3230,64,3,3,0,0.05306337,,
714358008,53,Unknown,3,4659,72,1,3,0,0.0010674029,,
720758808,38,$60K - $80K,5,1995,54,1,3,1,0.82132745,,
708255633,36,$80K - $120K,3,3240,65,2,2,0,0.0042915526,,
716101308,48,$40K - $60K,6,4251,60,3,2,0,0.02712523,,
715986258,53,$40K - $60K,3,4037,68,3,2,0,0.0025940076,,
715858008,49,$40K - $60K,2,1224,31,3,2,1,0.9819124,0.5103979,Test
806226933,37,$120K +,6,3660,59,1,3,0,0.0016136611,,
708361833,44,$80K - $120K,3,3650,80,2,3,0,0.0015707249,,
778422933,42,Unknown,4,3323,56,2,3,0,0.010475707,,
708957183,48,$40K - $60K,3,2198,41,1,0,0,0.08215355,,
718000383,60,Unknown,3,4274,64,3,2,0,0.0060001053,,
714466458,49,Unknown,4,3400,76,3,0,0,0.00044370038,,
719608308,37,$60K - $80K,3,2927,73,2,3,0,0.006648695,,
792995808,57,$40K - $60K,5,3474,67,4,2,0,0.009462909,,
716211258,59,Less than $40K,6,1966,43,5,2,0,0.48863453,,
779289033,46,Unknown,4,3328,61,1,2,0,0.0009859271,,
719356008,39,Less than $40K,4,4548,69,3,3,0,0.005302717,,
718503108,40,$120K +,3,3792,77,3,3,0,0.0011438351,,
779661033,49,$60K - $80K,5,3503,66,2,3,0,0.0019962196,,
813053733,53,$120K +,3,3029,49,3,2,1,0.97973907,,
718354683,59,$40K - $60K,6,3646,77,3,3,0,0.00085720164,,
720529308,63,$60K - $80K,5,1805,46,3,3,1,0.88644546,,
787578183,36,$80K - $120K,5,3204,68,3,3,0,0.008011247,,
737952333,64,Less than $40K,3,3435,65,1,2,0,0.008064574,,
779498058,39,$80K - $120K,5,2006,34,3,2,0,0.026475383,,
799707858,50,Less than $40K,6,3584,57,1,3,0,0.0018818743,,
719543208,38,Unknown,5,3789,72,3,2,0,0.0016950398,,
797743233,45,$60K - $80K,3,4542,77,2,2,0,0.001980856,,
710658483,47,$40K - $60K,2,2098,46,3,2,1,0.9978393,0.55354494,Test
715399908,54,Unknown,5,4175,67,3,2,0,0.004929965,,
710288883,40,Less than $40K,4,5054,73,1,2,0,0.00071808964,,
719912808,52,$60K - $80K,3,4288,72,3,2,0,0.0031890904,,
720247158,63,Unknown,6,3787,68,3,3,0,0.0010533249,,
718672233,48,Unknown,3,3395,63,2,2,0,0.004333238,,
789593058,46,$60K - $80K,3,3311,84,2,3,0,0.0004190215,,
710278458,52,$80K - $120K,4,1643,43,3,2,1,0.8838551,,
714467733,45,$60K - $80K,3,4178,69,2,2,0,0.0005836035,,
803026008,48,$80K - $120K,3,3463,65,6,2,0,0.007449173,,
772000533,59,$60K - $80K,4,1809,23,3,2,0,0.29373714,,
811035483,47,$120K +,2,1641,35,4,2,1,0.990126,0.40190962,Low priority
715480983,55,Less than $40K,5,3403,68,2,2,0,0.00313393,,
819997983,53,$80K - $120K,6,1453,26,1,3,0,0.00013324863,,
807593058,41,$40K - $60K,3,2003,29,2,2,1,0.98815143,,
720437358,40,$40K - $60K,5,3596,69,1,0,0,0.00039044378,,
719465733,52,Less than $40K,6,4458,63,3,2,0,0.033497877,,
711978858,59,Less than $40K,6,4422,70,3,3,0,0.0012729482,,
814364808,36,Unknown,5,2624,46,3,3,0,0.18184258,,
788820933,59,$60K - $80K,3,3511,73,2,3,0,0.0004327053,,
713316558,41,$60K - $80K,3,3776,70,2,3,0,0.0019086684,,
779856483,38,$80K - $120K,4,3368,69,1,3,0,0.0010071377,,
717085983,44,$40K - $60K,6,4312,84,2,0,0,0.000957397,,
788030208,42,Less than $40K,1,1904,42,2,2,1,0.9957663,0.41511157,Test
709914858,48,Less than $40K,4,5169,84,1,3,0,0.00030270056,,
716111808,57,Less than $40K,5,1723,28,3,0,0,0.03131735,,
708618933,34,$120K +,6,3259,80,3,0,0,0.00044214615,,
720446508,50,Less than $40K,5,2681,57,3,0,0,0.43404135,,
756488883,41,$80K - $120K,6,2040,65,2,0,0,0.017400889,,
708414033,50,$40K - $60K,6,3730,66,3,0,0,0.00381198,,
756727233,49,$120K +,3,4895,66,2,2,0,0.006927256,,
720379533,47,$120K +,1,2066,37,3,2,1,0.9966468,0.2895548,Low priority
720340383,45,Less than $40K,4,4034,82,2,0,0,0.0004493833,,
771453033,47,$60K - $80K,5,3170,57,1,3,0,0.0012745721,,
708747708,43,$80K - $120K,4,2512,56,1,3,0,0.025798678,,
712460433,39,$40K - $60K,4,4112,80,1,3,0,0.00018082418,,
719801508,36,$120K +,6,4314,82,3,3,0,0.00032870896,,
720983733,44,$60K - $80K,2,2136,54,3,2,1,0.9783317,0.6534205,Priority
713657733,47,$60K - $80K,5,3809,71,3,3,0,0.0017496612,,
709955958,41,Less than $40K,4,3374,45,2,3,0,0.027719473,,
719099583,42,$40K - $60K,3,1360,33,2,0,1,0.9491829,,
719513733,48,$80K - $120K,3,4276,69,3,2,0,0.0036454534,,
710654808,46,$80K - $120K,3,2308,44,1,2,1,0.98076594,,
719651358,46,Unknown,3,4092,77,3,2,0,0.00078395556,,
718917408,46,$40K - $60K,4,3704,70,3,2,0,0.0076137236,,
808753758,52,$120K +,5,4109,71,2,3,0,0.0010015053,,
711699183,56,$60K - $80K,4,3723,58,1,3,0,0.0008993303,,
711196458,38,Less than $40K,2,1893,41,2,2,1,0.9985102,0.2023097,Low priority
772565883,41,$80K - $120K,3,4719,70,5,2,0,0.008786161,,
717203958,51,$40K - $60K,6,1842,32,3,3,0,0.03907264,,
769701258,26,Unknown,3,3996,71,3,2,0,0.00028136827,,
714933783,51,$60K - $80K,5,3775,62,1,2,0,0.005010786,,
717650133,41,$60K - $80K,5,3571,58,1,3,0,0.002395321,,
708707808,57,$60K - $80K,4,3438,66,1,0,0,0.00041460292,,
717331758,44,$120K +,6,4228,83,3,2,0,0.00393081,,
801385458,52,$120K +,5,4017,80,2,2,0,0.0003188441,,
710605458,49,$60K - $80K,6,4127,70,3,3,0,0.0014712547,,
719570733,52,$60K - $80K,3,3766,83,2,0,0,0.00048384722,,
708646233,44,Unknown,3,3632,50,2,3,0,0.05022363,,
766006758,63,$60K - $80K,3,1734,38,2,2,0,0.1814275,,
710695083,44,$60K - $80K,4,1635,31,1,3,0,0.0022499936,,
709224033,53,$60K - $80K,1,1830,36,3,2,1,0.992413,0.22485471,Low priority
795991758,47,$40K - $60K,5,4079,67,3,2,0,0.01333852,,
709381383,49,$60K - $80K,4,3830,77,6,0,0,0.00086125056,,
810321933,35,$80K - $120K,5,1898,36,3,3,0,0.020841485,,
716235783,45,$40K - $60K,3,4047,75,2,2,0,0.0018117022,,
758833758,45,$40K - $60K,4,3520,68,3,0,0,0.0015416119,,
713579733,36,$60K - $80K,5,2597,71,3,3,0,0.0057541355,,
804649833,42,$40K - $60K,3,3436,74,3,2,0,0.0011799791,,
780971583,46,$120K +,6,3772,62,2,3,0,0.001295512,,
804673308,49,$40K - $60K,2,1866,37,3,2,1,0.93912685,0.4803796,Test
788747358,50,$40K - $60K,5,4836,68,3,3,0,0.0032232702,,
713199558,57,Less than $40K,5,3669,58,3,0,0,0.00888915,,
713777883,46,Unknown,3,3543,52,3,3,0,0.051447082,,
771081558,55,$120K +,3,2862,78,2,3,0,0.0014346296,,
710229333,38,$40K - $60K,6,3812,64,1,3,0,0.0052469415,,
720406233,35,Less than $40K,5,1770,46,2,2,0,0.003146594,,
767784708,48,$60K - $80K,2,2356,40,3,2,1,0.99823296,0.33218804,Low priority
712052058,57,$40K - $60K,3,4212,75,3,3,0,0.000538704,,
715278708,55,$60K - $80K,5,3851,65,3,0,0,0.0025556157,,
827049558,47,$80K - $120K,3,4421,89,2,0,0,0.0001708736,,
710248233,37,$40K - $60K,5,3392,80,2,0,0,0.00064161664,,
712146558,48,Less than $40K,3,3230,65,2,0,0,0.003239421,,
715179933,49,Unknown,6,4253,91,2,3,0,0.00042365812,,
709215708,49,$60K - $80K,4,3737,73,2,2,0,0.006546499,,
710668458,48,Less than $40K,5,3405,76,3,3,0,0.00064429874,,
718828083,52,$40K - $60K,4,3533,73,3,2,0,0.005282213,,
720781158,44,$40K - $60K,4,3829,74,2,2,0,0.00436133,,
716938383,41,$80K - $120K,3,3811,61,2,3,0,0.02201906,,
709976358,51,Less than $40K,4,3952,80,3,3,0,0.0017546787,,
715688958,45,Less than $40K,3,4550,84,1,0,0,0.00010339966,,
721493883,49,Less than $40K,5,3313,69,2,3,0,0.0022440676,,
709830783,47,$120K +,5,4039,72,2,3,0,0.0010386661,,
715354983,44,$40K - $60K,6,3653,77,3,3,0,0.0015681837,,
713532858,42,$80K - $120K,6,4077,70,1,3,0,0.0003381388,,
721295658,62,$80K - $120K,6,3975,63,1,2,0,0.06873108,,
720313083,32,$120K +,5,2637,68,3,0,0,0.002284983,,
720724008,43,$80K - $120K,4,3717,67,1,2,0,0.0007474775,,
712828533,62,$60K - $80K,3,4820,74,1,3,0,0.0013350664,,
717007458,46,$40K - $60K,4,3256,71,3,0,0,0.004388347,,
710728458,62,Less than $40K,3,4409,75,3,3,0,0.0018565403,,
717720108,42,$80K - $120K,4,3274,69,2,3,0,0.0021346677,,
720648483,39,$80K - $120K,4,1821,53,3,2,0,0.031993814,,
770146008,59,$40K - $60K,4,1908,37,3,0,0,0.1679131,,
714829683,43,$80K - $120K,3,3688,65,3,2,0,0.0057503474,,
717015333,52,$120K +,6,3974,70,1,0,0,0.00026028222,,
757837458,59,Unknown,4,4065,79,2,2,0,0.0007150675,,
719240358,60,$60K - $80K,4,4095,67,3,3,0,0.0006015902,,
719036883,48,Less than $40K,3,4163,77,3,2,0,0.005880271,,
714000108,40,Unknown,5,3658,66,2,2,0,0.0056787566,,
720786033,55,$80K - $120K,5,2489,38,2,2,0,0.21614791,,
708917133,48,$80K - $120K,3,4498,73,3,2,0,0.023722911,,
818929158,36,$40K - $60K,3,2220,53,3,3,0,0.8266461,,
709513458,49,$60K - $80K,3,3213,52,2,3,0,0.002561419,,
717705858,40,$80K - $120K,4,2528,52,3,2,0,0.71289134,,
716573058,54,Less than $40K,3,1598,40,3,2,1,0.986147,,
827695683,40,$120K +,4,3906,77,2,2,0,0.0014256136,,
819189108,63,$80K - $120K,6,4456,85,2,3,0,0.00040709996,,
716977758,44,Less than $40K,2,1913,35,3,0,1,0.96078914,0.58878636,Priority
714901383,44,$80K - $120K,6,4503,69,3,3,0,0.0052667996,,
718500633,45,Less than $40K,5,3270,58,1,3,0,0.0016512076,,
713516433,36,Less than $40K,6,2934,80,1,3,0,0.00021022517,,
715140933,45,$40K - $60K,5,3704,60,2,2,0,0.018409422,,
712642533,38,$80K - $120K,6,3788,76,1,3,0,6.85599e-05,,
721498008,44,Less than $40K,5,3966,57,2,3,0,0.07253434,,
717189183,35,$40K - $60K,6,2665,65,3,3,0,0.010169552,,
708902883,55,$120K +,5,3364,61,2,3,0,0.06581686,,
817889583,61,$40K - $60K,3,2260,46,3,2,1,0.9214483,,
717242058,43,Less than $40K,2,2134,42,3,2,1,0.99450713,0.3027326,Low priority
715628733,40,Less than $40K,6,3157,59,3,2,0,0.033854607,,
716613933,51,$40K - $60K,6,3651,60,5,0,0,0.004989748,,
712709508,48,Unknown,3,2645,63,3,2,0,0.35271582,,
716306583,64,Less than $40K,3,2325,45,3,2,1,0.97224313,,
720026058,49,$80K - $120K,6,3526,64,1,3,0,0.0005262821,,
756397458,54,Less than $40K,6,3170,70,3,2,0,0.0043404116,,
712644483,46,$60K - $80K,5,4270,62,3,3,0,0.0063493853,,
814489683,34,Less than $40K,3,2596,59,1,3,0,0.0075253076,,
789111483,46,$80K - $120K,5,4255,75,3,2,0,0.0023354893,,
709573533,48,$40K - $60K,5,3914,71,1,3,0,0.00072094006,,
807137808,45,$60K - $80K,4,3494,67,1,3,0,0.0005628746,,
711861258,65,Less than $40K,3,4046,57,2,2,0,0.07417847,,
716660583,45,$40K - $60K,4,3696,72,5,2,0,0.0011008804,,
717222033,40,Less than $40K,3,4272,76,1,0,0,0.00018831491,,
716617608,50,Less than $40K,6,1936,58,3,0,0,0.10762735,,
716786808,40,$60K - $80K,3,3838,66,2,3,0,0.001991847,,
718882008,38,$120K +,6,4960,73,2,3,0,0.0035876913,,
770975133,36,Less than $40K,5,4382,74,2,2,0,0.0009468921,,
715234008,54,$40K - $60K,6,4216,67,3,2,0,0.0034730893,,
709326183,50,$60K - $80K,6,3447,74,2,3,0,0.00076102157,,
721233033,50,$80K - $120K,1,1474,36,2,2,1,0.99544346,0.13858932,Low priority
712319958,41,$80K - $120K,4,3853,71,2,3,0,0.0040122536,,
712198983,46,$60K - $80K,3,3169,67,3,2,0,0.017466297,,
772103208,44,Unknown,4,3534,78,3,3,0,0.0016374509,,
779502333,50,$120K +,5,1480,37,3,2,1,0.9698944,,
718737708,45,$80K - $120K,3,4202,66,5,2,0,0.0026449703,,
821351958,40,Less than $40K,6,3308,54,1,3,0,0.021017157,,
716142858,46,Less than $40K,3,3914,77,1,3,0,0.00016535373,,
826079508,48,$60K - $80K,4,3654,65,3,2,0,0.0049847476,,
773236983,47,$40K - $60K,4,1839,29,2,0,0,0.024857212,,
826717533,42,$80K - $120K,6,4631,76,1,3,0,0.0006254883,,
789334458,43,Unknown,3,4197,67,1,3,0,0.00027429799,,
814092858,49,Unknown,5,4372,65,2,3,0,0.0043777702,,
708355683,46,Unknown,3,2976,65,2,2,0,0.14819455,,
803124408,41,Unknown,2,1926,53,3,2,1,0.9909547,0.36297634,Low priority
789964983,45,$40K - $60K,2,1724,35,2,2,1,0.9944454,0.40604326,Low priority
720303933,40,$80K - $120K,6,4526,82,1,3,0,0.00026179143,,
708665133,40,$80K - $120K,6,4003,67,2,3,0,0.0027192559,,
828236133,49,$40K - $60K,4,4269,92,2,3,0,0.00013551627,,
712000758,51,$120K +,5,3997,54,2,3,0,0.017035358,,
715378383,43,Unknown,4,3639,76,3,3,0,0.0008356105,,
769985883,45,$80K - $120K,6,3549,65,3,2,0,0.0164792,,
709297608,38,$80K - $120K,3,1585,32,3,2,1,0.99321955,,
716971833,40,Unknown,5,4496,61,3,3,0,0.030380055,,
801373833,49,$40K - $60K,3,2920,46,2,3,0,0.52105254,,
716040783,45,Less than $40K,3,4178,66,2,3,0,0.025402306,,
817977933,63,Less than $40K,5,2288,48,6,0,1,0.8651231,,
827055333,43,$40K - $60K,5,2015,37,3,2,0,0.31525615,,
772116408,50,$40K - $60K,4,2377,56,1,3,0,0.031676605,,
734924658,47,Less than $40K,5,4123,67,3,0,0,0.003536397,,
711775383,63,$60K - $80K,6,4059,66,1,3,0,0.00096361164,,
715019058,30,Less than $40K,3,2933,65,1,0,0,0.0021436492,,
780715683,41,$60K - $80K,4,3582,69,1,3,0,0.0006673151,,
827341383,38,Less than $40K,5,3607,81,3,0,0,0.00043874283,,
708757233,44,Less than $40K,4,3697,77,2,0,0,0.00033568006,,
710504283,50,$80K - $120K,6,4014,70,3,2,0,0.0021756783,,
713919183,50,$80K - $120K,5,4630,74,3,2,0,0.007975607,,
713171358,46,Less than $40K,6,3880,74,1,3,0,0.0002774828,,
773140683,51,$60K - $80K,4,4191,65,1,3,0,0.0007155801,,
716358033,53,Less than $40K,6,5004,65,3,2,0,0.070766,,
826410708,40,$60K - $80K,3,5554,64,2,2,0,0.12009101,,
789717708,49,$40K - $60K,5,4180,82,2,3,0,0.00090730586,,
711679533,54,$120K +,3,2600,60,2,3,0,0.055614807,,
711342483,50,$80K - $120K,5,3896,58,2,0,0,0.0040434105,,
720242733,45,Less than $40K,5,3718,75,2,0,0,0.00056187116,,
721213833,46,Unknown,4,3780,75,1,3,0,0.00030683225,,
756624183,51,Less than $40K,6,3507,69,1,3,0,0.00053200586,,
717622308,63,Less than $40K,4,4232,75,3,0,0,0.0010391893,,
714629358,54,$40K - $60K,2,1796,41,3,2,1,0.99942786,0.32865557,Low priority
744307008,51,$60K - $80K,4,3890,74,2,3,0,0.0014048724,,
708871158,60,$60K - $80K,4,3516,57,3,2,0,0.03342168,,
710979033,30,$40K - $60K,3,3046,73,1,3,0,0.0061936183,,
818903583,44,$60K - $80K,5,3628,59,2,3,0,0.0011362875,,
712980333,33,$60K - $80K,6,2584,66,3,3,0,0.006359842,,
717655458,40,$40K - $60K,5,3819,61,3,2,0,0.018077832,,
822112383,52,$60K - $80K,5,3769,73,1,3,0,0.00063692103,,
711538758,39,$60K - $80K,1,1954,46,3,2,1,0.9987357,0.6994537,Priority
719987733,51,$40K - $60K,3,1844,37,3,2,1,0.97722334,,
719184783,51,Unknown,3,3536,71,2,3,0,0.0007621777,,
715857183,46,$60K - $80K,3,2150,43,3,3,0,0.1270534,,
719657583,44,$40K - $60K,2,2310,57,2,2,1,0.9914187,0.7410145,Priority
789713208,62,Less than $40K,6,2692,29,3,2,1,0.99363214,,
802031583,53,$80K - $120K,6,3711,83,1,3,0,0.00037989905,,
711529383,47,$40K - $60K,4,3163,73,1,3,0,0.0006542472,,
715371108,45,$80K - $120K,3,1632,42,3,2,1,0.98777825,,
712988958,42,$60K - $80K,5,3253,62,2,0,0,0.0030986376,,
713005908,47,$40K - $60K,5,4772,83,2,0,0,0.001209004,,
712236483,41,Less than $40K,5,4487,71,3,2,0,0.0021465814,,
711852783,46,$60K - $80K,3,3446,56,2,3,0,0.011985399,,
780056733,36,$40K - $60K,3,2627,63,6,0,0,0.1327611,,
796903083,47,$40K - $60K,2,2584,42,3,2,1,0.999406,0.31802,Low priority
716014983,56,Less than $40K,6,3755,77,5,2,0,0.0015532759,,
712521783,54,$80K - $120K,6,3713,65,2,2,0,0.0049874447,,
780045708,42,$40K - $60K,6,4259,79,2,3,0,0.00051471125,,
719488008,39,Less than $40K,3,1902,34,3,0,0,0.09645209,,
771575058,45,Less than $40K,4,3172,55,3,0,0,0.12209639,,
772137183,52,$120K +,1,1822,36,3,2,1,0.9914963,0.4989424,Test
779709033,46,$60K - $80K,6,3908,75,3,0,0,0.0035547514,,
709716258,48,$80K - $120K,3,1807,58,1,2,0,0.010683255,,
737986083,46,$60K - $80K,4,3139,54,1,2,0,0.012306813,,
713343333,42,$40K - $60K,4,4065,77,3,2,0,0.0012694056,,
779331558,45,Less than $40K,6,2598,59,3,2,0,0.9268161,,
714973758,50,Less than $40K,4,2004,25,3,0,0,0.021736197,,
718009158,50,Less than $40K,4,3774,83,2,0,0,0.00018496154,,
789597408,39,$40K - $60K,5,4712,76,2,3,0,0.0030297674,,
712165308,45,Unknown,4,4255,61,2,2,0,0.009678527,,
821768658,52,$120K +,4,2474,51,5,2,1,0.941211,,
719341683,42,$120K +,3,4281,72,2,2,0,0.0034360886,,
708637758,49,Unknown,4,3523,64,3,2,0,0.016306171,,
779974758,51,$120K +,6,3203,54,3,3,0,0.06315205,,
821815458,48,$60K - $80K,5,3398,67,1,3,0,0.0003658599,,
711708408,52,Unknown,4,3967,72,3,3,0,0.0025630752,,
812449758,43,$60K - $80K,2,2129,42,3,2,1,0.9962297,0.3757251,Low priority
715682208,49,$80K - $120K,4,4629,76,1,3,0,0.0005763252,,
719914908,37,Less than $40K,3,1701,44,3,3,0,0.003052475,,
714744783,48,Less than $40K,3,3825,67,1,2,0,0.00039443723,,
710809833,40,$80K - $120K,3,3193,53,1,3,0,0.08626285,,
720942333,49,$40K - $60K,4,2043,52,3,2,0,0.64226943,,
709423158,46,$80K - $120K,4,3592,46,3,0,0,0.021127839,,
718307433,50,Less than $40K,5,2025,36,1,3,0,0.0011386713,,
772607433,50,$80K - $120K,6,4107,59,2,2,0,0.009399905,,
801709308,44,Unknown,6,4558,56,1,3,0,0.015994154,,
778502958,47,$60K - $80K,4,2385,50,2,2,0,0.23574458,,
806656083,48,$40K - $60K,3,4064,70,2,2,0,0.0011645522,,
823635033,49,Less than $40K,6,4200,83,2,2,0,0.00027649538,,
718739508,51,Less than $40K,6,3863,67,2,3,0,0.0017471187,,
709272333,59,Less than $40K,6,4579,73,3,2,0,0.004972769,,
721538883,45,$40K - $60K,4,4449,81,3,2,0,0.0020596755,,
718835583,50,Unknown,6,3769,76,2,3,0,0.0010422197,,
827970933,46,Less than $40K,4,4439,70,2,0,0,0.00036085653,,
719888358,47,$80K - $120K,5,2748,58,3,2,0,0.016844109,,
717030633,46,$60K - $80K,5,3034,51,3,0,0,0.17666277,,
815085708,60,$40K - $60K,1,1861,46,5,2,1,0.99656385,0.16278583,Low priority
716332533,38,$40K - $60K,6,4712,84,1,0,0,0.0003308604,,
822964683,51,Less than $40K,6,4351,62,3,0,0,0.0058529675,,
719335233,47,Less than $40K,5,3610,75,3,2,0,0.0028846078,,
779683683,47,$40K - $60K,6,2344,34,3,0,0,0.051926382,,
712653183,49,Less than $40K,4,3675,81,1,0,0,0.00021526341,,
715485483,39,Less than $40K,3,1479,44,3,2,1,0.9174401,,
788912658,44,Less than $40K,3,3144,62,1,2,0,0.009449063,,
711396483,40,$40K - $60K,3,4505,74,2,3,0,0.0022525182,,
789220008,56,$80K - $120K,5,1425,27,2,3,0,0.0048596053,,
716436483,45,Less than $40K,4,2521,50,4,2,0,0.9474448,,
717661908,37,$80K - $120K,4,2681,55,1,3,0,0.026035717,,
778459833,42,$60K - $80K,3,1789,42,2,3,0,0.0052833483,,
769448658,43,Less than $40K,5,3492,69,2,3,0,0.0028727697,,
820346133,59,Less than $40K,5,4154,60,1,3,0,0.0059381076,,
720119808,42,$80K - $120K,3,3342,52,2,3,0,0.12477852,,
721523658,46,$120K +,4,3699,77,3,3,0,0.0023756304,,
711176133,28,Less than $40K,6,3366,82,3,0,0,0.0004511932,,
794560833,47,$40K - $60K,6,1913,34,3,2,1,0.9970862,,
718197108,54,$80K - $120K,5,1430,37,3,2,1,0.9282406,,
713750583,55,Less than $40K,4,2190,30,2,2,0,0.2680645,,
769576608,62,$60K - $80K,4,3566,76,1,3,0,0.0004918827,,
708626058,49,Less than $40K,6,4098,68,2,3,0,0.0019916801,,
710333883,48,$60K - $80K,5,1905,42,2,2,1,0.9302316,,
715401633,43,Less than $40K,3,2111,38,1,2,0,0.26384178,,
755220783,51,$80K - $120K,5,3576,77,2,3,0,0.00052828423,,
789603183,48,$60K - $80K,4,3756,57,1,3,0,0.017455427,,
767564358,47,$40K - $60K,6,3197,70,1,3,0,0.0015209204,,
789744033,50,$80K - $120K,4,3183,69,1,3,0,0.0018058788,,
709887483,56,$40K - $60K,3,3527,69,1,2,0,0.00054961327,,
779765058,43,$40K - $60K,6,3817,70,1,3,0,0.0005899756,,
789177333,47,Less than $40K,6,2104,40,3,0,1,0.95349294,,
717262833,49,Less than $40K,5,4345,69,2,0,0,0.00097182975,,
714878508,48,Less than $40K,3,2051,49,3,2,0,0.8972725,,
711079308,40,$60K - $80K,4,1884,33,2,2,1,0.97036505,,
794510358,41,$80K - $120K,6,3754,77,3,3,0,0.0009801483,,
715033533,43,Less than $40K,4,4422,71,2,0,0,0.0021940784,,
779400183,42,$60K - $80K,3,2484,55,3,0,0,0.52344763,,
716636808,39,$120K +,4,3572,55,2,3,0,0.045358445,,
708733983,50,$40K - $60K,6,2122,46,3,2,1,0.97303957,,
710521383,50,$80K - $120K,6,2247,41,2,3,0,0.26780134,,
720075558,50,$120K +,6,3838,66,1,3,0,0.00074058713,,
716468658,51,Less than $40K,3,4101,80,1,3,0,0.00029262895,,
717569283,47,Less than $40K,3,4252,70,1,3,0,0.00033390275,,
787491483,41,$80K - $120K,5,3455,80,2,3,0,0.00064161175,,
779995833,49,$60K - $80K,6,3557,64,2,3,0,0.0014612617,,
714215058,42,Less than $40K,5,4006,82,2,3,0,0.0012361741,,
789407958,42,$60K - $80K,6,4063,62,2,3,0,0.0026695547,,
715118058,45,$80K - $120K,3,5274,66,3,3,0,0.08728498,,
713672208,50,$60K - $80K,3,3342,76,5,2,0,0.0096849,,
720865383,53,$120K +,4,4437,50,3,0,0,0.1034518,,
713701533,51,$80K - $120K,4,3578,71,3,3,0,0.0011693415,,
778895883,50,Unknown,5,4430,76,3,3,0,0.0016796114,,
719655258,64,Less than $40K,3,3412,72,2,2,0,0.0009259096,,
711205758,45,$80K - $120K,1,2534,43,3,2,1,0.98889625,0.1839027,Low priority
806264958,52,Less than $40K,5,3211,69,2,3,0,0.0019279656,,
714659133,47,$80K - $120K,2,2178,41,2,3,1,0.9938689,0.4723776,Test
716425833,38,$120K +,5,1797,35,2,2,1,0.94990087,,
712166583,45,Less than $40K,4,3490,66,3,0,0,0.0030622857,,
713124558,43,Unknown,6,4249,75,1,2,0,0.0005953333,,
714048783,57,$80K - $120K,6,4072,72,3,3,0,0.0003686578,,
708784908,47,Unknown,5,4435,88,1,3,0,0.00016800288,,
714332658,42,Less than $40K,5,3896,65,2,2,0,0.0026943767,,
719169783,52,Less than $40K,3,2781,57,3,2,0,0.43619248,,
718270833,48,Less than $40K,6,4100,74,3,3,0,0.0029033788,,
721268133,44,$40K - $60K,5,3495,70,2,3,0,0.0020286997,,
795343683,40,Less than $40K,5,3935,76,1,0,0,0.00016226227,,
715611933,50,Unknown,6,3632,62,4,3,0,0.019182699,,
711184983,41,$80K - $120K,6,3839,73,2,3,0,0.0012518514,,
779601783,42,Less than $40K,3,4364,88,1,3,0,0.00023489853,,
784263558,43,$60K - $80K,4,3184,61,3,2,0,0.06582629,,
720795858,44,$60K - $80K,3,3456,72,3,3,0,0.0024153823,,
756629133,61,Less than $40K,3,2088,37,2,2,0,0.76156944,,
714387108,51,$80K - $120K,4,3481,51,2,2,0,0.7854541,,
712164333,40,$60K - $80K,3,1758,51,3,2,1,0.15129147,,
714429258,46,$60K - $80K,4,3660,55,3,3,0,0.053914294,,
796791258,50,$120K +,5,4006,76,2,0,0,0.00091032236,,
711220683,48,$60K - $80K,4,3280,70,1,3,0,0.0002957467,,
717582558,50,$120K +,4,3874,72,2,3,0,0.0009523301,,
714779733,44,$60K - $80K,3,2237,33,1,2,0,0.28874055,,
817965858,42,Less than $40K,3,3766,69,1,0,0,0.0002873013,,
717358158,46,$60K - $80K,5,3215,64,1,3,0,0.0011540487,,
720301458,52,$120K +,3,3000,64,1,3,0,0.0028863554,,
826471458,42,Less than $40K,2,1919,38,3,2,1,0.988832,0.5374239,Test
794579658,47,$80K - $120K,3,3537,73,2,3,0,0.0028209141,,
717052158,39,$60K - $80K,3,3492,66,2,3,0,0.0038157734,,
818311533,53,Less than $40K,5,3535,65,3,3,0,0.003169409,,
716156508,52,$40K - $60K,3,4095,63,1,3,0,0.0028171516,,
711191808,39,$80K - $120K,3,4256,82,1,3,0,0.0001328789,,
712084383,63,Less than $40K,4,4247,81,2,3,0,0.0003833223,,
788641758,53,$60K - $80K,5,3868,66,3,3,0,0.0030277946,,
788768883,54,$40K - $60K,4,4676,68,1,3,0,0.0014167002,,
713277783,45,$40K - $60K,6,2168,55,2,3,0,0.27955398,,
717451833,45,Unknown,6,4547,67,3,3,0,0.028719045,,
712291308,52,Unknown,5,1852,38,1,0,0,0.003948215,,
712852233,64,Less than $40K,5,4583,78,3,2,0,0.00365557,,
712312908,47,Less than $40K,6,3890,66,2,2,0,0.002631261,,
773457558,45,$40K - $60K,3,3818,81,2,3,0,0.00050287996,,
716194683,41,$40K - $60K,4,2155,48,2,0,0,0.15265846,,
720563058,56,Unknown,6,4175,65,1,0,0,0.00055736426,,
719502183,52,Less than $40K,3,4529,73,1,3,0,0.0005329809,,
712287333,39,$80K - $120K,3,4048,74,1,2,0,0.000118901866,,
716944983,61,$120K +,4,1658,27,3,2,0,0.09599114,,
718115733,57,$60K - $80K,4,1627,27,1,2,0,0.011116544,,
827691858,46,Less than $40K,3,2006,52,2,2,0,0.41222852,,
716431833,38,$40K - $60K,3,4614,96,3,3,0,0.0007745307,,
717265983,44,Unknown,3,3749,80,2,3,0,0.0003019221,,
769578858,40,$40K - $60K,4,4010,76,3,3,0,0.0010958199,,
712815858,57,Less than $40K,5,3525,79,2,3,0,0.0011833068,,
815851233,52,$120K +,6,1726,42,1,2,1,0.96725166,,
779425608,50,Unknown,6,3752,75,1,3,0,0.00033282125,,
811532208,51,$40K - $60K,3,3634,62,5,2,0,0.011904405,,
713896533,42,$60K - $80K,5,3157,63,1,3,0,0.0021645557,,
712546233,51,Less than $40K,5,4065,76,1,3,0,0.0004064801,,
772148058,45,$80K - $120K,6,2755,53,6,2,0,0.611993,,
771776808,44,$40K - $60K,5,1877,38,4,2,1,0.98084867,,
715905633,45,$60K - $80K,3,3433,68,1,3,0,0.00044698274,,
778282758,55,$120K +,6,4140,69,2,3,0,0.0011399856,,
717886008,63,Less than $40K,5,4527,67,3,3,0,0.02087345,,
709985133,33,Less than $40K,3,2603,47,1,3,0,0.050238337,,
709289358,46,$80K - $120K,4,3226,53,1,3,0,0.020690015,,
720457608,41,Less than $40K,4,4306,63,1,3,0,0.0025146417,,
780612558,58,$40K - $60K,3,3421,55,3,0,0,0.0883243,,
714216033,51,$120K +,4,3488,80,1,3,0,0.00037824162,,
710577708,35,$40K - $60K,5,2591,59,3,0,0,0.0058240057,,
719462433,42,Less than $40K,4,4227,92,2,3,0,0.0003455201,,
769063308,45,$80K - $120K,6,1676,36,2,3,0,0.011375118,,
715136583,51,$40K - $60K,4,4077,81,3,2,0,0.001167777,,
710915358,63,Unknown,5,3242,58,1,3,0,0.0030584536,,
709841433,45,Less than $40K,6,3885,83,3,3,0,0.0007385929,,
710509758,36,$120K +,5,2507,64,3,2,0,0.044636205,,
720527058,39,Less than $40K,4,4343,74,3,0,0,0.0004802993,,
711787383,52,Less than $40K,3,3782,64,1,0,0,0.00045251273,,
715824108,52,Less than $40K,3,4697,75,1,3,0,0.0007942576,,
719474583,50,$80K - $120K,6,2778,53,2,2,0,0.5509886,,
719282433,60,Unknown,3,3280,71,3,2,0,0.0036256644,,
772669833,43,$60K - $80K,4,3048,70,3,3,0,0.0044279173,,
789365508,49,$40K - $60K,2,1453,26,3,2,1,0.9965454,0.1839888,Low priority
806641683,44,$80K - $120K,5,3416,70,2,3,0,0.0008129761,,
805534608,54,$40K - $60K,4,3817,60,3,2,0,0.025811918,,
781117533,50,$120K +,6,2823,61,3,3,0,0.12205553,,
710294808,44,$60K - $80K,4,4509,67,1,0,0,0.00036111622,,
718788258,52,$80K - $120K,3,3290,82,3,2,0,0.0022056052,,
716404383,47,Unknown,1,2315,52,3,2,1,0.9745472,0.6007336,Priority
824795358,49,Less than $40K,3,4150,70,3,0,0,0.00025901647,,
715196508,45,$40K - $60K,5,4123,74,3,3,0,0.0029382133,,
779051808,35,$40K - $60K,3,4145,75,2,0,0,0.00055813405,,
720695583,65,Unknown,6,3432,70,2,3,0,0.00033356802,,
826414083,47,$40K - $60K,4,4225,79,3,2,0,0.004935317,,
708426483,56,Less than $40K,4,3534,73,6,3,0,0.00075800344,,
787472283,49,$80K - $120K,4,3918,78,2,3,0,0.00058930035,,
716948283,58,$80K - $120K,3,3497,69,3,3,0,0.0019799732,,
778375458,52,$80K - $120K,6,3402,75,3,3,0,0.0013661927,,
718504983,45,Less than $40K,6,3340,60,2,3,0,0.03634148,,
709625733,50,$60K - $80K,5,4620,64,2,2,0,0.0352124,,
719357058,62,$40K - $60K,5,3962,70,3,3,0,0.0018099982,,
709626858,44,Less than $40K,3,4222,61,3,2,0,0.015311912,,
711843708,61,Less than $40K,2,2860,38,3,2,1,0.99881005,0.3319499,Low priority
711349083,47,Less than $40K,3,2962,60,2,2,0,0.12627937,,
721462458,52,Unknown,3,3784,69,2,3,0,0.00081427785,,
780833058,46,$40K - $60K,4,3835,60,3,0,0,0.0050051287,,
769962933,40,Less than $40K,4,5244,75,1,2,0,0.0024283205,,
719095533,47,$40K - $60K,3,3382,58,3,0,0,0.014922877,,
709718058,52,Less than $40K,5,4650,78,1,0,0,0.00037521066,,
819151083,46,$60K - $80K,3,4042,79,3,2,0,0.0014362083,,
770778108,49,$60K - $80K,4,3585,68,2,0,0,0.00068665517,,
718877883,44,Less than $40K,3,2440,44,1,0,1,0.9003561,,
710376708,50,Less than $40K,4,3928,54,3,0,0,0.057736423,,
718366983,40,$80K - $120K,6,3504,64,2,3,0,0.0097961025,,
719604858,45,Less than $40K,4,2196,37,3,2,1,0.9979328,,
714549558,41,$40K - $60K,3,2362,49,2,2,1,0.97897094,,
822955008,63,$60K - $80K,3,2287,49,3,2,1,0.95611197,,
712986483,32,$80K - $120K,3,3993,73,5,2,0,0.0008376792,,
779597133,55,$80K - $120K,4,4317,81,3,0,0,0.00017956305,,
758426583,51,Less than $40K,3,3308,72,3,0,0,0.001586067,,
716805408,52,$60K - $80K,6,4511,74,2,3,0,0.0016621216,,
711275433,47,Unknown,3,2021,38,3,2,1,0.9915105,,
778968408,39,$60K - $80K,4,1955,47,1,3,0,0.08416476,,
827117808,45,$60K - $80K,2,1152,28,3,2,1,0.9891149,0.30553505,Low priority
804462633,43,Less than $40K,3,2287,44,3,2,1,0.9987429,,
709321908,47,$80K - $120K,2,1676,51,2,2,1,0.92918646,0.5187494,Test
714907908,51,$40K - $60K,6,3722,77,2,3,0,0.00056051067,,
818336508,50,$120K +,6,4037,60,2,2,0,0.004793736,,
712597233,37,$40K - $60K,2,1714,32,3,2,1,0.9598201,0.4607733,Test
711964533,44,$40K - $60K,3,4155,68,3,0,0,0.0094392495,,
716705433,62,Less than $40K,6,4182,78,1,3,0,0.00021787011,,
717983058,41,$40K - $60K,5,3058,58,1,0,0,0.009772601,,
709587783,39,$60K - $80K,6,4033,73,3,2,0,0.009262004,,
709804533,40,$120K +,3,3973,74,1,2,0,0.0002536241,,
712076358,46,$120K +,5,3535,57,3,3,0,0.0063263583,,
711670308,51,Less than $40K,3,3199,65,2,3,0,0.0028753702,,
720717108,64,Unknown,6,3647,59,3,0,0,0.006661323,,
784789758,40,$60K - $80K,6,3966,74,3,0,0,0.00051770307,,
779689233,50,$40K - $60K,3,2903,69,1,0,0,0.0017403566,,
788792583,44,$40K - $60K,4,4458,71,3,3,0,0.0011991828,,
710657508,32,Less than $40K,3,3975,65,3,2,0,0.0038443948,,
716393958,43,$80K - $120K,4,3855,66,2,3,0,0.00057004206,,
770708133,47,Less than $40K,5,3833,64,2,0,0,0.0010573692,,
766131033,43,Less than $40K,6,3163,60,3,3,0,0.020923307,,
719816583,46,$120K +,3,2309,49,2,2,1,0.934413,,
715376508,47,Less than $40K,3,3493,65,5,0,0,0.021407802,,
709300458,48,Less than $40K,5,4041,73,3,3,0,0.0012015536,,
778340733,44,$40K - $60K,3,1950,31,1,2,0,0.009296199,,
708195633,40,$80K - $120K,5,2440,54,2,2,0,0.20571487,,
714729933,46,$80K - $120K,6,3749,59,1,3,0,0.0015958514,,
794514108,50,Unknown,4,4051,65,2,3,0,0.013322452,,
812501358,46,Less than $40K,4,4864,76,1,3,0,0.0010590001,,
718961208,43,Less than $40K,5,3799,85,3,3,0,0.0012945671,,
814459833,42,Less than $40K,5,3042,55,3,2,0,0.6956772,,
720363258,43,Less than $40K,3,4007,75,3,0,0,0.0013693821,,
714496083,51,$60K - $80K,4,1609,28,2,2,0,0.037624955,,
713004933,40,$60K - $80K,3,2634,51,2,0,1,0.8649702,,
712011633,40,$40K - $60K,6,3652,64,1,3,0,0.00080641935,,
772466508,45,$60K - $80K,6,2030,45,2,3,1,0.9433916,,
708225483,47,$80K - $120K,3,4246,81,2,3,0,0.00068812683,,
788923758,26,Unknown,3,4138,76,1,3,0,0.00123102,,
789150633,50,Less than $40K,6,3687,58,3,0,0,0.009240806,,
710809083,37,Less than $40K,6,4587,58,3,0,0,0.021121405,,
787669233,51,$80K - $120K,3,3435,76,3,3,0,0.0044652103,,
708119658,49,$40K - $60K,4,2519,53,2,3,0,0.5950614,,
737921733,62,Less than $40K,3,1581,34,3,0,1,0.34595078,,
765940683,37,$80K - $120K,5,2033,56,2,3,0,0.040253054,,
719732433,54,$60K - $80K,5,3771,78,3,3,0,0.0007239059,,
715491483,44,$120K +,5,3693,62,2,3,0,0.0023729661,,
783381933,43,$60K - $80K,4,3512,63,1,0,0,0.0007648312,,
811554708,44,Unknown,4,3609,76,6,2,0,0.0018192668,,
719536608,49,Less than $40K,4,4944,78,5,0,0,0.00069019804,,
720753183,48,$40K - $60K,4,4247,76,3,3,0,0.001711749,,
714505683,51,$80K - $120K,5,3250,63,3,3,0,0.043985974,,
711942783,41,Less than $40K,3,4048,61,1,0,0,0.0017243441,,
714031983,41,Less than $40K,6,4038,63,1,3,0,0.0008395075,,
711372258,59,$40K - $60K,4,2897,62,2,3,0,0.012675377,,
710825658,37,Less than $40K,5,4045,78,3,0,0,0.0001640099,,
716575758,50,Unknown,2,1859,41,3,2,1,0.9971486,0.42097935,Test
714732183,47,$40K - $60K,6,3188,65,3,0,0,0.027251102,,
714097683,55,$40K - $60K,3,2123,44,3,2,1,0.99202746,,
720568083,40,$60K - $80K,5,2428,53,2,2,0,0.49318027,,
708121908,48,$80K - $120K,2,2045,45,3,2,1,0.9952572,0.41112554,Low priority
778710783,45,$80K - $120K,3,3778,83,2,3,0,0.00041354902,,
713745783,29,Unknown,4,2336,49,1,3,0,0.008919464,,
711043983,44,$80K - $120K,6,3275,67,3,3,0,0.0038236408,,
716438433,41,$80K - $120K,4,4002,66,3,2,0,0.0039733206,,
709435533,53,Less than $40K,2,1401,44,3,2,1,0.99164563,0.2577055,Low priority
711080358,55,$120K +,4,3657,66,1,3,0,0.0006994965,,
718677858,39,Less than $40K,4,4571,72,2,0,0,0.0020377191,,
720259308,39,$80K - $120K,5,3927,82,3,3,0,0.0008424842,,
719346708,41,Less than $40K,5,3820,72,2,0,0,0.00082266616,,
719874633,44,$80K - $120K,2,1891,34,2,2,1,0.9960835,0.22341762,Low priority
720286908,50,$40K - $60K,5,3680,80,2,3,0,0.001339718,,
719168883,45,Less than $40K,1,2753,45,4,2,1,0.99342346,0.45550534,Test
789893808,52,$120K +,6,2100,38,2,2,0,0.742076,,
772472208,50,$60K - $80K,6,2298,48,1,2,0,0.10204555,,
710402508,52,$80K - $120K,4,3487,69,3,2,0,0.0038402993,,
710218233,43,$40K - $60K,4,3161,65,3,0,0,0.008686746,,
714212358,38,Unknown,1,2142,57,3,2,1,0.97925997,0.47309062,Test
812956983,51,$80K - $120K,6,3409,59,3,0,0,0.006200337,,
780241758,59,$60K - $80K,4,3527,59,2,0,0,0.12591505,,
711580908,52,$40K - $60K,6,4119,81,3,0,0,0.0006365809,,
712835433,49,Unknown,5,4869,73,3,3,0,0.0039913473,,
716461683,47,Less than $40K,5,4134,72,3,3,0,0.001380122,,
713617608,43,$120K +,5,4217,79,2,3,0,0.0012612231,,
714622833,47,$80K - $120K,5,3489,58,3,3,0,0.014372565,,
712115958,47,Less than $40K,5,3562,74,3,0,0,0.0026366136,,
712033833,42,Less than $40K,5,3899,70,3,0,0,0.00087544974,,
714548733,35,$80K - $120K,6,2655,64,3,3,0,0.030557944,,
719523108,61,$60K - $80K,6,4253,80,2,3,0,0.0008616987,,
710881008,42,$80K - $120K,3,4119,66,1,3,0,0.0005484332,,
715098333,52,$120K +,3,4313,82,2,2,0,0.004015473,,
708211383,35,Less than $40K,3,3906,74,3,2,0,0.0007188106,,
715054683,50,$80K - $120K,3,3838,60,3,2,0,0.09481715,,
710670633,40,$60K - $80K,6,2131,33,3,2,0,0.40046299,,
784560258,45,$60K - $80K,4,3937,63,2,3,0,0.0006550296,,
710871108,45,$60K - $80K,4,4759,70,2,2,0,0.0024149811,,
787770858,43,$80K - $120K,3,3889,81,2,3,0,0.00091373443,,
721104708,41,Less than $40K,1,3033,41,3,0,1,0.99151284,0.28738466,Low priority
717461283,38,Unknown,3,2066,45,2,2,1,0.98208183,,
803028858,38,Less than $40K,2,2031,36,3,2,1,0.9966009,0.31578392,Low priority
716628633,41,$80K - $120K,6,4406,74,3,0,0,0.0016549274,,
813380058,64,Unknown,3,3593,51,2,2,0,0.16551907,,
770135358,46,Less than $40K,6,4417,77,2,3,0,0.00080523797,,
719301258,61,$40K - $60K,4,3982,68,3,3,0,0.0021095863,,
711340233,46,Unknown,6,3630,78,1,3,0,0.00011949598,,
710002833,32,Unknown,3,4355,71,2,0,0,0.002294889,,
808705758,43,$80K - $120K,6,1624,27,2,2,0,0.005994446,,
710839308,34,Less than $40K,6,3161,77,1,3,0,0.0002714117,,
768687183,54,Less than $40K,3,3017,53,1,2,0,0.118830495,,
720541758,45,Less than $40K,5,3711,64,1,3,0,0.0010908325,,
712263258,49,Less than $40K,6,3371,62,3,2,0,0.04653566,,
712751133,42,$60K - $80K,3,1829,42,3,2,1,0.91787046,,
779662308,49,Less than $40K,3,3808,80,1,0,0,0.00018288047,,
719260608,38,$60K - $80K,5,3961,53,3,3,0,0.0038381952,,
803319633,51,Less than $40K,4,3988,81,3,0,0,0.00062475755,,
708170508,38,$60K - $80K,2,1651,42,3,2,1,0.98253286,0.40926832,Low priority
711891933,47,$80K - $120K,3,3369,59,3,2,0,0.04166162,,
802875333,51,$60K - $80K,3,3377,54,3,2,0,0.118705824,,
719991783,40,$80K - $120K,5,3644,67,3,3,0,0.00076493033,,
745435533,44,$80K - $120K,6,3104,70,1,0,0,0.0004262672,,
718063083,40,$40K - $60K,6,4738,82,1,3,0,0.00021980662,,
710713608,60,$80K - $120K,6,4070,67,3,3,0,0.0064822016,,
720487308,49,$60K - $80K,3,4184,54,3,3,0,0.047477633,,
719770158,54,Less than $40K,1,2189,37,4,2,1,0.9995453,0.26437342,Low priority
712283808,50,Less than $40K,5,1964,44,2,2,0,0.23837817,,
779737233,51,$60K - $80K,3,3971,66,3,3,0,0.003226354,,
751076058,44,Unknown,4,3756,73,3,3,0,0.0039409325,,
736552308,48,Less than $40K,3,3291,65,1,3,0,0.0020576045,,
720578058,53,$60K - $80K,3,4101,67,3,2,0,0.008455036,,
714932658,42,Unknown,5,4098,81,3,3,0,0.0011715395,,
804708633,44,Less than $40K,3,4666,87,2,3,0,0.002499739,,
716271183,45,Less than $40K,3,1720,42,2,2,1,0.9544098,,
712442508,52,Less than $40K,6,3464,70,3,0,0,0.0010093065,,
719165508,48,$40K - $60K,5,3066,69,3,2,0,0.009247498,,
826467333,57,$80K - $120K,4,4082,74,1,3,0,0.005840343,,
721027083,47,Unknown,6,3543,87,1,0,0,5.0506347e-05,,
713764458,53,$120K +,5,3453,68,2,3,0,0.00060404406,,
816261858,61,$40K - $60K,2,1821,39,5,2,1,0.9611871,0.49031344,Test
710850633,65,$40K - $60K,3,3325,67,2,0,0,0.001122128,,
805282908,43,$40K - $60K,3,4401,71,3,3,0,0.011213699,,
771246708,40,$120K +,5,4371,82,2,3,0,0.0002746219,,
785119833,40,$60K - $80K,3,3391,54,3,2,0,0.09016203,,
716780283,39,$40K - $60K,4,4050,89,3,3,0,0.0004225967,,
716546283,39,$60K - $80K,6,3944,72,3,2,0,0.0011519865,,
721308033,45,Less than $40K,3,2609,42,3,0,1,0.9952815,,
779270883,48,$60K - $80K,6,3982,77,3,3,0,0.000931151,,
822061683,38,$60K - $80K,5,4106,85,3,3,0,0.0005946902,,
710058033,51,$120K +,4,3781,66,1,3,0,0.00024781743,,
710678658,47,Less than $40K,5,3684,64,3,3,0,0.0033364233,,
712943508,48,Less than $40K,5,4608,79,3,3,0,0.00038199098,,
816263808,47,$80K - $120K,4,2760,56,1,3,0,0.009314315,,
714162033,45,Less than $40K,3,3434,49,4,2,0,0.15942948,,
711238908,65,Less than $40K,6,5103,62,5,2,0,0.022329299,,
713971608,49,Less than $40K,6,4337,71,1,2,0,0.0011737193,,
715193433,61,Unknown,4,3889,67,2,2,0,0.008160115,,
713111883,51,$120K +,5,3783,70,1,3,0,0.0002271172,,
716911608,48,$80K - $120K,4,3816,71,1,0,0,0.00044050504,,
822898758,44,Less than $40K,3,3239,66,3,2,0,0.012687467,,
712085733,45,$120K +,5,3491,64,2,2,0,0.018181937,,
718583133,49,Less than $40K,4,3598,75,2,3,0,0.00027855232,,
772095858,38,Unknown,4,3929,66,2,3,0,0.0040251785,,
780074733,42,Less than $40K,5,4518,72,3,0,0,0.0017612877,,
710182383,44,$80K - $120K,4,3626,77,2,3,0,0.0009938276,,
713418558,46,Less than $40K,6,3819,71,1,3,0,0.00013035671,,
715445883,40,Unknown,5,4449,86,2,3,0,0.00027982306,,
718599108,50,Unknown,5,4419,64,3,0,0,0.011062807,,
711546333,46,Less than $40K,4,4962,72,3,3,0,0.005028018,,
721513833,35,$40K - $60K,6,2808,72,3,3,0,0.0020296122,,
771669183,49,$60K - $80K,5,3651,70,1,2,0,0.00071290036,,
774760458,62,$40K - $60K,3,1739,36,5,0,1,0.9647933,,
713453733,45,$40K - $60K,6,3428,84,1,0,0,0.00013248516,,
804415083,45,$60K - $80K,3,2611,51,5,2,1,0.9524329,,
711419133,56,Less than $40K,3,4449,77,2,3,0,0.0006441609,,
710691633,58,Less than $40K,4,4546,78,1,0,0,0.00034766216,,
715008858,51,Less than $40K,5,4099,66,1,3,0,0.0013791773,,
771424908,38,$60K - $80K,2,1766,31,2,2,1,0.9763574,0.46962148,Test
771215583,39,$60K - $80K,6,3505,60,1,3,0,0.00063569576,,
711012783,43,$120K +,1,2066,46,3,2,1,0.9933809,0.5521989,Test
827408058,44,Less than $40K,6,3803,68,2,0,0,0.0028466242,,
713904708,40,Less than $40K,6,4926,85,1,3,0,0.00022315132,,
807596358,49,$80K - $120K,6,4650,70,2,3,0,0.0037902023,,
708788583,64,Less than $40K,3,1648,43,1,2,1,0.9001734,,
713446083,49,Unknown,5,3996,65,2,2,0,0.0042736405,,
717888108,47,$40K - $60K,3,3635,62,3,0,0,0.01664522,,
819714408,44,Unknown,6,1981,42,3,0,1,0.8029841,,
716853258,64,Less than $40K,5,4253,72,3,3,0,0.0021312798,,
719455083,48,Less than $40K,4,3734,64,3,0,0,0.0041860724,,
779299233,52,Less than $40K,3,3563,73,2,3,0,0.0008477402,,
771922008,57,Less than $40K,5,4416,64,2,3,0,0.010949807,,
708887433,65,Less than $40K,6,3150,59,1,2,0,0.05868462,,
713214558,52,$60K - $80K,4,3608,68,3,0,0,0.0029095598,,
718038483,42,$80K - $120K,5,3449,75,1,3,0,0.0009232501,,
714053358,37,$40K - $60K,6,4039,81,3,3,0,0.00069360976,,
713730933,53,Less than $40K,2,1739,44,3,2,1,0.9993905,0.23862435,Low priority
762775908,46,Unknown,3,4177,63,1,3,0,0.00085212686,,
713181558,55,Unknown,6,4201,73,1,3,0,0.0011431592,,
713079108,51,Less than $40K,5,3660,72,3,0,0,0.0019200131,,
804426858,35,Less than $40K,3,1974,33,2,0,0,0.031349964,,
788379933,41,$60K - $80K,5,4422,70,3,3,0,0.0028644593,,
713740533,41,$60K - $80K,5,2478,52,3,0,0,0.21914245,,
712235433,43,Less than $40K,2,2326,50,3,2,1,0.99636215,0.350462,Low priority
811705233,45,$40K - $60K,6,4099,71,4,2,0,0.004467521,,
714594933,44,Less than $40K,6,3758,65,3,3,0,0.0016371259,,
714377058,63,Less than $40K,3,2186,50,3,2,1,0.9881534,,
827114058,46,$60K - $80K,6,4447,74,2,3,0,0.0016138479,,
708654933,51,Less than $40K,3,2021,46,2,2,1,0.9939873,,
720283758,44,Unknown,1,1783,43,3,2,1,0.9321877,0.54516727,Test
801994458,58,$40K - $60K,3,3163,65,2,0,0,0.063753664,,
718834233,38,Less than $40K,4,3848,71,1,3,0,0.0005636227,,
719196858,50,$60K - $80K,4,4254,77,1,3,0,0.0002004803,,
708451233,46,Less than $40K,5,3707,72,3,2,0,0.0030578284,,
718735908,47,$120K +,3,1799,51,4,2,1,0.96416616,,
789339633,51,$120K +,4,3736,55,2,2,0,0.049617607,,
804833058,49,$80K - $120K,1,1832,49,3,2,1,0.9602463,0.48615465,Test
712542258,47,Less than $40K,5,4742,79,1,0,0,0.00026638998,,
713639058,49,$60K - $80K,6,1329,35,3,2,1,0.36647716,,
709560258,49,Unknown,2,2239,38,3,2,1,0.9990688,0.2790128,Low priority
718317258,54,Less than $40K,3,3618,76,3,2,0,0.0021389308,,
720362058,57,$60K - $80K,4,1937,46,3,2,1,0.9568608,,
712606158,47,$60K - $80K,4,3685,63,1,3,0,0.0010421344,,
713162358,49,$40K - $60K,4,4050,72,3,3,0,0.00462972,,
710673558,37,$60K - $80K,3,4087,70,2,3,0,0.0006102779,,
710096658,45,Less than $40K,4,2191,42,3,0,0,0.9083909,,
721313808,50,$80K - $120K,6,4488,73,1,0,0,0.00041876294,,
778924158,45,Less than $40K,4,3749,77,3,2,0,0.00067650306,,
719602908,42,$40K - $60K,3,2064,42,3,2,1,0.97893184,,
820383558,45,$80K - $120K,6,3258,58,2,3,0,0.023717223,,
717953283,41,$60K - $80K,5,4379,45,2,0,0,0.035937022,,
710327508,44,Less than $40K,5,4247,87,2,0,0,0.00030296014,,
785134758,41,$80K - $120K,3,4077,77,2,3,0,0.0011256465,,
811970808,53,Less than $40K,4,3491,65,3,2,0,0.0055525727,,
718676283,43,Less than $40K,6,3779,72,2,3,0,0.0010530188,,
720439533,64,Less than $40K,3,4951,73,1,3,0,0.00035672143,,
793720908,46,$40K - $60K,6,3636,48,2,3,0,0.04103866,,
708937608,37,Less than $40K,4,4590,66,1,0,0,0.0036402822,,
769189083,46,Less than $40K,4,4427,85,2,0,0,0.00038806297,,
713455233,48,$80K - $120K,5,4026,65,2,3,0,0.011505209,,
719563158,48,$40K - $60K,6,3850,75,3,0,0,0.0018913669,,
753118533,38,Less than $40K,6,4686,75,3,0,0,0.0010146725,,
713265858,44,$120K +,4,4795,92,2,3,0,0.0010937972,,
709713033,55,$80K - $120K,3,1735,35,3,2,1,0.9660668,,
711608958,50,$40K - $60K,5,4092,74,1,0,0,0.00029487952,,
708633783,43,$80K - $120K,3,1809,39,2,2,1,0.9317487,,
714532158,55,$60K - $80K,3,3848,68,3,2,0,0.0021698775,,
720950283,47,$80K - $120K,3,2064,63,3,3,1,0.7627582,,
809797158,42,$80K - $120K,3,3627,66,3,3,0,0.0025194904,,
713692683,41,$60K - $80K,4,3216,77,2,0,0,0.0006170771,,
710748483,56,Less than $40K,3,3861,68,2,0,0,0.0005945935,,
720868683,50,$40K - $60K,5,1814,37,2,2,0,0.6122658,,
787532808,41,$40K - $60K,6,3293,66,3,3,0,0.0155597385,,
709453833,48,Unknown,3,4227,67,2,3,0,0.0026836132,,
712114458,49,Less than $40K,6,3941,64,3,0,0,0.01405465,,
811013658,41,$120K +,4,3221,68,3,3,0,0.003195957,,
789180933,37,Less than $40K,3,4524,67,1,0,0,0.001156847,,
717151383,44,Less than $40K,3,3616,85,3,0,0,0.0036703376,,
712470033,44,Less than $40K,6,2960,67,3,0,0,0.012565718,,
717840108,48,$80K - $120K,2,1771,35,3,2,1,0.9983783,0.53169674,Test
709131033,65,Unknown,3,4056,71,3,0,0,0.00043793305,,
721506708,54,$80K - $120K,4,3988,68,1,0,0,0.0014834999,,
716039433,48,Less than $40K,4,3445,64,6,0,0,0.001284915,,
710874933,41,$80K - $120K,5,2149,40,3,3,0,0.24775887,,
794682483,43,Less than $40K,5,3095,64,3,2,0,0.015359709,,
709229358,46,Less than $40K,6,4835,80,1,0,0,0.00011532937,,
772177308,47,Less than $40K,4,2572,62,2,3,0,0.39806983,,
715016508,42,$40K - $60K,1,2441,37,3,2,1,0.99930394,0.3164653,Low priority
716071233,42,$80K - $120K,5,4613,73,2,3,0,0.00084242993,,
818308533,47,Less than $40K,4,3162,56,2,3,0,0.23010272,,
711000933,50,Unknown,5,3724,61,2,0,0,0.08714023,,
760104333,43,Less than $40K,6,3246,63,2,3,0,0.029076383,,
718201383,49,$60K - $80K,6,2139,48,3,2,0,0.46854073,,
779450958,43,Less than $40K,5,4739,88,3,0,0,0.0007998012,,
717990183,52,$80K - $120K,5,5100,79,2,3,0,0.0017509317,,
721252683,40,$80K - $120K,4,3368,64,2,2,0,0.0023596608,,
710505483,46,$60K - $80K,4,3099,69,3,3,0,0.0056142355,,
711587433,47,Unknown,6,4328,71,3,3,0,0.02207488,,
720964683,60,$40K - $60K,5,3477,60,3,3,0,0.049136627,,
711478233,38,Less than $40K,4,3691,58,1,0,0,0.004430439,,
717096858,51,$40K - $60K,4,4828,78,3,2,0,0.0048314366,,
719739108,62,$40K - $60K,3,4021,56,2,2,0,0.11691789,,
717432933,52,Unknown,3,4587,76,1,0,0,0.0005227624,,
721501308,41,Less than $40K,6,4410,70,3,3,0,0.002727215,,
714169083,48,$120K +,5,4959,74,2,3,0,0.0006739242,,
710194683,43,$80K - $120K,3,2313,39,1,0,0,0.09592032,,
715365183,51,Less than $40K,4,3323,65,2,3,0,0.003116239,,
715448058,42,Less than $40K,6,1973,50,4,0,0,0.009522158,,
779008158,54,Less than $40K,3,4961,71,1,0,0,0.0006993175,,
712822758,52,Less than $40K,6,2730,58,3,3,0,0.10104927,,
717466158,48,Less than $40K,3,4889,62,4,2,0,0.11577358,,
798687258,40,Less than $40K,3,4134,62,1,0,0,0.00033874443,,
717380133,65,$40K - $60K,6,4218,72,4,0,0,0.0016900613,,
709693833,47,$60K - $80K,6,2468,44,3,3,0,0.6789982,,
804847308,64,$40K - $60K,6,4018,69,2,3,0,0.00084073993,,
716321583,50,$40K - $60K,5,3441,55,3,2,0,0.087936975,,
712685733,57,Unknown,6,3498,68,3,3,0,0.0010771209,,
781306758,58,$80K - $120K,1,1844,49,2,0,1,0.9716253,0.5614072,Priority
743912958,39,$40K - $60K,3,4080,65,3,3,0,0.00303144,,
712294083,54,Unknown,4,2367,45,3,2,1,0.99378115,,
716630508,58,$120K +,6,4425,75,2,2,0,0.0012424724,,
711334983,41,Unknown,1,2077,46,2,2,1,0.9959059,0.31636977,Low priority
717442758,51,$40K - $60K,5,4141,79,3,3,0,0.00064034597,,
709137558,52,$80K - $120K,6,4689,69,4,2,0,0.004021852,,
714366708,58,$60K - $80K,6,3790,85,1,0,0,0.00010601236,,
711925608,42,$80K - $120K,3,3886,81,2,3,0,0.00050733663,,
721202058,62,$40K - $60K,4,4160,61,1,3,0,0.004869721,,
716931183,45,$80K - $120K,3,4296,68,4,2,0,0.002639396,,
800164083,53,$120K +,4,3819,76,2,3,0,0.00031709616,,
719682183,53,$40K - $60K,3,1997,43,4,2,0,0.436286,,
710984133,50,$120K +,5,4654,88,3,2,0,0.0016105897,,
780307233,44,Less than $40K,5,3521,58,2,0,0,0.002238115,,
716434533,40,$80K - $120K,2,2106,56,3,2,1,0.9618603,0.6136195,Priority
828215508,55,Less than $40K,4,1785,33,4,2,1,0.9729695,,
716138958,50,Less than $40K,6,3740,68,4,2,0,0.0025223093,,
709276908,38,$40K - $60K,6,3990,75,2,3,0,0.0016432224,,
815767983,45,$60K - $80K,4,4869,66,3,3,0,0.008871192,,
712812408,40,Less than $40K,2,1921,41,3,2,1,0.9962075,0.40572423,Low priority
712403358,55,$40K - $60K,4,4307,76,4,0,0,0.0007576474,,
717826308,49,Less than $40K,6,4061,66,2,0,0,0.0015644141,,
753443583,43,$40K - $60K,5,3992,73,2,3,0,0.0028662535,,
721428333,47,Less than $40K,4,3609,77,2,3,0,0.0013006396,,
719910333,43,Less than $40K,4,3595,80,4,3,0,0.0007245519,,
713585958,48,Less than $40K,2,1457,42,3,2,1,0.98965865,0.3256831,Low priority
712866933,51,$60K - $80K,6,3700,73,3,2,0,0.0023249658,,
719219883,47,$60K - $80K,4,3651,67,1,3,0,0.0006628935,,
779170008,51,$40K - $60K,4,4596,78,1,3,0,0.0013277308,,
779727558,49,Less than $40K,4,4148,71,2,0,0,0.00074989116,,
714373308,53,Less than $40K,6,3634,66,4,2,0,0.0041250675,,
715000383,55,$80K - $120K,4,4047,76,2,3,0,0.00060756004,,
710493558,46,$40K - $60K,3,1979,37,2,2,1,0.9992636,,
778839108,50,Less than $40K,3,3687,74,1,3,0,0.000706552,,
715548183,65,Unknown,4,3129,79,3,3,0,0.00056712783,,
712545183,51,Less than $40K,4,3333,66,4,0,0,0.0030868468,,
779032308,46,$80K - $120K,4,3279,66,2,0,0,0.0042749615,,
721500108,42,$60K - $80K,5,4402,55,3,3,0,0.12559012,,
713389233,49,Unknown,3,3418,58,2,3,0,0.023941927,,
718811058,40,$80K - $120K,6,4391,66,2,3,0,0.0015512672,,
717084708,45,Less than $40K,6,3802,68,4,0,0,0.0012959414,,
778247358,65,Less than $40K,5,3880,67,3,3,0,0.002441435,,
710702733,46,$80K - $120K,6,3949,69,3,3,0,0.002456074,,
815240358,47,Unknown,4,3357,62,1,2,0,0.0014268821,,
715165758,44,$120K +,3,2862,56,4,3,0,0.09564579,,
827964858,58,Unknown,3,2151,46,5,2,1,0.9799135,,
773667708,50,$60K - $80K,3,2176,39,4,2,1,0.9704691,,
717400533,54,Less than $40K,5,4839,92,2,3,0,0.0026317264,,
713586858,40,$80K - $120K,4,4187,73,3,3,0,0.00053424714,,
711393483,49,Less than $40K,4,4340,76,3,3,0,0.0016699194,,
812979408,39,$40K - $60K,3,2458,41,0,2,1,0.97255075,,
711877458,51,Less than $40K,6,4072,72,2,3,0,0.001200807,,
714351558,64,Less than $40K,3,3950,65,2,3,0,0.011933438,,
828343083,43,Less than $40K,3,3646,68,3,0,0,0.0011244237,,
790002783,38,Unknown,4,4079,65,1,2,0,0.0011647792,,
708615183,44,$60K - $80K,4,4558,90,4,2,0,0.00068720017,,
718509858,46,$80K - $120K,3,4347,69,1,2,0,0.00058612373,,
718540308,44,$80K - $120K,5,4263,62,3,3,0,0.0020781346,,
778180158,44,$80K - $120K,5,3636,69,1,2,0,0.00060536416,,
778242708,63,$60K - $80K,5,4323,81,4,2,0,0.001844862,,
806947308,40,$60K - $80K,3,1735,44,4,2,1,0.94432455,,
714899283,46,Less than $40K,5,3972,73,2,0,0,0.0007976374,,
708386958,47,Less than $40K,3,1947,28,3,2,1,0.9954071,,
710986758,43,$60K - $80K,6,3891,76,2,3,0,0.0013870351,,
718220358,58,$120K +,2,1712,41,3,2,1,0.97419465,0.4012603,Low priority
710568333,47,$60K - $80K,4,2293,47,2,2,0,0.37959436,,
712656783,49,$120K +,3,2179,40,4,2,1,0.9954835,,
717483558,42,$120K +,3,3547,61,1,3,0,0.00026126852,,
721440633,55,Less than $40K,5,4387,71,2,2,0,0.0017364193,,
738899658,45,Unknown,6,2468,43,2,0,1,0.99624604,,
711423558,60,$40K - $60K,4,4181,63,1,3,0,0.01700141,,
721522533,48,Less than $40K,6,4311,70,3,0,0,0.0007740541,,
708558408,50,$40K - $60K,5,3776,83,3,3,0,0.00080032344,,
714727833,41,Less than $40K,2,2257,48,2,0,1,0.9635225,0.5528686,Test
714365883,51,Less than $40K,3,3877,75,3,2,0,0.0021610712,,
715856208,47,$60K - $80K,5,4028,76,4,0,0,0.00071451475,,
708944958,47,$60K - $80K,5,4612,75,2,3,0,0.0049050148,,
771516333,41,$40K - $60K,6,3831,81,2,3,0,0.0012524955,,
772051308,55,Unknown,6,3853,69,6,0,0,0.0014180986,,
788350908,38,$40K - $60K,3,3548,69,1,2,0,0.00046049,,
818322033,41,Less than $40K,6,3943,80,6,2,0,0.00066921016,,
716288958,40,$80K - $120K,3,4062,71,4,2,0,0.0017697496,,
712347258,43,Less than $40K,3,4419,68,3,3,0,0.0020283116,,
779072733,36,Less than $40K,5,4979,77,2,3,0,0.0019045733,,
710003958,48,Less than $40K,3,4100,84,3,0,0,0.0005817841,,
715287708,41,$40K - $60K,6,3769,77,3,3,0,0.0012073208,,
708774708,47,$40K - $60K,6,3858,70,1,0,0,0.00032961523,,
713535033,44,$80K - $120K,3,3200,91,3,3,0,0.00036945628,,
719314683,50,Less than $40K,3,3645,69,2,2,0,0.0019094979,,
789293358,46,Less than $40K,3,5328,78,3,2,0,0.023387702,,
787638408,47,Unknown,5,4161,74,4,2,0,0.0026851492,,
715974783,53,$80K - $120K,4,4590,69,3,3,0,0.011414173,,
716134533,44,$80K - $120K,4,4406,80,4,3,0,0.0010207731,,
708834483,46,$80K - $120K,1,1775,42,2,2,1,0.9893947,0.4153417,Test
780168333,39,$120K +,3,3450,83,2,3,0,0.00049806136,,
711557508,51,$60K - $80K,4,4066,74,3,3,0,0.0005582538,,
772506858,45,Unknown,3,4552,81,4,0,0,0.003736856,,
765692658,49,Less than $40K,4,3825,70,3,0,0,0.0016400301,,
720598308,47,$120K +,3,1736,35,2,2,1,0.97424,,
709912683,53,Unknown,5,4390,77,1,3,0,0.00017609866,,
815353083,44,$80K - $120K,2,1853,36,3,2,1,0.9888993,0.37614506,Low priority
720093333,41,$120K +,6,4855,79,1,0,0,0.0008295414,,
717281658,52,Less than $40K,3,3953,65,3,2,0,0.004187138,,
765731433,48,Unknown,3,3512,76,4,2,0,0.0016103183,,
712050933,48,$80K - $120K,5,1533,41,2,2,1,0.86046636,,
787361583,50,$60K - $80K,4,2204,60,2,2,0,0.017002754,,
709921158,51,$60K - $80K,6,4241,76,4,0,0,0.0011681932,,
714781908,43,$60K - $80K,3,3710,70,3,2,0,0.003003072,,
717592758,44,Less than $40K,3,2418,44,2,0,1,0.994663,,
821339433,45,Unknown,5,4442,64,4,0,0,0.0075171706,,
715174983,40,$60K - $80K,4,3331,67,4,2,0,0.003965791,,
710863308,48,$40K - $60K,6,4020,84,1,3,0,0.00029604038,,
806824908,45,$120K +,4,4717,71,4,2,0,0.027231283,,
710592933,44,Less than $40K,3,2216,54,2,2,0,0.608647,,
771881283,42,$60K - $80K,3,4036,78,2,3,0,0.00039539213,,
708687483,54,Less than $40K,3,1711,30,2,2,1,0.9966455,,
719147208,29,Less than $40K,4,4814,88,3,3,0,0.0013554384,,
709607733,40,Unknown,4,4275,83,2,3,0,0.0003265388,,
713184858,58,Less than $40K,4,4196,71,3,0,0,0.0010370857,,
719929758,50,Unknown,6,3057,54,4,2,0,0.36570784,,
759127158,48,$40K - $60K,3,4177,85,1,3,0,0.00024676564,,
780717483,51,Less than $40K,6,4755,58,3,2,0,0.12896077,,
708507483,43,Less than $40K,6,4802,82,4,3,0,0.0005065442,,
787617483,58,Less than $40K,6,4335,76,2,0,0,0.00026616734,,
816608808,46,$80K - $120K,4,2773,62,2,2,0,0.20309252,,
716727258,52,Unknown,5,4435,67,1,3,0,0.0007563979,,
813890883,44,Less than $40K,4,3811,65,2,3,0,0.0037627602,,
768256908,45,Less than $40K,3,1880,37,3,2,1,0.98749405,,
811095483,48,$40K - $60K,3,1732,35,1,3,0,0.11702283,,
720168558,39,Less than $40K,3,4876,74,3,2,0,0.022496996,,
719309133,56,Less than $40K,3,3877,70,3,2,0,0.0017958473,,
721451208,54,$60K - $80K,2,1980,36,3,2,1,0.9888629,0.52279794,Test
772879158,47,$60K - $80K,4,3943,64,1,3,0,0.0007879448,,
712934583,44,Less than $40K,6,3490,62,3,3,0,0.0023329163,,
710088483,52,$80K - $120K,4,3283,56,1,3,0,0.005138999,,
753534633,42,$60K - $80K,4,3148,62,3,3,0,0.054563697,,
710932683,55,Less than $40K,2,3470,69,1,3,0,0.0011552573,0.6309475,Priority
714751158,49,$80K - $120K,4,1789,48,2,2,1,0.9619671,,
718109808,38,$60K - $80K,4,4599,89,3,3,0,0.00020135539,,
713227233,42,$80K - $120K,4,4374,79,2,3,0,0.0009978309,,
718342158,38,Less than $40K,2,1849,36,2,2,1,0.93688816,0.5315084,Test
804606033,46,$40K - $60K,6,3121,60,1,3,0,0.005228606,,
720755658,42,Less than $40K,6,4172,70,6,3,0,0.00021411199,,
711795633,65,Less than $40K,3,3798,53,3,2,0,0.46103543,,
716654808,48,$120K +,3,2084,31,4,2,1,0.9798589,,
817616433,55,Unknown,6,4268,69,2,3,0,0.0014049615,,
716390958,45,$120K +,1,1697,47,4,2,1,0.98095864,0.48990947,Test
716564433,53,Less than $40K,3,1635,41,2,2,1,0.996539,,
719530158,57,$60K - $80K,3,3677,66,3,2,0,0.002900335,,
710621283,50,$60K - $80K,3,3910,66,1,3,0,0.00054726563,,
716714733,41,$80K - $120K,3,3642,69,2,3,0,0.00033902453,,
720921408,46,Less than $40K,6,3760,69,1,0,0,0.00033423174,,
789185508,49,$60K - $80K,5,3918,70,2,3,0,0.0011469349,,
807014583,31,Unknown,3,4331,89,3,3,0,0.00056891365,,
721388283,54,$120K +,3,4844,58,1,3,0,0.16274786,,
716022258,51,Less than $40K,3,1853,40,3,2,1,0.974918,,
789362058,52,$60K - $80K,3,4003,64,2,3,0,0.0036774133,,
771460158,43,Less than $40K,3,3939,84,1,0,0,0.00013266783,,
714147858,44,$80K - $120K,3,3920,85,3,2,0,0.00055236364,,
708394908,44,$40K - $60K,5,3945,65,1,0,0,0.0005982515,,
778433283,51,$60K - $80K,3,2031,53,3,3,1,0.909375,,
720637008,51,Less than $40K,6,3210,52,2,0,0,0.20219861,,
716877258,55,Less than $40K,4,4641,65,3,0,0,0.01656487,,
812973708,42,$40K - $60K,6,3247,69,2,0,0,0.0013701291,,
788760633,53,$60K - $80K,4,3503,68,2,3,0,0.0015404315,,
718602708,43,$80K - $120K,3,3475,82,3,3,0,0.00044346967,,
712365483,51,$60K - $80K,5,3690,76,2,2,0,0.0006916193,,
789154833,56,$80K - $120K,5,4137,72,2,3,0,0.0010849724,,
715849983,44,Less than $40K,4,4007,82,1,3,0,0.0003536489,,
780336258,55,Less than $40K,6,4528,75,3,0,0,0.0013894757,,
716567433,41,$40K - $60K,3,4337,82,2,0,0,0.00053841417,,
713057658,48,Less than $40K,5,4128,72,1,3,0,0.00055303687,,
718191483,45,$60K - $80K,6,3555,75,3,3,0,0.0017825764,,
811527933,65,Less than $40K,3,2291,39,4,2,1,0.894903,,
778617708,46,$80K - $120K,6,2299,40,2,0,1,0.983763,,
785055108,52,$60K - $80K,4,3889,60,2,2,0,0.0040909303,,
822961533,65,Unknown,5,3998,70,2,3,0,0.00068366656,,
709124883,49,$80K - $120K,5,5228,93,1,0,0,0.00012335506,,
772574283,50,$40K - $60K,3,1654,30,1,2,1,0.85462487,,
761240358,52,Less than $40K,5,4295,77,2,0,0,0.00027786693,,
708469533,42,Unknown,6,3523,79,3,3,0,0.0008564142,,
769927533,50,Less than $40K,4,4613,72,2,0,0,0.0012629512,,
718545033,27,Less than $40K,4,5146,78,2,0,0,0.00018737727,,
714972558,37,Less than $40K,2,2729,45,3,3,1,0.99714607,0.31775048,Low priority
772204758,42,Less than $40K,3,2306,46,2,3,0,0.7048255,,
709039533,43,Less than $40K,6,3829,55,1,3,0,0.0033501224,,
716492583,37,Less than $40K,6,4539,89,3,0,0,0.00042490402,,
766381908,49,Less than $40K,4,4597,80,1,0,0,0.0002451284,,
719109783,42,$40K - $60K,3,4323,72,3,3,0,0.0019393833,,
796236258,48,$40K - $60K,5,4030,86,1,0,0,0.00031344278,,
709700058,52,$40K - $60K,5,4451,70,2,3,0,0.010249313,,
716905158,45,$60K - $80K,3,3904,72,1,3,0,0.00048410188,,
718851783,49,$80K - $120K,4,3924,65,3,2,0,0.023528496,,
709709283,38,$40K - $60K,1,2256,40,2,2,1,0.99634856,0.34835103,Low priority
711993258,50,$40K - $60K,5,4240,73,3,3,0,0.00096930034,,
780105483,65,Less than $40K,3,2799,49,4,2,1,0.99378115,,
718350033,50,$40K - $60K,3,2909,58,2,0,0,0.025479184,,
715294083,46,$80K - $120K,2,1760,40,3,2,1,0.9879683,0.4950574,Test
710905908,43,$60K - $80K,4,1939,30,3,2,0,0.4570911,,
721387008,42,$120K +,3,4792,69,2,0,0,0.0048218924,,
715411608,45,$40K - $60K,3,2978,61,1,0,0,0.011273523,,
710598408,55,Less than $40K,6,4557,94,1,3,0,0.00015102005,,
718521258,50,Unknown,6,3445,76,3,2,0,0.0013378188,,
713138433,50,$60K - $80K,4,3206,54,2,3,0,0.042886995,,
718819158,54,$40K - $60K,3,4361,75,1,0,0,0.00023980846,,
718871358,45,Unknown,4,4964,82,1,3,0,0.00027214995,,
720186258,45,$40K - $60K,5,4136,77,2,2,0,0.00091547205,,
710197308,39,Less than $40K,4,4089,73,3,3,0,0.0016264174,,
817086783,45,Less than $40K,4,2005,32,3,0,0,0.06297387,,
749211483,52,$40K - $60K,4,4932,67,2,3,0,0.016835842,,
789749433,33,Less than $40K,5,4730,82,3,0,0,0.00027057822,,
715082133,40,$40K - $60K,5,3407,61,2,0,0,0.002563691,,
714946908,61,$40K - $60K,6,3300,68,1,3,0,0.0005329578,,
716711433,48,$40K - $60K,3,2270,46,3,2,1,0.99047136,,
712429458,50,$60K - $80K,5,4054,72,3,0,0,0.0015005369,,
708406083,35,Less than $40K,5,5211,90,3,0,0,0.0007111483,,
720029508,50,$40K - $60K,3,4100,67,1,3,0,0.00046540357,,
709227033,53,$80K - $120K,5,4030,73,2,3,0,0.00082236325,,
720846558,49,$80K - $120K,6,2512,45,3,2,0,0.9543502,,
716475183,45,$60K - $80K,3,4326,81,3,3,0,0.0010836058,,
714296358,52,Less than $40K,4,4831,78,1,0,0,0.001286347,,
719998233,40,$120K +,6,2922,71,3,3,0,0.0047932514,,
719217483,45,Less than $40K,5,4200,67,1,0,0,0.00053634465,,
720479058,50,Less than $40K,4,4379,64,2,0,0,0.00247172,,
779192283,51,Less than $40K,3,4156,77,1,3,0,0.000930254,,
716385033,60,Unknown,6,4157,71,1,3,0,0.00027653915,,
711588708,50,$40K - $60K,1,1863,42,3,2,1,0.99620277,0.40353376,Low priority
714492783,46,Less than $40K,3,1517,38,3,2,1,0.99500424,,
709192233,50,Unknown,3,1764,30,2,2,1,0.99839336,,
797998158,52,$80K - $120K,4,3646,66,1,3,0,0.004819598,,
714021183,54,$80K - $120K,4,3709,66,2,3,0,0.0012936556,,
780710433,53,$80K - $120K,4,4241,77,2,3,0,0.00047234134,,
780068283,53,$120K +,4,3822,69,3,0,0,0.0017275194,,
719930658,40,$120K +,4,3455,72,2,3,0,0.0009707314,,
755593983,50,Unknown,6,3873,72,1,3,0,0.00077347114,,
770938533,45,$120K +,3,3914,70,1,0,0,0.00030046594,,
714121083,40,$40K - $60K,5,5158,68,2,3,0,0.07261891,,
779210283,36,$40K - $60K,6,4142,74,2,0,0,0.0061812536,,
709739283,62,Unknown,3,4206,75,3,3,0,0.001534473,,
716230158,35,$40K - $60K,4,4272,83,1,3,0,0.00014071165,,
708724908,47,Less than $40K,4,4113,83,2,3,0,0.0010932616,,
789025083,40,Less than $40K,5,4655,82,3,0,0,0.00013737114,,
713804058,45,Less than $40K,5,4647,81,2,0,0,0.0010461321,,
718791708,48,$80K - $120K,1,2228,37,2,2,1,0.95674956,0.64912033,Priority
785529708,59,$120K +,6,4333,70,2,3,0,0.0012053847,,
794528283,44,$60K - $80K,4,3383,67,2,3,0,0.0029675837,,
794856033,38,$80K - $120K,3,4306,77,2,3,0,0.0011758797,,
712939533,43,$60K - $80K,4,3789,70,3,3,0,0.00039795387,,
708178608,31,Unknown,4,4226,73,2,3,0,0.012654829,,
716556258,50,Less than $40K,6,4401,60,1,3,0,0.0035895787,,
708404883,45,Unknown,4,2761,57,2,3,0,0.038317107,,
709742958,45,$60K - $80K,3,3386,65,1,3,0,0.000757907,,
772695033,47,$80K - $120K,3,1575,23,4,2,1,0.9702452,,
714850158,49,$80K - $120K,5,4150,75,1,0,0,0.0002484349,,
708831858,43,Less than $40K,1,1915,44,3,2,1,0.99357164,0.46298322,Test
718076733,43,$60K - $80K,4,3101,73,3,3,0,0.0021127549,,
714336333,48,$80K - $120K,3,4422,64,2,3,0,0.0029225436,,
780006783,59,$40K - $60K,3,3109,48,2,2,1,0.9606916,,
779741883,47,Less than $40K,6,4274,68,1,3,0,0.00042344027,,
780657708,48,$80K - $120K,4,3520,69,3,3,0,0.004449776,,
771342183,53,$40K - $60K,6,2314,43,3,2,1,0.9982116,,
712901283,53,$40K - $60K,2,1464,32,3,2,1,0.9060346,0.53188854,Test
802101858,40,Less than $40K,3,4220,71,3,0,0,0.0023246992,,
718473558,42,Less than $40K,5,1402,38,3,2,1,0.9803373,,
743590608,50,$60K - $80K,6,4233,71,3,2,0,0.0018023958,,
720146733,45,Less than $40K,5,4114,66,4,0,0,0.0011021218,,
788252358,49,$60K - $80K,3,3529,84,4,3,0,0.0007546681,,
717740658,55,Less than $40K,5,4134,78,2,0,0,0.00037747165,,
714567708,46,Less than $40K,5,4421,74,3,0,0,0.0012870708,,
711208083,40,Less than $40K,6,4455,77,3,0,0,0.0008346507,,
709708233,49,Less than $40K,3,1695,38,4,2,1,0.982093,,
709957158,48,$40K - $60K,5,3942,65,1,0,0,0.0015427734,,
828288333,50,$60K - $80K,4,3756,70,1,3,0,0.001760349,,
709178733,50,$40K - $60K,3,2281,37,2,2,1,0.98555803,,
721325133,45,$80K - $120K,6,4503,77,1,3,0,0.00020776676,,
816606333,57,$80K - $120K,6,4218,66,3,2,0,0.0047529484,,
720454158,44,$60K - $80K,6,2840,63,2,3,0,0.03189382,,
717444558,50,Less than $40K,4,5237,76,1,0,0,0.00024756003,,
816756783,42,$40K - $60K,6,4106,81,2,0,0,0.0005310301,,
715474833,37,$80K - $120K,3,4389,84,2,3,0,0.0004722414,,
718271958,54,$60K - $80K,5,4465,63,1,3,0,0.0007301223,,
708924783,43,$80K - $120K,4,4024,62,1,3,0,0.00036669563,,
717669483,52,$80K - $120K,3,1737,38,3,3,0,0.31092027,,
809360883,46,$60K - $80K,3,3160,59,1,3,0,0.004542863,,
717176508,43,$40K - $60K,5,4171,80,3,0,0,0.00044854236,,
711571383,46,Less than $40K,3,4434,81,1,3,0,0.00014035279,,
713444058,45,$40K - $60K,3,3381,51,1,3,0,0.029198397,,
713253858,50,Unknown,2,2176,40,2,2,1,0.999281,0.33169267,Low priority
719609433,55,$40K - $60K,5,4671,69,3,0,0,0.0010352002,,
797234508,51,$60K - $80K,3,1481,20,2,2,0,0.43091404,,
714537258,48,$60K - $80K,3,3779,78,2,3,0,0.0006565521,,
793412958,44,$60K - $80K,3,4382,88,1,0,0,8.233918e-05,,
714680208,50,Less than $40K,5,4533,69,3,0,0,0.001704079,,
715240683,46,$80K - $120K,3,3718,66,2,2,0,0.0054591065,,
803796708,52,$120K +,2,1097,28,4,2,1,0.9972132,0.2959781,Low priority
717368208,49,$120K +,6,2138,43,2,2,1,0.95045096,,
802662858,55,Less than $40K,5,3495,64,1,0,0,0.0012121784,,
780206958,49,$60K - $80K,3,4228,70,2,3,0,0.00063469744,,
779906658,40,Unknown,3,3142,62,2,3,0,0.003701757,,
772341783,45,Unknown,3,1801,48,2,2,1,0.9825899,,
711491283,44,Less than $40K,4,2959,63,3,0,0,0.009804654,,
720211533,41,Less than $40K,5,4713,77,2,3,0,0.0033975423,,
715409733,47,Less than $40K,2,2385,33,2,2,1,0.9991172,0.26309833,Low priority
710974308,38,$80K - $120K,3,3587,66,3,2,0,0.0023861104,,
715732533,52,$60K - $80K,4,2108,51,1,2,1,0.10090741,,
713722608,48,Less than $40K,3,1757,35,1,0,1,0.9605067,,
709101258,41,Less than $40K,4,2180,46,2,3,1,0.97977155,,
708588408,53,$60K - $80K,6,4421,74,2,3,0,0.0011549784,,
721427358,47,$80K - $120K,6,2108,47,1,2,1,0.61044115,,
717099408,40,$60K - $80K,6,4583,87,3,3,0,0.0019198138,,
715155033,61,$40K - $60K,6,5224,85,1,0,0,0.00061038084,,
789586833,45,Unknown,5,4053,85,2,0,0,0.0005280358,,
709338633,56,$40K - $60K,2,1542,45,4,2,1,0.9774014,0.398304,Low priority
714106833,57,Less than $40K,6,4239,69,3,0,0,0.0018373705,,
741116058,48,$40K - $60K,5,2144,42,2,0,0,0.24654165,,
813755658,60,$80K - $120K,6,3598,72,2,3,0,0.0019734285,,
718855983,49,Unknown,3,4010,69,3,2,0,0.0018472141,,
711245433,50,Unknown,5,2281,41,3,2,1,0.99649745,,
814219008,65,$40K - $60K,5,3953,69,2,0,0,0.00046675754,,
711916533,57,$120K +,5,4734,83,1,3,0,0.0002262831,,
715182108,51,Less than $40K,6,4626,78,1,0,0,0.000397155,,
717078933,40,Less than $40K,3,4256,69,2,0,0,0.0051990147,,
719491233,55,$120K +,6,4313,72,2,0,0,0.0043394924,,
789520533,52,$120K +,6,4551,65,3,3,0,0.0074598663,,
714738033,44,Less than $40K,5,5428,85,3,0,0,0.00094777846,,
718576908,49,Unknown,4,4305,63,1,3,0,0.0050421143,,
715093383,49,Less than $40K,3,4450,68,1,0,0,0.0005199946,,
717195933,42,$60K - $80K,2,2431,37,2,2,1,0.99780136,0.39317182,Low priority
747107508,56,Less than $40K,4,4269,88,3,0,0,0.00022358855,,
717920583,60,Less than $40K,5,4673,59,2,3,0,0.049734674,,
710516283,50,$120K +,4,4134,60,1,3,0,0.00071425806,,
787593558,42,$80K - $120K,6,3740,55,3,0,0,0.0037479284,,
778747608,65,Unknown,3,4022,61,3,2,0,0.016423523,,
714431058,41,Unknown,4,4342,72,2,2,0,0.0009384378,,
708801108,57,Less than $40K,3,2113,38,0,2,1,0.99456644,,
715948833,48,$120K +,4,5031,79,2,2,0,0.0006856397,,
770667408,47,$80K - $120K,3,4768,81,1,3,0,0.0003002715,,
823590483,62,Less than $40K,3,4027,75,1,0,0,0.0006596687,,
710635083,46,$80K - $120K,5,3475,52,1,3,0,0.106920674,,
716408058,56,Unknown,5,3673,72,3,0,0,0.001612424,,
713803158,41,$60K - $80K,4,4611,91,1,3,0,0.00037756792,,
713593683,43,$40K - $60K,5,3504,60,3,3,0,0.026391944,,
709339758,43,$120K +,4,3778,84,2,3,0,0.00046814242,,
789382758,54,$40K - $60K,6,2050,51,3,2,1,0.9139742,,
813427833,45,Less than $40K,3,4812,77,2,0,0,0.0022565082,,
717846108,49,$60K - $80K,5,3734,74,3,3,0,0.0010687623,,
720968583,52,Unknown,3,3226,63,1,3,0,0.0019430973,,
721437333,46,$80K - $120K,2,2027,39,2,2,1,0.9985606,0.44507548,Test
709134333,45,Less than $40K,6,4674,67,2,0,0,0.0060148803,,
712630608,43,Unknown,3,4430,69,3,2,0,0.0025903275,,
712404483,49,$80K - $120K,4,5189,82,3,0,0,0.0072225877,,
717812133,33,Less than $40K,3,4006,65,1,0,0,0.0051141027,,
714926508,52,$80K - $120K,5,2275,46,4,2,0,0.72701985,,
771474108,40,Less than $40K,3,4455,63,2,0,0,0.0018397814,,
709774608,51,$60K - $80K,4,3464,64,3,2,0,0.013543758,,
718802283,44,Less than $40K,3,4128,82,2,3,0,0.009292907,,
711626658,62,Less than $40K,2,1971,45,3,2,1,0.9996865,0.098268144,Low priority
789354783,45,Less than $40K,5,4286,86,3,0,0,0.00010918087,,
720486408,55,Less than $40K,3,4436,73,3,0,0,0.00068985444,,
717793983,55,$40K - $60K,2,2503,49,3,3,1,0.9852437,0.5684986,Priority
718582158,48,$120K +,3,4183,74,3,2,0,0.0022602354,,
713127708,38,Less than $40K,5,3766,63,1,3,0,0.0047095236,,
717112533,52,Less than $40K,6,4058,88,2,3,0,0.0001461353,,
713681433,50,Unknown,5,5007,91,2,3,0,0.00084451516,,
718846008,58,Unknown,6,3900,62,3,3,0,0.0026553366,,
714119283,42,$40K - $60K,3,2257,51,3,2,1,0.99473155,,
713056083,52,$120K +,4,4037,87,2,3,0,0.0016020996,,
718538958,55,Less than $40K,6,4564,82,3,2,0,0.00071612693,,
710353233,48,$60K - $80K,4,4288,47,3,2,0,0.40477815,,
713853858,41,$80K - $120K,5,2589,57,2,3,0,0.06087069,,
710342508,48,$40K - $60K,3,4004,76,3,2,0,0.0013255879,,
787563858,50,Less than $40K,4,3553,63,2,3,0,0.004338683,,
799239033,53,$40K - $60K,1,2279,46,3,2,1,0.9992448,0.3654614,Low priority
710733183,46,$120K +,6,3631,67,1,0,0,0.00029963118,,
718489608,50,Less than $40K,6,4668,69,2,0,0,0.0016297378,,
758824608,47,$80K - $120K,5,3370,69,2,2,0,0.0010391027,,
780984408,65,Less than $40K,3,4070,63,3,2,0,0.0032342873,,
814483608,47,Less than $40K,1,1860,43,3,2,1,0.9987795,0.4573932,Test
708848208,52,$80K - $120K,6,4223,81,3,3,0,0.00068143214,,
719713683,52,Unknown,6,4921,81,2,3,0,0.0038207194,,
715514133,44,Less than $40K,3,1973,42,3,2,1,0.9579465,,
715955208,35,Less than $40K,3,4530,72,3,0,0,0.00046887886,,
794707083,50,$80K - $120K,5,2131,41,2,2,1,0.9873016,,
805313808,52,$40K - $60K,2,2409,38,2,2,1,0.9993765,0.3198244,Low priority
772922883,41,$80K - $120K,3,1874,42,3,2,1,0.96591,,
715716333,62,Unknown,6,4273,87,2,3,0,0.00074743014,,
714502458,49,$60K - $80K,6,3748,79,2,3,0,0.00077304564,,
712444533,43,$80K - $120K,6,3880,68,2,3,0,0.00090292486,,
797748708,44,$80K - $120K,5,5001,66,3,0,0,0.025597792,,
780203883,43,Unknown,6,4375,73,3,3,0,0.0021486639,,
720616908,54,$120K +,5,3918,67,1,3,0,0.00090362754,,
817038333,55,Less than $40K,4,4042,72,3,0,0,0.0009365308,,
713333433,49,$60K - $80K,3,1477,30,4,2,1,0.963267,,
710820783,45,Unknown,6,4246,78,1,3,0,0.0002577372,,
720338658,56,Less than $40K,3,2998,60,2,0,0,0.020496868,,
803938908,49,Less than $40K,4,4546,81,2,3,0,0.0008554135,,
787921383,53,$120K +,2,1461,43,4,2,1,0.9826015,0.51789576,Test
787849833,49,$80K - $120K,4,4205,75,2,3,0,0.0005637186,,
721143258,46,$40K - $60K,6,4804,66,4,0,0,0.0040532234,,
709335558,49,$120K +,6,3367,65,3,3,0,0.004314766,,
806619333,36,Less than $40K,4,5154,80,2,0,0,0.00085354655,,
719378658,57,$80K - $120K,6,4745,69,3,2,0,0.012824968,,
720670458,52,$40K - $60K,3,3496,58,1,0,0,0.0053827674,,
716955783,52,$80K - $120K,6,4418,59,2,3,0,0.041732308,,
817970208,45,Less than $40K,4,4501,67,3,0,0,0.003013687,,
708506508,54,$120K +,5,4887,90,3,0,0,0.000908112,,
750147483,49,$80K - $120K,6,5320,62,1,3,0,0.1337678,,
715540233,43,$60K - $80K,6,4615,79,1,3,0,0.0002945693,,
807584958,50,$60K - $80K,2,1882,39,2,2,1,0.9900686,0.31982163,Low priority
720686583,46,$120K +,5,4487,73,3,2,0,0.012810132,,
820637433,45,Less than $40K,5,4041,66,2,2,0,0.009168735,,
716346183,43,Unknown,3,4169,72,6,2,0,0.0010463368,,
715405758,50,Unknown,5,2383,42,0,2,1,0.98391587,,
710094108,33,$60K - $80K,6,5212,79,2,0,0,0.000888327,,
713168733,65,Less than $40K,6,3887,61,3,0,0,0.042996127,,
708614058,56,Less than $40K,4,3870,67,2,0,0,0.0015017376,,
718088133,40,Less than $40K,6,1901,27,1,3,0,0.00042418487,,
720614658,40,$60K - $80K,6,3879,95,4,3,0,0.00038239342,,
716695533,49,Less than $40K,3,3875,75,3,0,0,0.0011897956,,
717091533,29,Unknown,5,4253,84,2,3,0,0.0003200782,,
713231658,45,Less than $40K,6,3744,52,2,3,0,0.08139736,,
715675458,51,$80K - $120K,6,3837,85,1,3,0,0.00019402288,,
712463883,45,$120K +,4,3342,63,2,3,0,0.0012252558,,
708489258,40,Less than $40K,5,3561,72,3,0,0,0.0005625748,,
708403308,37,$40K - $60K,3,4392,68,1,3,0,0.00031376,,
769684158,42,$40K - $60K,3,3763,75,3,0,0,0.00063167524,,
710349258,45,Less than $40K,3,4133,68,2,0,0,0.00028497758,,
713940033,47,Less than $40K,5,3514,79,1,0,0,8.9626934e-05,,
713482608,47,$40K - $60K,6,4060,79,1,3,0,0.00041842854,,
714571008,49,Less than $40K,3,4553,78,2,3,0,0.001954184,,
715354008,43,$120K +,6,3785,68,1,3,0,0.00041240753,,
819363708,43,$60K - $80K,4,3909,67,2,0,0,0.0014765805,,
712014708,48,Less than $40K,4,4518,90,1,0,0,0.00014205615,,
788717358,53,$60K - $80K,3,3432,68,2,3,0,0.0010654645,,
710413533,56,$80K - $120K,3,4785,66,3,2,0,0.022688905,,
718515483,64,Less than $40K,2,3289,47,3,0,1,0.9811426,0.23593414,Low priority
715059258,38,Unknown,6,4245,82,4,0,0,0.0008865369,,
713852958,51,Unknown,5,3893,81,3,3,0,0.000664302,,
767835558,42,Less than $40K,5,3536,69,1,0,0,0.001410429,,
721531683,44,Unknown,3,4076,81,1,3,0,0.00023731217,,
720660558,50,$120K +,4,4770,89,3,3,0,0.0032877452,,
814845933,62,$80K - $120K,4,3628,74,3,2,0,0.0012124978,,
773155533,49,Less than $40K,5,4739,89,3,3,0,0.0023299537,,
711199908,41,$60K - $80K,3,3057,71,1,0,0,0.0008281845,,
721398858,43,$120K +,5,4160,76,3,3,0,0.0046243793,,
715664808,43,$80K - $120K,3,2427,51,3,2,1,0.95562196,,
715500558,45,Unknown,3,4120,78,1,0,0,0.00025808514,,
719239158,48,$60K - $80K,4,3912,72,3,3,0,0.0030105596,,
820633833,64,$40K - $60K,5,4074,72,2,3,0,0.0016444337,,
720551733,46,Unknown,3,2631,41,3,2,1,0.9991021,,
718487958,53,Less than $40K,5,3971,76,3,0,0,0.00029383835,,
710533233,38,Less than $40K,3,2139,47,3,2,1,0.99466234,,
778878633,51,$80K - $120K,6,3400,67,3,0,0,0.001872134,,
720197058,47,Unknown,1,2505,45,3,2,1,0.99856997,0.35410157,Low priority
716317458,51,Less than $40K,3,1723,44,3,2,1,0.9899877,,
718569258,56,Less than $40K,5,4170,73,3,0,0,0.001998712,,
711649908,33,Unknown,5,4208,67,3,0,0,0.0013456623,,
720879708,52,$80K - $120K,3,2853,64,2,2,0,0.019133287,,
815761908,46,Unknown,6,3722,72,3,3,0,0.0022381851,,
711850533,46,Unknown,5,4272,71,1,2,0,0.0009879011,,
721028283,40,$40K - $60K,4,3353,86,1,3,0,0.00060154777,,
710763783,49,$80K - $120K,4,3676,47,1,3,0,0.009403471,,
720432858,40,Less than $40K,4,3471,63,1,0,0,0.0006085279,,
772525308,43,$40K - $60K,5,3651,69,2,2,0,0.007028947,,
767354208,48,$80K - $120K,4,3993,75,2,3,0,0.00301557,,
715670058,50,$120K +,5,3806,76,2,3,0,0.001374201,,
713856708,48,$80K - $120K,5,4327,79,1,3,0,0.0006087088,,
758086458,46,Unknown,3,4111,62,3,2,0,0.05958261,,
717035283,46,$60K - $80K,2,2216,39,3,2,1,0.9974946,0.6030423,Priority
709604958,51,$40K - $60K,3,3480,64,3,0,0,0.0016238852,,
714931458,52,Unknown,3,4102,78,2,3,0,0.00061322283,,
711047658,46,Less than $40K,4,4775,83,2,0,0,0.00040236823,,
718110858,42,$40K - $60K,2,2628,41,3,2,1,0.9993081,0.4682613,Test
716385858,42,Less than $40K,5,4921,90,2,0,0,0.00045577902,,
708812133,49,Unknown,5,4110,75,3,0,0,0.00023617521,,
787655058,44,Less than $40K,5,4254,85,2,0,0,0.00018186927,,
803113383,55,Less than $40K,3,2222,54,4,2,1,0.9911329,,
721273008,54,Less than $40K,6,1739,38,3,2,1,0.84114164,,
715762083,46,$60K - $80K,6,2525,45,3,2,0,0.60793614,,
711629733,45,Less than $40K,5,3282,66,3,3,0,0.005177404,,
718410258,37,$80K - $120K,5,4207,80,4,2,0,0.0006392024,,
719745558,52,$60K - $80K,4,4626,77,2,3,0,0.0016596208,,
820282383,45,Less than $40K,6,2000,32,3,2,1,0.9847189,,
793543758,47,$120K +,3,4601,77,2,2,0,0.0010881978,,
778224858,42,Unknown,3,4589,89,3,2,0,0.0006240571,,
712555233,59,$40K - $60K,4,2023,38,1,3,0,0.20171168,,
718516533,46,Less than $40K,6,3944,78,2,0,0,0.00029893554,,
708923658,41,Less than $40K,3,4466,92,2,3,0,0.00031233908,,
717708783,57,$120K +,6,4303,77,3,2,0,0.002880344,,
780688383,35,$80K - $120K,4,3534,56,2,3,0,0.021421537,,
718821783,53,$40K - $60K,4,4697,73,1,0,0,0.001147916,,
718163808,37,$80K - $120K,6,4809,71,3,2,0,0.0109213535,,
712693908,43,$120K +,2,1871,32,4,2,1,0.94413465,0.5667634,Priority
711286533,43,$60K - $80K,5,5067,62,1,3,0,0.017407421,,
711655683,55,$60K - $80K,4,2996,62,2,2,0,0.027202757,,
718188858,52,Less than $40K,5,4964,84,1,3,0,0.00032857643,,
718514283,46,$40K - $60K,5,3895,67,2,0,0,0.0023975235,,
708642708,40,Unknown,3,1484,33,2,2,1,0.91555923,,
811475733,53,$40K - $60K,2,2432,48,2,2,1,0.99568945,0.48545355,Test
712089108,49,$80K - $120K,6,4631,76,3,3,0,0.0060965247,,
710761533,44,$80K - $120K,3,4190,87,2,3,0,0.0002892182,,
714963558,46,$40K - $60K,4,4374,71,2,3,0,0.002722764,,
714834258,43,Less than $40K,5,4343,83,2,0,0,0.00031950683,,
713788083,28,Less than $40K,4,1897,35,2,2,1,0.99657637,,
719583558,49,$40K - $60K,6,4710,70,2,3,0,0.012146655,,
744705408,48,Unknown,5,4241,61,3,3,0,0.0058823787,,
713240133,42,Less than $40K,4,5099,60,3,3,0,0.13085893,,
815015283,43,Less than $40K,4,4025,62,2,0,0,0.0020094956,,
718072758,51,$120K +,5,4030,73,2,0,0,0.0013920651,,
709127808,48,$60K - $80K,5,3502,57,2,3,0,0.00516638,,
715080258,37,Unknown,3,4814,89,2,3,0,0.0027175418,,
709567758,40,Less than $40K,4,3339,71,1,0,0,0.00029143953,,
780067158,51,Less than $40K,2,1907,47,3,0,1,0.9767522,0.48879182,Test
715357308,44,$60K - $80K,3,3512,65,1,3,0,0.00077858183,,
720559908,58,Less than $40K,6,4900,61,1,3,0,0.052841306,,
720339558,47,Less than $40K,3,3887,71,1,3,0,0.00054563745,,
809599158,48,$80K - $120K,2,1626,28,3,2,1,0.95815384,0.1997757,Low priority
793269933,46,$60K - $80K,6,4540,78,3,3,0,0.005031757,,
809978733,33,$40K - $60K,3,4415,77,2,0,0,0.0005794084,,
788996058,47,Less than $40K,4,3841,69,2,0,0,0.000926087,,
712575708,55,Less than $40K,5,4455,82,1,0,0,0.00012496542,,
789625383,48,$80K - $120K,4,3543,62,3,2,0,0.0113552455,,
719730258,41,$60K - $80K,4,3819,75,2,3,0,0.0012880549,,
793717608,39,$60K - $80K,6,3592,79,2,3,0,0.00021555815,,
709798908,45,Less than $40K,3,2611,43,3,2,1,0.99597555,,
716077458,46,$40K - $60K,4,3188,71,2,2,0,0.002363866,,
813435108,49,Less than $40K,5,4726,78,2,3,0,0.0027523849,,
708084558,46,$80K - $120K,6,1447,23,3,2,1,0.91323113,,
719880408,46,Less than $40K,6,3992,57,3,0,0,0.032495167,,
719343633,48,Less than $40K,4,4900,89,3,3,0,0.0017278541,,
718711158,52,$120K +,1,2680,51,2,0,1,0.9940719,0.5300471,Test
717443658,37,$40K - $60K,4,4715,81,3,3,0,0.0009648059,,
715976433,42,Less than $40K,4,4212,75,2,3,0,0.0008658069,,
719038008,48,Less than $40K,3,4862,41,2,0,0,0.9207429,,
709143183,52,$40K - $60K,3,2538,39,2,0,1,0.9861122,,
710186958,45,Unknown,6,4431,82,3,2,0,0.00056401204,,
709274583,40,$120K +,5,4806,91,3,3,0,0.00078515924,,
816864483,39,$40K - $60K,4,4003,74,2,3,0,0.0010541345,,
708271833,42,$40K - $60K,3,3464,67,2,2,0,0.0031216817,,
821759658,41,$40K - $60K,3,2014,54,2,3,1,0.87612695,,
820920408,53,Less than $40K,3,4012,59,2,3,0,0.09606099,,
718403358,49,$40K - $60K,4,3912,67,2,3,0,0.026561866,,
713476758,44,$60K - $80K,4,4309,77,1,3,0,0.00020466979,,
720690933,52,$60K - $80K,5,4279,67,1,0,0,0.00022190312,,
719252583,29,Less than $40K,4,4642,92,2,0,0,0.00039249012,,
712783083,48,Less than $40K,1,2013,35,2,2,1,0.99854505,0.2484499,Low priority
771204108,36,Unknown,3,3896,67,1,0,0,0.00019223118,,
817247658,45,$60K - $80K,6,3814,67,2,3,0,0.0017743296,,
821749608,41,$80K - $120K,3,1937,51,3,2,1,0.95733076,,
714389883,45,$80K - $120K,6,4275,77,3,3,0,0.00078912685,,
713648208,40,$40K - $60K,6,4624,86,2,0,0,0.0007863078,,
826261008,48,Less than $40K,3,2054,46,3,2,1,0.96080226,,
824163333,43,Less than $40K,3,4307,66,2,0,0,0.0037525424,,
709444983,38,$40K - $60K,3,1460,32,2,0,1,0.98060685,,
711154908,59,Less than $40K,5,4319,76,2,0,0,0.0007227637,,
769575783,49,Less than $40K,3,2644,43,3,2,1,0.99738425,,
720334833,39,Less than $40K,4,4719,91,1,3,0,0.00012954026,,
709563258,50,Unknown,2,2108,40,3,0,1,0.99784744,0.38263005,Low priority
708205083,38,Less than $40K,6,4815,81,4,3,0,0.0006641576,,
715276683,52,$60K - $80K,5,5495,69,1,3,0,0.02388939,,
721254858,42,Less than $40K,6,3857,70,1,0,0,0.002387132,,
712257258,50,Less than $40K,4,1441,39,2,2,1,0.9065477,,
789616158,33,Unknown,6,3444,52,1,3,0,0.017087873,,
708773583,52,$40K - $60K,5,3987,64,2,3,0,0.00092572,,
711110733,45,$40K - $60K,3,3355,66,2,3,0,0.0027080611,,
714043008,37,$40K - $60K,6,4310,76,3,3,0,0.0010900368,,
780602733,42,$60K - $80K,4,3221,66,2,3,0,0.0040106154,,
823557333,43,Less than $40K,5,4457,86,3,0,0,0.002213775,,
772825308,40,$80K - $120K,4,4231,60,2,3,0,0.001855716,,
713251008,43,Unknown,6,3921,63,3,0,0,0.005765153,,
711175083,54,$60K - $80K,4,2999,75,2,3,0,0.00669358,,
756477333,42,Less than $40K,4,4793,71,3,3,0,0.004376218,,
712294983,39,$40K - $60K,4,4496,71,2,0,0,0.00034552766,,
717023508,45,$40K - $60K,6,4883,85,1,0,0,0.0004832487,,
709869708,54,Less than $40K,5,4037,71,1,0,0,0.00043296482,,
772133808,47,$40K - $60K,6,4342,62,5,3,0,0.0011003106,,
768196008,54,$60K - $80K,5,3094,56,2,3,0,0.016535588,,
708916083,49,Less than $40K,5,2510,38,2,2,1,0.99752134,,
789526458,44,$40K - $60K,4,3965,57,2,0,0,0.0030357968,,
716079708,46,Less than $40K,5,4647,65,2,0,0,0.0115624815,,
720087708,38,Less than $40K,4,5245,89,3,3,0,0.0064840848,,
714259533,43,Less than $40K,3,5001,88,1,3,0,0.00041317524,,
714691683,62,$60K - $80K,4,4942,76,1,2,0,0.0073790126,,
768420558,59,Less than $40K,6,3365,63,3,2,0,0.0068340544,,
778364583,45,Less than $40K,3,1656,31,2,2,1,0.8572853,,
719186433,53,Unknown,3,3793,86,2,3,0,0.00025982104,,
719951208,43,$60K - $80K,5,4366,69,3,3,0,0.0038664553,,
720182658,44,Unknown,4,4473,72,2,3,0,0.0017530565,,
789022233,50,Less than $40K,6,4457,69,5,0,0,0.0004601074,,
778353183,31,Less than $40K,5,5155,77,2,3,0,0.0013089554,,
713789883,50,$40K - $60K,6,5116,75,1,0,0,0.00034335596,,
773018583,38,Less than $40K,5,4717,75,1,0,0,0.00042040163,,
771354633,58,$80K - $120K,5,3292,73,3,0,0,0.0025765968,,
717308433,49,$60K - $80K,3,2253,39,3,2,1,0.99825543,,
712271958,37,$80K - $120K,4,3672,75,2,3,0,0.000635418,,
716736858,47,Less than $40K,3,3774,80,3,3,0,0.0013364969,,
713796033,47,$40K - $60K,6,1900,36,3,2,1,0.8290854,,
710812533,46,Unknown,4,1987,46,2,2,1,0.9562636,,
782555058,35,Less than $40K,4,4432,92,2,0,0,0.0003258447,,
714864333,43,$120K +,4,1370,38,1,2,1,0.06277177,,
787918158,32,Less than $40K,5,4106,66,2,0,0,0.0012515987,,
779070033,63,Less than $40K,3,3974,56,4,3,0,0.040144574,,
789945933,61,Less than $40K,3,3560,67,3,3,0,0.0029609164,,
720810783,54,Unknown,2,2310,43,3,2,1,0.9770099,0.6801212,Priority
715627833,48,$60K - $80K,6,4539,75,2,3,0,0.0003356484,,
809538783,49,$120K +,6,4109,72,2,0,0,0.00044124617,,
715987758,49,$80K - $120K,3,3081,50,2,3,1,0.8800319,,
711967158,35,Less than $40K,6,4359,79,3,0,0,0.00018278616,,
712325433,39,Unknown,6,4131,80,2,0,0,0.00027851248,,
716470683,48,Unknown,3,4827,77,1,3,0,0.0001680761,,
713289183,53,Less than $40K,6,4270,76,2,0,0,0.0004710713,,
711549408,51,$80K - $120K,5,4126,90,1,0,0,0.00016905737,,
709523508,65,Less than $40K,5,4836,83,1,3,0,0.0006865835,,
717578358,49,Unknown,5,4334,80,1,3,0,0.00014666982,,
711673983,44,$60K - $80K,3,4537,81,1,3,0,0.00023890269,,
713388108,62,Less than $40K,4,2162,36,2,2,1,0.9863929,,
715679733,43,Less than $40K,5,3462,67,2,0,0,0.0015289336,,
779694183,51,$80K - $120K,5,3833,73,2,0,0,0.00070412306,,
788544108,43,Less than $40K,4,4037,74,3,3,0,0.0003876546,,
715583283,34,Unknown,4,4068,66,1,3,0,0.0039128624,,
719917233,49,$80K - $120K,3,1828,45,3,2,1,0.89897835,,
717103758,63,Unknown,5,2616,42,0,3,1,0.94541085,,
714621183,39,Less than $40K,4,4512,80,3,0,0,0.00035307824,,
721365033,37,$40K - $60K,3,2095,43,2,2,1,0.96977544,,
712999008,40,Less than $40K,3,4316,72,1,0,0,7.6960496e-05,,
780790008,46,$40K - $60K,6,3967,69,3,0,0,0.001297303,,
779499933,46,$80K - $120K,6,4300,94,1,3,0,0.00013872143,,
717200508,40,Unknown,3,4734,73,1,0,0,0.00019568663,,
716995083,52,$80K - $120K,6,4218,64,2,2,0,0.0018079946,,
718137183,58,Less than $40K,4,5379,92,2,0,0,0.005514031,,
787507833,49,Less than $40K,6,4507,63,2,0,0,0.003323121,,
810974958,51,$60K - $80K,5,2447,40,3,2,1,0.9396754,,
717967833,55,Less than $40K,3,4757,81,1,0,0,0.00013617703,,
712267983,57,Less than $40K,4,2477,42,3,0,1,0.9920717,,
717376758,56,Less than $40K,4,4108,72,3,0,0,0.00079923705,,
718250883,59,Unknown,3,2312,49,3,2,1,0.88615394,,
717491058,42,$60K - $80K,6,4012,60,2,2,0,0.020576766,,
802243458,48,$40K - $60K,6,1759,34,3,2,1,0.9401555,,
714485508,45,$80K - $120K,6,3906,81,2,3,0,0.0006209906,,
711377808,47,$60K - $80K,4,4360,66,3,3,0,0.0011091369,,
718565733,62,Less than $40K,3,4423,67,2,0,0,0.001345374,,
712723608,44,Less than $40K,6,3999,66,2,3,0,0.0013833335,,
789948408,55,$80K - $120K,3,5220,74,1,2,0,0.0038184098,,
734909358,43,$80K - $120K,4,4354,79,1,3,0,0.00019008192,,
719267283,35,$40K - $60K,6,4598,71,1,0,0,0.0002901,,
780684933,49,$40K - $60K,4,4887,69,1,0,0,0.00054242555,,
720330558,44,$80K - $120K,5,2048,40,2,2,1,0.95703983,,
720784833,48,Unknown,3,1884,43,3,0,1,0.994319,,
789059958,42,$120K +,6,3574,75,2,3,0,0.0018365033,,
797138883,43,$40K - $60K,3,3966,77,2,3,0,0.00088891416,,
721448283,39,Less than $40K,3,2579,47,3,0,1,0.93855464,,
710552733,42,$60K - $80K,2,2335,40,3,2,1,0.99857414,0.38242602,Low priority
742778358,44,$60K - $80K,3,4014,69,1,2,0,0.00062085176,,
713933658,56,Less than $40K,3,4118,70,6,0,0,0.0014810615,,
788142483,46,$80K - $120K,3,4699,73,3,3,0,0.0059360815,,
789705408,50,$60K - $80K,4,3739,55,1,3,0,0.0051450706,,
780378633,43,$60K - $80K,4,3412,71,3,2,0,0.0040418226,,
817422408,45,Less than $40K,3,4110,71,2,0,0,0.00040575245,,
781297983,58,$60K - $80K,6,3525,78,2,3,0,0.00029186354,,
710671608,39,Less than $40K,5,3961,69,3,2,0,0.0023130134,,
719967708,44,Less than $40K,3,3592,66,1,3,0,0.00037311795,,
711879633,45,Less than $40K,4,4480,70,1,0,0,0.0002228375,,
716444733,55,Less than $40K,5,4271,79,3,2,0,0.0010815612,,
718460958,49,Less than $40K,3,4498,64,3,0,0,0.006121595,,
789953733,46,Less than $40K,5,4519,78,1,0,0,0.00021036893,,
770278833,43,$120K +,3,3924,82,1,3,0,0.00017671834,,
787291308,42,Less than $40K,5,4389,79,2,0,0,0.0012329546,,
710644158,45,$80K - $120K,5,4293,73,3,3,0,0.00085680804,,
717095733,48,Less than $40K,6,4284,69,3,0,0,0.0017520989,,
813338733,47,Unknown,3,4477,82,2,3,0,0.0006258401,,
787536933,44,Less than $40K,6,4768,80,2,3,0,0.0008195181,,
714384783,59,Less than $40K,2,2017,37,3,2,1,0.9972258,0.40165868,Low priority
713847858,49,Less than $40K,3,1849,43,3,2,1,0.99855894,,
809809008,47,Less than $40K,5,4570,68,1,0,0,0.0009877392,,
719446833,58,Less than $40K,4,4214,83,1,0,0,0.00021129122,,
720570333,48,Less than $40K,5,4786,81,3,0,0,0.00021996198,,
815308683,46,$80K - $120K,4,3101,54,3,3,0,0.01479501,,
810875958,51,Less than $40K,1,2473,44,4,2,1,0.9997136,0.4347331,Test
717775608,51,$80K - $120K,4,4850,80,2,3,0,0.0001921564,,
718766058,56,$80K - $120K,1,2123,37,2,2,1,0.998607,0.3550142,Low priority
710656683,50,Less than $40K,4,4442,64,3,0,0,0.0028208753,,
768390708,47,$80K - $120K,6,4006,68,1,3,0,0.00058200094,,
713263758,53,Less than $40K,3,5085,78,2,0,0,0.00038134117,,
754564308,46,$40K - $60K,3,3601,66,3,0,0,0.0026296258,,
827890758,39,Less than $40K,5,3785,63,3,0,0,0.0005861067,,
779945508,50,Less than $40K,5,3808,81,2,0,0,0.0004963791,,
720807183,55,$80K - $120K,3,3281,63,2,3,0,0.00438288,,
709309308,50,$80K - $120K,1,1704,34,3,2,1,0.9929947,0.37288553,Low priority
715844733,45,$60K - $80K,6,4596,71,3,0,0,0.0016566875,,
712332183,42,$80K - $120K,6,3934,74,1,3,0,0.00011606247,,
790123983,50,Less than $40K,4,4297,88,2,0,0,0.00017715833,,
711721458,50,Less than $40K,5,2329,43,2,3,1,0.9975802,,
716860233,51,Less than $40K,3,4124,87,3,3,0,0.00031936308,,
714678408,48,Less than $40K,6,4727,83,6,0,0,0.000274133,,
708798483,37,Unknown,2,2567,43,3,2,1,0.9969183,0.600399,Priority
708501783,43,$120K +,6,1868,40,2,2,1,0.9714036,,
713645883,37,Less than $40K,6,5202,88,3,0,0,0.0002932199,,
718622658,45,$80K - $120K,3,4472,86,2,3,0,0.00060436194,,
710641008,44,Less than $40K,5,2473,56,3,2,0,0.8368985,,
718547358,60,$40K - $60K,4,3863,69,3,0,0,0.0012165462,,
716177583,58,Less than $40K,6,4722,89,2,3,0,0.00055472966,,
713417433,42,$40K - $60K,3,4496,77,1,3,0,0.00034140717,,
713043183,61,$40K - $60K,3,4313,84,2,0,0,0.00017062401,,
719328858,56,$60K - $80K,6,2342,40,2,2,1,0.9961486,,
718501983,44,$60K - $80K,5,4682,89,6,3,0,0.00062754145,,
803800533,39,$40K - $60K,3,2866,59,3,2,1,0.75957644,,
771790083,43,Less than $40K,4,4116,64,3,3,0,0.005580134,,
712817808,39,$60K - $80K,5,2045,53,2,3,0,0.0060207793,,
811697958,50,Less than $40K,4,4451,65,1,0,0,0.0023442975,,
817089408,44,$60K - $80K,3,4413,69,1,3,0,0.00033574842,,
803406558,30,Unknown,3,4189,86,5,3,0,0.00028327043,,
717297708,47,Unknown,6,4439,74,3,0,0,0.0017027663,,
808756458,47,$80K - $120K,6,3821,83,3,3,0,0.0010779754,,
718352358,49,Less than $40K,3,2687,41,3,2,1,0.99902666,,
780638958,42,$40K - $60K,6,4483,77,2,0,0,0.00050672767,,
721026033,57,Less than $40K,4,2673,43,3,0,0,0.026981689,,
719894433,43,Less than $40K,6,2492,43,2,0,1,0.9853544,,
812493033,44,$40K - $60K,4,5102,63,1,3,0,0.0076802233,,
718256658,45,Less than $40K,6,4554,75,5,3,0,0.0021788285,,
711421233,51,$60K - $80K,5,4969,84,3,3,0,0.004553383,,
710335983,57,Less than $40K,5,4297,64,1,3,0,0.0013728942,,
720108783,60,Unknown,6,4328,68,3,2,0,0.004425505,,
818259558,64,Less than $40K,4,3951,79,2,0,0,0.00024595574,,
708511983,37,$80K - $120K,5,3950,82,3,3,0,0.0006802953,,
708838908,49,$40K - $60K,4,3192,61,3,2,0,0.015689371,,
778720533,53,Less than $40K,3,2141,35,2,2,1,0.98358846,,
793015083,46,Unknown,5,4481,77,3,0,0,0.00090304663,,
821336133,50,Less than $40K,5,3927,60,3,3,0,0.008299091,,
713905608,56,Less than $40K,5,3270,63,2,3,0,0.013300313,,
779164608,45,Less than $40K,6,4224,77,2,0,0,0.00061459467,,
714835833,43,$80K - $120K,3,4192,73,3,3,0,0.0016551244,,
823863033,52,$80K - $120K,6,4254,73,6,3,0,0.0015984519,,
713321508,47,Less than $40K,3,4579,87,1,0,0,0.00015291029,,
708992733,50,Less than $40K,4,4759,98,3,3,0,0.0005807794,,
709488108,42,$40K - $60K,5,1841,39,2,2,1,0.98169243,,
716094333,49,$80K - $120K,6,2750,57,2,3,0,0.02108705,,
778567983,50,$40K - $60K,4,4512,77,1,3,0,0.0003011878,,
712178883,49,$40K - $60K,3,3592,79,2,3,0,0.0005269236,,
717490008,43,$80K - $120K,5,4282,52,1,3,0,0.0038168556,,
718282983,60,Less than $40K,6,4522,75,3,0,0,0.0036201938,,
747208083,49,$40K - $60K,3,4344,68,3,0,0,0.0010974386,,
820276908,42,$40K - $60K,3,2232,41,3,2,1,0.99735534,,
719960133,42,$80K - $120K,3,3910,68,2,3,0,0.0017411544,,
711062958,43,$120K +,5,3462,49,2,0,0,0.028110884,,
714917583,42,Less than $40K,6,3338,65,1,3,0,0.0007236207,,
767256933,43,$60K - $80K,6,4852,85,2,3,0,0.0021114543,,
712568358,47,$60K - $80K,3,3115,69,2,3,0,0.0072859144,,
789182358,56,$80K - $120K,3,3991,76,1,3,0,0.00013943875,,
716989683,56,$80K - $120K,4,3331,74,3,0,0,0.010887416,,
827968383,43,Less than $40K,5,4084,70,3,0,0,0.0017597182,,
819647358,38,$60K - $80K,2,2413,53,3,2,1,0.96692365,0.5702051,Priority
788966958,47,Unknown,3,4613,86,2,0,0,0.0005367305,,
789502308,57,Less than $40K,1,2379,46,3,2,1,0.9963593,0.59834963,Priority
756458508,44,$60K - $80K,5,3309,67,2,0,0,0.0043937815,,
714643983,42,Less than $40K,5,4119,73,3,0,0,0.0014327338,,
711606558,49,Less than $40K,5,4697,83,2,0,0,0.0008635202,,
824155458,48,$80K - $120K,5,4674,72,1,3,0,0.0008494577,,
710445183,44,$120K +,5,4076,60,1,3,0,0.013191898,,
802834158,42,$60K - $80K,3,1934,30,2,2,1,0.6534281,,
712038258,48,$80K - $120K,3,2538,42,3,2,1,0.9641574,,
712864683,42,Less than $40K,2,1693,37,3,2,1,0.99943286,0.2665145,Low priority
813971283,43,$80K - $120K,5,3623,63,1,0,0,0.00072231994,,
764211033,50,Less than $40K,6,4483,87,2,0,0,0.0006302053,,
721424583,35,Less than $40K,4,4237,76,2,0,0,0.0007442502,,
713886333,47,$60K - $80K,2,1682,43,3,2,1,0.9947837,0.49449626,Test
711741708,41,$80K - $120K,3,2302,42,2,2,1,0.9946484,,
794217108,43,$120K +,6,3694,67,3,3,0,0.002977005,,
715339758,64,Unknown,3,4168,64,3,3,0,0.0019868456,,
709610283,42,Less than $40K,3,4544,72,2,3,0,0.0021955664,,
714575208,49,$40K - $60K,3,4192,62,1,0,0,0.0020290068,,
716758908,46,$120K +,4,4492,71,2,3,0,0.0012854137,,
778915233,51,Less than $40K,4,2377,47,2,2,1,0.9926225,,
789466008,47,$60K - $80K,5,3578,75,3,2,0,0.0033359602,,
716635758,38,$40K - $60K,5,4345,68,3,0,0,0.0013476759,,
771819258,52,$120K +,4,4561,82,1,3,0,0.00056978624,,
713451408,47,$60K - $80K,6,3392,70,1,0,0,0.000517939,,
780146658,40,$40K - $60K,2,1633,32,2,0,1,0.9455734,0.4902262,Test
711675108,43,Less than $40K,3,3956,71,3,0,0,0.0008751141,,
755467683,48,Less than $40K,6,2403,42,2,2,1,0.9912902,,
792864858,47,Less than $40K,6,2311,58,3,2,0,0.25606617,,
713009208,54,Less than $40K,3,4292,66,2,0,0,0.00076843315,,
772231233,41,Less than $40K,6,4250,85,2,3,0,0.00043282783,,
720510333,40,$40K - $60K,6,4574,84,2,0,0,0.00024698855,,
780199233,33,$120K +,5,4478,87,1,3,0,0.000120800105,,
711700158,47,Less than $40K,5,4384,70,3,0,0,0.0015776431,,
788275083,46,$60K - $80K,5,4678,80,3,2,0,0.0019567441,,
708804633,44,Less than $40K,1,2888,39,2,2,1,0.999126,0.2671028,Low priority
714479358,51,$80K - $120K,6,2216,34,3,2,1,0.9796552,,
711406758,48,Less than $40K,3,4385,80,2,3,0,0.0008135852,,
821424483,51,Less than $40K,4,4242,70,3,3,0,0.0040261764,,
769438608,48,Less than $40K,3,2522,42,3,2,1,0.99780494,,
822068583,48,Unknown,4,3946,48,3,3,0,0.04305374,,
711371208,50,Unknown,4,4490,68,2,3,0,0.0024240655,,
788832033,35,$40K - $60K,4,3015,64,3,3,0,0.0104581155,,
713452533,35,Less than $40K,6,3427,64,3,3,0,0.009819298,,
720212508,51,Less than $40K,4,3325,76,3,2,0,0.0013794065,,
717825033,50,$60K - $80K,3,4509,80,3,0,0,0.00457292,,
779926608,50,Less than $40K,6,4697,82,2,3,0,0.0010266795,,
713608383,54,Less than $40K,1,1632,36,1,2,1,0.9938054,0.2742591,Low priority
710125608,45,Less than $40K,4,4756,73,2,0,0,0.0036894178,,
712724733,31,Less than $40K,6,3959,71,3,0,0,0.00034842384,,
718286658,42,$60K - $80K,5,4059,80,3,3,0,0.0013967128,,
714195108,45,Unknown,3,4077,70,3,0,0,0.0006692063,,
720867708,45,Less than $40K,1,2335,41,3,0,1,0.9938022,0.5562258,Priority
752573508,45,$40K - $60K,3,3718,72,2,0,0,0.0009639913,,
768661758,53,$120K +,5,4919,75,2,3,0,0.0013966045,,
721126833,51,$80K - $120K,5,2038,39,2,2,1,0.99325377,,
716093133,38,$40K - $60K,5,3831,68,2,3,0,0.0012003942,,
771092433,55,Less than $40K,4,4434,67,3,3,0,0.003428701,,
712807758,47,Less than $40K,3,2476,32,3,2,1,0.9985415,,
721514883,38,$80K - $120K,5,4657,78,0,3,0,0.0002207589,,
824140908,52,$120K +,5,1246,27,3,2,1,0.9627815,,
712971708,43,Less than $40K,6,4648,80,0,3,0,0.0011427772,,
716471508,54,$120K +,5,4350,83,1,3,0,0.00028027938,,
782548758,42,Less than $40K,5,5668,82,2,0,0,0.0028369236,,
720444408,35,Less than $40K,2,2576,42,2,0,1,0.9751302,0.5116807,Test
717389433,62,Unknown,3,3638,67,1,2,0,0.0024561712,,
714292533,48,Less than $40K,4,3593,64,1,3,0,0.001125883,,
709585758,41,$120K +,5,4004,86,1,3,0,0.00046142176,,
712096758,49,$40K - $60K,6,4504,81,3,3,0,0.0008875457,,
811463283,54,$80K - $120K,3,3283,50,1,3,0,0.01106106,,
789358908,53,Less than $40K,3,2562,36,2,2,1,0.9976483,,
718146258,51,$60K - $80K,4,3737,71,3,3,0,0.0028359324,,
710779083,59,Less than $40K,3,4338,77,3,3,0,0.0007838955,,
709166883,39,Unknown,6,4121,78,2,3,0,0.00076479546,,
712554183,65,$40K - $60K,4,4070,71,3,2,0,0.001947416,,
721315233,47,$40K - $60K,3,3780,70,3,2,0,0.0015017041,,
714766383,42,Less than $40K,4,4992,77,3,0,0,0.00043682713,,
797491683,45,$80K - $120K,2,2234,49,2,2,1,0.9322595,0.41051203,Low priority
714157908,57,Less than $40K,5,3795,71,1,0,0,0.0003113615,,
714588408,51,Less than $40K,4,4446,68,3,3,0,0.004291899,,
719627133,50,Less than $40K,4,3965,59,3,0,0,0.0559333,,
714125883,47,$80K - $120K,6,3696,71,2,0,0,0.0011425747,,
712865583,57,$40K - $60K,4,3939,69,2,0,0,0.001274472,,
779363283,48,$60K - $80K,4,4376,86,3,3,0,0.0008369835,,
779224758,47,Less than $40K,4,3828,86,3,0,0,0.0004325236,,
718775808,42,Unknown,3,5153,77,1,3,0,0.00033947034,,
710267583,45,Unknown,6,3914,83,3,3,0,0.00058558094,,
711305208,52,$60K - $80K,6,4354,70,3,2,0,0.003794634,,
717531483,37,$60K - $80K,5,4444,87,2,3,0,0.00081580045,,
709170108,60,$40K - $60K,3,1522,36,2,2,1,0.98575646,,
716056158,63,$60K - $80K,3,2395,49,3,2,1,0.98139393,,
711326583,62,Less than $40K,3,4274,68,3,2,0,0.018240986,,
715406658,47,Less than $40K,4,2738,45,2,2,1,0.9943961,,
712814658,50,Less than $40K,4,4755,82,1,0,0,0.00016806103,,
773228133,39,Less than $40K,3,2437,41,2,3,1,0.9923333,,
710453283,40,Less than $40K,5,4107,82,4,3,0,0.0005735601,,
795266208,39,$120K +,4,4493,79,2,3,0,0.00070578314,,
779090883,42,Less than $40K,6,3478,64,3,0,0,0.0025836134,,
712309758,65,$40K - $60K,3,4351,75,2,3,0,0.00035820983,,
716625033,32,Less than $40K,3,2753,43,3,2,1,0.99831235,,
790112133,47,$40K - $60K,5,4388,83,3,0,0,0.00025702335,,
797238108,49,Less than $40K,5,3915,74,1,3,0,0.00052098086,,
716782758,48,$60K - $80K,3,2013,32,2,2,1,0.95073146,,
715588008,45,$80K - $120K,4,2333,51,3,3,0,0.15076736,,
713977308,62,$120K +,4,3820,76,3,2,0,0.00081664236,,
719059083,45,Less than $40K,5,4129,71,1,3,0,0.000274372,,
708797583,49,Unknown,6,2576,39,3,2,1,0.9946502,,
708809283,41,$40K - $60K,1,2414,28,3,2,1,0.99971,0.35720903,Low priority
771529608,50,$120K +,5,4538,63,6,3,0,0.005725375,,
715776033,46,$60K - $80K,4,4116,68,1,3,0,0.0010622694,,
778619358,42,Less than $40K,4,4754,79,1,0,0,0.00022488697,,
715717608,41,Less than $40K,4,4813,86,3,3,0,0.00726328,,
789204933,65,Less than $40K,3,4511,76,2,2,0,0.00041368484,,
711100608,55,$60K - $80K,5,2574,43,2,3,1,0.9870524,,
713591283,36,Unknown,6,4389,77,6,0,0,0.00018813346,,
719344608,46,Less than $40K,6,4313,72,3,3,0,0.00060786156,,
787659483,58,Less than $40K,4,4223,60,2,0,0,0.0058753453,,
822948708,42,Less than $40K,5,3108,62,2,3,0,0.02174661,,
710080383,38,$40K - $60K,6,4417,69,2,0,0,0.00082212547,,
715596783,29,Less than $40K,3,4333,72,3,0,0,0.00038870441,,
798773208,46,Unknown,5,3691,75,2,3,0,0.00084063056,,
768624258,55,Less than $40K,2,2541,36,1,2,1,0.99799746,0.20308985,Low priority
721412208,57,Less than $40K,4,3887,79,2,0,0,0.00032867512,,
708129933,45,Less than $40K,5,4210,64,3,0,0,0.0016733506,,
719703483,47,Less than $40K,6,4646,73,3,0,0,0.0040140566,,
708290208,43,Less than $40K,3,3118,76,3,2,0,0.0010120397,,
710431158,52,Unknown,3,3778,70,1,3,0,0.0002440566,,
816528333,64,Less than $40K,6,4546,59,6,0,0,0.007806399,,
778760808,52,Less than $40K,4,2008,37,1,2,0,0.06231301,,
718025808,61,$60K - $80K,6,3689,55,3,2,0,0.034881882,,
815860008,40,Less than $40K,5,5109,78,2,0,0,0.0004767662,,
780126033,50,$40K - $60K,6,2082,54,1,2,1,0.06427751,,
720135333,45,Less than $40K,5,1753,49,1,3,0,0.013776019,,
719174433,36,Less than $40K,2,2467,35,1,2,1,0.99640393,0.30569327,Low priority
821521983,51,Unknown,4,4321,89,1,0,0,0.00011855826,,
716961933,43,Less than $40K,5,4262,70,2,0,0,0.0010427252,,
712834533,51,Less than $40K,5,4119,75,2,0,0,0.0010920729,,
710544033,47,$80K - $120K,3,4715,78,1,3,0,0.00021422123,,
710622333,39,$40K - $60K,3,4386,67,2,0,0,0.0016809353,,
714277758,40,$40K - $60K,6,4064,75,2,3,0,0.0006354504,,
713166333,38,Unknown,5,4467,73,2,3,0,0.0016173166,,
714346608,51,$40K - $60K,3,2220,50,1,2,1,0.9826067,,
778284783,44,$60K - $80K,5,4617,70,3,0,0,0.0015803605,,
714721608,38,$120K +,4,4190,81,3,3,0,0.00037284076,,
716453883,47,$120K +,6,4423,63,3,0,0,0.0072072153,,
713876958,32,Unknown,6,5036,76,2,3,0,0.0015896207,,
794967408,53,$80K - $120K,5,3863,74,2,3,0,0.000983992,,
798481383,40,Less than $40K,5,2684,38,1,2,1,0.97373736,,
718697583,45,$60K - $80K,6,4073,79,3,3,0,0.0010608854,,
711799458,41,$40K - $60K,3,4544,89,1,3,0,0.00019807238,,
823904133,53,Unknown,2,2489,54,2,2,1,0.9855136,0.36040264,Low priority
718005108,44,Less than $40K,4,3692,68,1,0,0,0.00034335844,,
717877533,39,$40K - $60K,5,3761,70,1,3,0,0.00047398102,,
711883833,50,Less than $40K,6,4752,88,1,3,0,0.00013862674,,
711646908,39,$60K - $80K,1,2010,43,2,2,1,0.9956261,0.26299912,Low priority
718171308,44,Less than $40K,6,2506,46,3,2,1,0.9938916,,
709627983,56,Less than $40K,4,4497,68,3,0,0,0.00029539812,,
716580933,63,$40K - $60K,3,4533,65,3,0,0,0.002123439,,
713600958,50,$120K +,4,3647,65,5,2,0,0.0019393131,,
772248408,40,Less than $40K,5,3366,56,1,0,0,0.0011783678,,
720196158,48,$60K - $80K,6,3350,67,3,2,0,0.005692451,,
770024733,53,$40K - $60K,1,2520,49,2,2,1,0.99841,0.3897755,Low priority
710912733,44,Less than $40K,3,4590,91,2,0,0,0.00025981685,,
712860858,56,Unknown,5,4943,70,1,3,0,0.0060728607,,
708702258,40,Unknown,3,2051,31,2,2,1,0.957793,,
797169633,41,$120K +,5,3127,51,3,3,0,0.26961038,,
709922508,40,Less than $40K,4,5207,79,1,3,0,0.0006959086,,
712802733,45,Less than $40K,3,2965,70,1,2,0,0.003543665,,
716981358,40,Less than $40K,3,4858,73,3,0,0,0.0024042183,,
758787333,52,$120K +,4,3880,68,1,3,0,0.0017454952,,
720519333,59,Unknown,1,2594,48,3,0,1,0.9894825,0.44741505,Test
717387933,49,Less than $40K,6,3837,57,3,0,0,0.025008436,,
738195708,47,$80K - $120K,6,3608,56,1,2,0,0.009196205,,
708560733,42,Less than $40K,5,4715,85,2,0,0,0.0042502442,,
717001908,41,Less than $40K,6,2874,44,2,3,1,0.9928294,,
768972558,43,$120K +,4,3980,77,3,2,0,0.0032194958,,
716899233,40,Less than $40K,6,4542,70,4,3,0,0.0012902988,,
715567608,45,Less than $40K,4,3964,76,4,2,0,0.0015315266,,
713264583,43,$120K +,3,4486,71,3,3,0,0.0015535259,,
716769783,48,Unknown,3,3943,78,2,2,0,0.0008383324,,
719564208,46,$40K - $60K,3,2751,47,2,3,1,0.8925044,,
716680983,41,Less than $40K,3,4924,70,1,0,0,0.0005578022,,
715719033,38,Less than $40K,4,3772,74,3,0,0,0.0014264596,,
713229633,45,$40K - $60K,3,2061,47,2,2,1,0.98277044,,
788246958,44,Unknown,3,4375,81,1,3,0,0.00022589807,,
720419358,35,Less than $40K,3,4548,71,2,0,0,0.0005816122,,
772545858,49,Less than $40K,4,3808,89,2,3,0,0.0013686371,,
771431133,47,Less than $40K,4,3778,69,2,3,0,0.0012531882,,
717800358,48,$80K - $120K,3,4791,68,3,2,0,0.009225513,,
798041508,50,Less than $40K,2,1880,42,3,0,1,0.9980197,0.41655102,Test
710626758,44,$60K - $80K,6,3706,65,1,3,0,0.0015774478,,
718982058,37,$40K - $60K,5,4011,72,2,3,0,0.0010853792,,
791822733,47,Unknown,5,4904,81,1,3,0,0.00057539874,,
718762308,35,Unknown,6,3668,60,2,3,0,0.0036440804,,
716841783,51,$120K +,4,5080,85,2,3,0,0.0020435844,,
794524833,36,$40K - $60K,4,4009,73,3,0,0,0.00057299423,,
721359183,33,$40K - $60K,4,4390,76,3,0,0,0.0006837649,,
715014633,32,Unknown,6,2579,51,3,3,1,0.9226727,,
714372333,59,Less than $40K,6,2256,40,4,2,1,0.9701017,,
766946058,51,$40K - $60K,4,4010,75,6,2,0,0.0030775825,,
708549033,50,Less than $40K,4,5025,70,1,0,0,0.00041177997,,
708378108,39,$40K - $60K,5,4631,76,3,3,0,0.0012940624,,
826168083,49,Less than $40K,3,4750,72,3,0,0,0.0011689829,,
779320008,43,$80K - $120K,3,2180,31,3,0,1,0.98116136,,
715312158,41,Less than $40K,4,3895,59,2,0,0,0.007191285,,
711688983,51,$80K - $120K,4,3060,66,2,3,0,0.0026182053,,
714393708,54,$40K - $60K,6,4913,84,2,3,0,0.0060122353,,
789477483,40,Unknown,6,3847,76,3,3,0,0.00059932703,,
712481733,55,Less than $40K,4,4078,77,2,0,0,0.00045710368,,
713153733,49,Less than $40K,6,2061,36,3,2,1,0.96434194,,
780201633,41,$40K - $60K,4,2189,51,3,3,1,0.46546647,,
709285683,48,$60K - $80K,4,4509,74,1,3,0,0.00065519655,,
789823383,44,Less than $40K,3,4532,82,3,0,0,0.0017865738,,
709980783,51,Less than $40K,4,4066,63,3,0,0,0.0007489606,,
772054458,43,$60K - $80K,4,4025,65,1,0,0,0.0005156219,,
788095158,52,$80K - $120K,3,2623,39,3,2,1,0.9962212,,
717045033,45,Unknown,6,4677,87,1,3,0,0.0003716397,,
710503308,48,Unknown,6,4049,71,1,3,0,0.00036516576,,
757167633,50,$60K - $80K,4,3836,81,3,3,0,0.0012441286,,
779739783,43,$60K - $80K,6,3561,73,3,3,0,0.0006861652,,
758653833,34,$40K - $60K,3,4392,83,1,3,0,0.00040788096,,
771288258,48,$40K - $60K,6,4660,68,2,0,0,0.0020653866,,
716855058,49,Less than $40K,5,2557,45,2,2,1,0.9964529,,
708433683,54,$80K - $120K,3,4410,86,2,0,0,0.00033121704,,
713175483,44,Less than $40K,6,3745,74,2,3,0,0.0016454761,,
709500183,46,Less than $40K,2,2077,44,3,2,1,0.9991109,0.31405222,Low priority
789238683,53,$120K +,4,4586,89,2,3,0,0.0006998869,,
710502258,39,$60K - $80K,5,4598,85,3,0,0,0.0013455867,,
715445058,49,Less than $40K,3,2715,45,4,0,1,0.98953,,
719464758,52,Less than $40K,5,4219,83,2,0,0,0.0003290482,,
708442158,51,Unknown,3,3801,61,2,3,0,0.0032800587,,
718524783,40,$80K - $120K,1,2128,39,3,2,1,0.9996482,0.26214957,Low priority
717093858,49,Less than $40K,4,3664,63,3,0,0,0.003615709,,
711654558,46,$60K - $80K,6,4025,69,3,0,0,0.00093294843,,
718924983,59,$60K - $80K,5,4833,80,1,3,0,0.00051447604,,
717463608,38,$40K - $60K,5,4116,79,3,0,0,0.00023793634,,
715779333,45,Less than $40K,5,3895,71,2,3,0,0.003022337,,
708117933,44,Less than $40K,3,2469,34,2,2,1,0.99942833,,
789563658,64,Less than $40K,5,4618,60,4,2,0,0.14083467,,
709239483,49,$40K - $60K,5,4622,88,3,0,0,0.0007483267,,
766456683,51,Less than $40K,6,3986,80,2,3,0,0.00017357773,,
779703258,41,Less than $40K,3,4962,70,3,0,0,0.0011353126,,
709719333,41,$80K - $120K,6,4841,80,3,2,0,0.0015197414,,
717016833,39,$80K - $120K,6,4282,69,4,3,0,0.00075306353,,
711017433,41,Less than $40K,5,4416,68,2,3,0,0.0016578693,,
712777233,65,Unknown,1,2701,51,4,2,1,0.99696785,0.24930717,Low priority
712706058,44,Less than $40K,1,1970,46,2,2,1,0.9983165,0.37220496,Low priority
720905133,43,$80K - $120K,1,2439,45,2,2,1,0.997799,0.6254099,Priority
712947333,54,Less than $40K,3,1653,44,3,3,1,0.94521946,,
806995683,61,$60K - $80K,4,2870,50,1,0,0,0.13057417,,
720575058,47,$60K - $80K,3,4259,83,2,0,0,0.000190207,,
770828358,38,$80K - $120K,4,4839,61,2,2,0,0.18210083,,
721361433,51,Unknown,6,4469,87,1,3,0,0.00034633794,,
770268933,44,$60K - $80K,3,4115,66,2,3,0,0.0029071039,,
789209283,48,Less than $40K,5,4518,84,3,3,0,0.0002776437,,
716204883,53,$60K - $80K,5,3935,66,3,3,0,0.001505889,,
715506258,50,$80K - $120K,6,4477,83,2,3,0,0.00037745238,,
711871758,30,Less than $40K,2,2487,39,2,0,1,0.9939904,0.43098304,Test
772655733,41,$80K - $120K,6,4489,75,2,0,0,0.00070340745,,
719519058,55,Less than $40K,4,2419,49,2,2,1,0.99187815,,
716873733,43,Less than $40K,4,2639,53,3,0,1,0.95321333,,
780383358,48,$60K - $80K,6,4683,72,1,3,0,0.0008626073,,
718522308,41,$40K - $60K,6,4045,72,1,3,0,0.00043481326,,
716308683,47,Less than $40K,6,4267,66,2,3,0,0.001133732,,
719056833,55,Less than $40K,5,3968,66,1,0,0,0.0017420979,,
712303908,47,Less than $40K,3,3407,66,1,0,0,0.00027944715,,
715572783,51,$80K - $120K,6,4573,93,1,3,0,0.00014372425,,
713641233,44,Unknown,5,3553,65,6,2,0,0.0054140566,,
712854633,49,Unknown,4,2845,57,1,3,0,0.16314138,,
779340183,53,Less than $40K,3,4295,72,2,2,0,0.0015392834,,
771952683,47,Less than $40K,3,3847,63,2,3,0,0.00820651,,
716639058,51,$120K +,4,3278,53,3,2,0,0.20504086,,
779027733,53,Less than $40K,6,3718,51,2,3,0,0.09489227,,
713368833,49,$60K - $80K,6,3906,64,3,2,0,0.013778494,,
713926308,35,Less than $40K,4,4487,61,2,0,0,0.0025493465,,
720206658,40,Less than $40K,6,1811,44,2,2,1,0.96299446,,
708720558,44,$60K - $80K,5,3773,64,2,3,0,0.008977386,,
713857758,53,Unknown,6,1828,44,3,3,1,0.9904122,,
711255858,42,Less than $40K,4,4141,83,2,3,0,0.0006303327,,
798717783,51,Less than $40K,3,4752,84,6,3,0,0.004941771,,
710674533,46,$60K - $80K,3,1611,42,3,2,1,0.9213635,,
718642458,40,$80K - $120K,6,2992,72,1,0,0,0.00038322932,,
709788783,47,$40K - $60K,3,5088,71,2,3,0,0.007633759,,
752199183,51,Unknown,6,4923,89,2,3,0,0.0033568016,,
789707433,41,Unknown,4,4370,68,2,0,0,0.00084154704,,
717448383,41,$80K - $120K,1,2331,36,2,2,1,0.9982753,0.30828512,Low priority
779468808,43,$40K - $60K,6,4961,78,3,3,0,0.0013204688,,
790000608,64,Less than $40K,4,3838,67,1,3,0,0.001284376,,
770917608,42,Less than $40K,3,4656,62,4,0,0,0.0069678957,,
716307558,50,Less than $40K,6,2214,46,2,2,1,0.8920429,,
719048133,52,Less than $40K,6,3470,65,3,3,0,0.06392259,,
771488583,46,$40K - $60K,4,4186,72,2,3,0,0.0025193742,,
717202908,39,$80K - $120K,3,4270,59,3,2,0,0.015288499,,
720696558,44,$80K - $120K,5,4485,85,2,3,0,0.001059686,,
788989083,57,$40K - $60K,3,4535,82,1,0,0,0.00015239415,,
720398958,53,Less than $40K,6,4340,70,2,0,0,0.0004916848,,
716530533,43,Less than $40K,3,4094,77,1,0,0,7.17098e-05,,
714499908,45,$40K - $60K,5,3243,63,5,0,0,0.0073886514,,
708879483,48,Less than $40K,6,5006,89,3,0,0,0.00028060155,,
716044383,41,Unknown,5,4191,65,1,3,0,0.0014894415,,
781320783,47,$80K - $120K,3,2529,43,2,2,1,0.9963838,,
711657783,50,Less than $40K,6,4617,67,3,2,0,0.004456672,,
715423233,46,$60K - $80K,3,3539,57,3,0,0,0.009413315,,
719264058,51,Unknown,5,4305,51,2,3,0,0.03380901,,
711120333,43,$60K - $80K,3,4278,80,5,3,0,0.0005462161,,
714100008,47,Less than $40K,6,2176,38,2,2,1,0.98399585,,
798030933,47,$60K - $80K,5,4745,75,2,3,0,0.009905857,,
708223383,47,Unknown,6,2736,38,3,2,1,0.98102105,,
708705783,47,$60K - $80K,6,2628,41,3,0,1,0.96552247,,
778949133,44,$80K - $120K,4,3476,66,3,3,0,0.002757178,,
709017258,51,Less than $40K,1,2872,45,2,2,1,0.99842936,0.34455281,Low priority
709161108,44,$60K - $80K,3,1531,31,2,2,1,0.9546521,,
716842908,41,Less than $40K,4,4986,80,2,0,0,0.00030315487,,
787513533,47,Less than $40K,6,3344,54,3,0,0,0.22954826,,
717949983,47,$40K - $60K,3,3554,82,2,3,0,0.00055642927,,
714089658,41,$60K - $80K,3,2063,42,2,3,1,0.9946538,,
718863258,54,Less than $40K,2,2463,38,2,2,1,0.99917454,0.57212555,Priority
717549408,44,$80K - $120K,3,3024,51,1,3,0,0.13048561,,
807600633,44,Unknown,6,5408,83,4,3,0,0.0058211377,,
770293758,44,Less than $40K,6,4830,82,1,0,0,0.00039776333,,
765584208,43,Less than $40K,3,4444,84,2,0,0,0.00029926893,,
811989858,49,$60K - $80K,6,3501,65,3,3,0,0.00336958,,
721276383,47,$40K - $60K,6,3843,66,2,3,0,0.0022467982,,
708585933,44,Less than $40K,6,4258,77,2,0,0,0.0003491068,,
713283933,42,$40K - $60K,1,2273,44,3,2,1,0.99963665,0.41599143,Test
714915633,42,$60K - $80K,4,1793,40,3,2,1,0.9729581,,
709236633,40,$40K - $60K,3,4033,58,1,3,0,0.0032585799,,
827948133,47,Less than $40K,4,4535,68,2,2,0,0.0033604328,,
718946358,44,$40K - $60K,3,4348,63,3,3,0,0.01915875,,
714400308,60,Less than $40K,3,4545,83,1,3,0,0.0003242519,,
789670533,41,$40K - $60K,5,4300,67,1,3,0,0.0007548767,,
770942283,46,Less than $40K,4,4811,68,3,3,0,0.018254636,,
827074758,42,Less than $40K,4,5228,61,1,0,0,0.0039937175,,
818326083,54,$40K - $60K,5,4385,91,1,0,0,0.00012651848,,
712292133,45,Less than $40K,4,2107,40,2,0,1,0.9848037,,
709449333,49,$60K - $80K,6,4097,72,2,0,0,0.0008900736,,
788840283,42,Less than $40K,5,4741,86,2,0,0,0.00033334392,,
716013858,53,$80K - $120K,3,5002,78,1,3,0,0.0001307289,,
712229283,48,Unknown,4,2306,46,2,2,1,0.99546695,,
751422258,45,Less than $40K,6,3317,71,3,3,0,0.0016988138,,
715691808,41,Less than $40K,5,3955,72,3,2,0,0.001509254,,
794273283,51,$80K - $120K,3,2709,51,3,2,1,0.96752506,,
788838033,45,$60K - $80K,3,2832,48,2,2,1,0.9421698,,
712778658,52,Less than $40K,4,4238,63,3,0,0,0.0061719953,,
789580908,44,Less than $40K,3,4056,81,2,3,0,0.00047060542,,
778965183,47,$40K - $60K,5,4166,85,3,0,0,0.0040346733,,
714462558,44,Unknown,4,4556,67,2,3,0,0.009421842,,
789013833,50,$120K +,5,2118,41,2,3,1,0.98104024,,
800869758,49,$80K - $120K,6,3967,76,1,0,0,0.00016393297,,
807426033,37,$60K - $80K,4,3462,61,1,3,0,0.000957965,,
720091083,43,$120K +,6,4098,61,1,3,0,0.0019989288,,
711918033,37,Less than $40K,3,2050,32,1,0,1,0.8914016,,
709679658,58,$40K - $60K,4,4846,84,3,3,0,0.0065444745,,
779296908,46,Less than $40K,5,5098,66,3,0,0,0.0022226877,,
720682308,59,Unknown,5,4770,83,1,3,0,0.00064481905,,
714084483,49,Unknown,4,1724,34,2,2,1,0.9838266,,
719495958,42,Less than $40K,3,2509,46,3,2,1,0.9934662,,
789775308,54,Less than $40K,6,4880,77,1,0,0,0.00021894381,,
714726858,31,Less than $40K,6,2773,34,3,2,1,0.97692937,,
709749483,40,Less than $40K,5,4584,70,1,0,0,0.00041621603,,
710926383,32,$40K - $60K,5,4549,68,3,0,0,0.00076583767,,
717172308,45,$40K - $60K,4,1731,32,2,2,1,0.9762626,,
771795933,49,$120K +,3,2376,55,3,2,1,0.9346875,,
785024808,53,Less than $40K,6,4464,83,2,0,0,0.00042549093,,
710277183,34,$40K - $60K,3,4317,68,2,0,0,0.00084175554,,
714647808,49,Less than $40K,4,4628,73,3,3,0,0.0012491613,,
709857033,60,$40K - $60K,5,4148,84,1,3,0,0.00043153443,,
714283458,40,$80K - $120K,5,4064,92,1,3,0,0.000109619956,,
804829533,59,$60K - $80K,3,2864,51,6,2,1,0.9975829,,
716702358,44,Less than $40K,5,4048,83,3,3,0,0.0009930037,,
720028683,49,$40K - $60K,5,3806,61,3,0,0,0.012533118,,
757044033,44,$80K - $120K,3,3968,57,1,0,0,0.0031292543,,
719672283,47,$60K - $80K,4,3145,63,2,2,0,0.010357711,,
719054733,52,Less than $40K,4,4673,69,3,0,0,0.0024715425,,
793336383,47,Less than $40K,3,4915,92,3,0,0,0.000815741,,
795599883,57,Unknown,3,2511,51,6,2,1,0.9926685,,
715650783,41,$60K - $80K,6,4906,75,2,3,0,0.013473687,,
711819708,33,Unknown,3,2275,55,2,0,1,0.8468291,,
713041683,55,$120K +,3,1867,34,2,2,1,0.96882343,,
779544708,50,$120K +,4,3931,77,5,2,0,0.0030760104,,
712967508,47,$60K - $80K,4,5038,86,1,0,0,0.00017359246,,
710231433,56,$60K - $80K,5,3395,75,1,0,0,0.00019773893,,
817960533,41,$60K - $80K,5,4741,84,3,0,0,0.0006001622,,
713431008,46,Unknown,5,4198,77,3,3,0,0.0005392568,,
709663608,43,Less than $40K,4,1973,36,2,2,1,0.9917013,,
754851783,39,$60K - $80K,4,4423,90,2,3,0,0.0002228753,,
808743558,42,Unknown,3,4804,66,3,0,0,0.12016712,,
778905033,45,Less than $40K,3,3889,60,5,0,0,0.0026661442,,
720844008,54,Less than $40K,6,5216,87,2,0,0,0.0015606277,,
714286383,59,$120K +,4,3337,65,3,2,0,0.0085072,,
718767183,45,Less than $40K,6,4905,89,3,0,0,0.0004637438,,
712707408,43,Less than $40K,4,3919,57,2,3,0,0.006522821,,
789859833,41,Less than $40K,6,4388,67,2,0,0,0.0012740362,,
812411058,49,Less than $40K,3,2690,46,3,2,1,0.9962823,,
712311258,48,$40K - $60K,5,4634,54,3,0,0,0.09672012,,
778397358,42,$60K - $80K,6,2574,43,2,2,1,0.98962337,,
715340733,39,$40K - $60K,5,4792,62,2,3,0,0.09367515,,
797495958,42,$40K - $60K,3,4277,80,2,3,0,0.0017510976,,
720384633,48,$40K - $60K,6,3403,70,3,3,0,0.0045441226,,
810868758,39,$40K - $60K,5,2384,52,1,3,0,0.021237671,,
719105433,48,Unknown,3,4990,85,3,3,0,0.0019806516,,
715609533,47,Less than $40K,1,1887,36,3,2,1,0.9970782,0.33815345,Low priority
712160058,59,Less than $40K,5,2146,44,5,2,1,0.97974545,,
779130108,33,$40K - $60K,3,2527,49,2,2,1,0.99758184,,
712335858,48,Less than $40K,4,4867,67,3,0,0,0.009930102,,
789643383,49,$60K - $80K,3,3575,56,3,3,0,0.016009523,,
717733158,43,Less than $40K,4,4197,84,2,0,0,0.0007178587,,
713205108,42,$40K - $60K,3,3873,76,1,0,0,0.00028575078,,
719749083,63,Less than $40K,5,3465,59,2,3,0,0.002646129,,
811762383,42,Less than $40K,4,4908,71,2,0,0,0.0018681651,,
708710283,45,$120K +,6,4067,75,1,3,0,0.00031894018,,
708542283,58,Less than $40K,5,4399,70,3,0,0,0.0020817649,,
720667383,39,Less than $40K,5,4684,81,3,0,0,0.00047815163,,
822952158,53,Less than $40K,4,4256,73,2,2,0,0.0012120439,,
716922633,38,$120K +,6,2600,47,3,0,1,0.96083355,,
709081683,65,Less than $40K,3,4208,69,1,3,0,0.00042309228,,
710211783,38,Less than $40K,3,2264,39,2,2,1,0.9816103,,
720364158,55,Unknown,4,4314,83,3,3,0,0.0006705224,,
713064783,60,$40K - $60K,3,4205,83,3,0,0,0.0010269457,,
709873683,60,$40K - $60K,4,4352,82,2,3,0,0.00055423554,,
758106108,45,Less than $40K,3,4604,70,2,3,0,0.0014435607,,
711445233,42,Less than $40K,6,4653,78,3,3,0,0.0009986454,,
778912683,51,Unknown,3,4778,88,3,3,0,0.0011285428,,
780496833,56,Less than $40K,3,2122,44,2,2,1,0.9878606,,
720057183,49,Less than $40K,5,3412,70,1,3,0,0.0006253005,,
789081408,44,Less than $40K,6,2527,45,3,2,1,0.9934136,,
720634683,48,Unknown,5,2456,45,2,2,1,0.9965654,,
808732458,48,$120K +,5,2838,49,3,3,0,0.023447143,,
719947533,46,Unknown,6,4585,79,2,3,0,0.0014591049,,
715452408,37,Less than $40K,4,4727,67,3,0,0,0.002004345,,
718103733,41,Less than $40K,4,4253,66,3,2,0,0.006897668,,
788705358,44,$120K +,4,3965,58,1,2,0,0.0024148272,,
772105608,48,Less than $40K,6,4246,80,3,2,0,0.00052506657,,
718396533,47,$80K - $120K,5,4527,83,3,3,0,0.0015149452,,
712949733,46,$40K - $60K,3,3536,61,2,2,0,0.030032769,,
772036233,62,$80K - $120K,6,4320,72,2,3,0,0.0007369624,,
713285058,46,Less than $40K,4,4275,76,3,0,0,0.0011573584,,
710289783,43,Less than $40K,5,2537,48,2,0,1,0.9093289,,
780390108,44,$40K - $60K,3,5079,81,1,3,0,0.00096588285,,
720585183,50,$60K - $80K,3,3659,68,3,3,0,0.0014173986,,
711831558,49,$120K +,3,3244,58,1,3,0,0.005517287,,
710854008,48,$40K - $60K,3,3902,63,2,2,0,0.014441655,,
717017808,62,$40K - $60K,6,4693,83,1,3,0,0.0010800894,,
823615983,54,$40K - $60K,2,1642,35,1,2,1,0.9931223,0.22478911,Low priority
807587433,56,Less than $40K,4,2229,40,6,2,1,0.9937593,,
709987683,46,Unknown,4,2798,40,3,2,1,0.9941005,,
714435408,57,$80K - $120K,4,3297,54,3,3,0,0.1413006,,
718994583,48,Less than $40K,3,4777,69,3,0,0,0.0019597495,,
793616883,39,Less than $40K,5,5205,78,2,0,0,0.001051404,,
779978283,45,Unknown,4,4428,78,2,3,0,0.0015985874,,
713370033,53,Less than $40K,4,2014,53,1,2,1,0.9068517,,
710482533,26,$120K +,4,3863,72,2,3,0,0.00011807762,,
778830933,40,$80K - $120K,3,5308,78,2,0,0,0.0010944777,,
736145283,43,$80K - $120K,6,3591,59,1,3,0,0.0049602278,,
778718658,33,Unknown,3,4062,65,3,2,0,0.0038528626,,
719482008,45,$60K - $80K,5,3354,76,3,3,0,0.0009770069,,
715004808,49,Less than $40K,5,4339,84,3,0,0,0.0007619675,,
720014358,38,Less than $40K,5,4019,78,2,0,0,0.0004836727,,
718208358,43,$120K +,4,3789,57,3,2,0,0.18034157,,
713380308,42,Less than $40K,6,4092,76,2,3,0,0.00046751453,,
716477133,42,Less than $40K,3,3910,75,3,0,0,0.0006152414,,
713949858,39,Less than $40K,4,1674,42,3,2,1,0.97649276,,
827619933,48,$40K - $60K,3,3541,87,1,3,0,0.0004038933,,
779135808,56,$40K - $60K,5,4318,81,1,3,0,0.00022591573,,
719751483,39,Less than $40K,4,2567,48,3,0,1,0.98614186,,
708219858,39,$40K - $60K,6,4295,70,3,3,0,0.003530222,,
779681433,48,$40K - $60K,6,1519,26,3,2,1,0.9082177,,
720169383,52,$40K - $60K,3,3707,74,1,0,0,0.00023139655,,
718056033,44,Less than $40K,5,3334,56,3,0,0,0.049487814,,
789226683,44,$60K - $80K,6,3878,82,2,3,0,0.0005568901,,
822902508,41,$40K - $60K,3,4015,77,3,3,0,0.0012698597,,
780462183,44,$80K - $120K,5,4026,67,5,0,0,0.0011692975,,
715502808,42,$80K - $120K,4,4442,76,3,3,0,0.0007317401,,
788755158,49,$60K - $80K,4,3016,80,3,3,0,0.0032027664,,
780038058,38,Less than $40K,3,2283,46,2,2,1,0.9908818,,
709536483,57,$60K - $80K,5,1999,41,0,2,1,0.96045125,,
712563408,33,$40K - $60K,1,2296,46,1,2,1,0.9983852,0.37573975,Low priority
771222558,45,Less than $40K,6,4467,79,1,0,0,9.16927e-05,,
708145908,61,$40K - $60K,3,3999,71,3,0,0,0.000247038,,
717755058,41,Less than $40K,4,4096,76,3,0,0,0.0021136496,,
789109983,40,$40K - $60K,4,3870,73,1,2,0,0.0014327283,,
802600233,51,$40K - $60K,5,4124,59,1,0,0,0.0041901395,,
720449208,34,Less than $40K,6,4758,64,1,0,0,0.01377164,,
719557983,42,$60K - $80K,5,4416,83,3,0,0,0.001645969,,
766111383,38,$40K - $60K,4,4136,67,2,0,0,0.0017192772,,
789367083,41,Less than $40K,5,3778,64,3,0,0,0.0029616754,,
710538183,53,Less than $40K,3,4220,83,2,0,0,0.00043842115,,
708534033,45,$40K - $60K,5,4726,82,2,3,0,0.0017638558,,
716739258,43,Less than $40K,5,3932,62,2,3,0,0.01017502,,
788940558,41,Less than $40K,6,4224,75,1,0,0,0.00038954464,,
714722808,50,$80K - $120K,5,4153,91,3,3,0,0.0002945859,,
713249883,51,$40K - $60K,6,4572,81,3,3,0,0.001312387,,
714207483,47,$80K - $120K,6,4125,80,1,3,0,0.00022236716,,
720068808,41,Less than $40K,3,3899,65,3,0,0,0.0022645085,,
778601733,55,$40K - $60K,5,2370,34,4,0,1,0.9530971,,
709779258,53,Less than $40K,4,4075,71,3,2,0,0.0030275155,,
713696808,46,Less than $40K,3,2252,42,3,2,1,0.9951139,,
720044658,53,$60K - $80K,6,2720,46,2,2,1,0.87881094,,
716373483,48,Less than $40K,4,1544,45,3,0,1,0.9019411,,
714305508,46,$40K - $60K,6,3706,81,3,3,0,0.0012627244,,
712202433,46,Less than $40K,3,3687,68,3,0,0,0.000924446,,
716600733,47,Less than $40K,3,2572,43,3,2,1,0.99692625,,
778372158,49,$40K - $60K,6,4747,91,3,0,0,0.00054242584,,
714176133,47,Less than $40K,5,4220,87,2,0,0,0.00035638086,,
708969633,42,$80K - $120K,6,4544,80,5,0,0,0.00025368697,,
715765758,54,Less than $40K,5,4217,72,2,0,0,0.0011933924,,
803097333,41,$80K - $120K,3,5089,82,3,3,0,0.003793731,,
710411358,39,$40K - $60K,4,2164,45,2,2,1,0.6970129,,
715660308,54,Less than $40K,5,2612,33,3,0,1,0.9966401,,
711866358,42,$40K - $60K,4,4429,78,2,3,0,0.027668037,,
710738883,52,Less than $40K,4,4222,61,2,0,0,0.004757518,,
717822108,60,Less than $40K,3,4613,85,2,0,0,0.0007413462,,
714407058,40,$80K - $120K,3,3821,81,2,3,0,0.00021879314,,
710744433,48,Less than $40K,5,4077,78,2,0,0,0.00030034076,,
778959258,51,Less than $40K,5,2585,45,3,2,1,0.9957146,,
713320008,48,$80K - $120K,3,4172,66,3,3,0,0.0051659737,,
766795983,46,Less than $40K,4,4692,91,2,3,0,0.0006607799,,
716256483,50,Unknown,6,4232,80,2,0,0,0.00020418776,,
712364283,54,$40K - $60K,5,3960,79,3,0,0,0.00036056648,,
714620358,37,Less than $40K,3,2196,47,3,0,1,0.9653306,,
709145958,43,Less than $40K,2,1533,42,2,2,1,0.9853795,0.13918453,Low priority
709787733,54,Unknown,3,4043,76,2,3,0,0.00045191313,,
809071083,60,Less than $40K,4,4592,90,1,0,0,3.4433855e-05,,
721165608,51,$60K - $80K,3,3969,78,6,2,0,0.0011420153,,
716668308,39,Unknown,3,3151,39,2,2,1,0.9892753,,
708760458,47,$80K - $120K,4,3692,79,3,2,0,0.0031294627,,
720333783,51,Less than $40K,3,3822,50,1,3,0,0.011076777,,
789212883,30,Less than $40K,6,2533,44,1,3,1,0.77024823,,
711341433,34,Unknown,6,3901,77,3,0,0,0.00029973005,,
720235608,60,Less than $40K,4,4470,58,3,3,0,0.026371915,,
716890533,49,Less than $40K,6,5377,86,2,0,0,0.0027561279,,
708491508,51,$60K - $80K,3,3856,68,3,3,0,0.00057285716,,
718542858,50,$80K - $120K,6,4623,84,3,3,0,0.001242651,,
717750858,32,Less than $40K,3,3769,78,3,0,0,0.00049997476,,
712450008,50,Unknown,5,2438,41,2,2,1,0.9968065,,
827628408,40,$80K - $120K,3,3672,64,3,0,0,0.0017911982,,
713492583,34,Less than $40K,5,2308,35,2,2,1,0.9865123,,
718054833,50,$120K +,6,2916,65,3,2,0,0.03170093,,
788770908,45,$60K - $80K,6,4275,67,2,0,0,0.002462043,,
710175783,45,Unknown,4,4303,59,2,0,0,0.009040019,,
715429608,45,Less than $40K,4,3520,66,3,3,0,0.0011347813,,
714058308,43,Less than $40K,5,1941,53,3,0,1,0.9661443,,
717965808,65,$40K - $60K,5,5783,73,1,2,0,0.5062073,,
709265208,47,Less than $40K,4,4422,59,3,0,0,0.010753013,,
713114133,42,Less than $40K,4,2092,38,2,2,1,0.9978131,,
721349883,51,Less than $40K,3,3672,59,2,0,0,0.03448471,,
758965158,44,$80K - $120K,4,4396,83,2,3,0,0.0004850527,,
749722908,43,$120K +,3,4054,68,3,3,0,0.0015542797,,
709495833,44,Less than $40K,5,1944,36,2,2,1,0.99880576,,
717575958,50,$40K - $60K,6,2349,42,3,2,1,0.995955,,
714406158,53,Unknown,4,2269,42,3,2,1,0.99963963,,
767243208,42,Less than $40K,3,4193,79,2,0,0,0.00026173127,,
711515433,55,Less than $40K,3,4320,85,1,0,0,0.00027439187,,
720190908,59,$60K - $80K,6,4699,72,2,2,0,0.0027047484,,
818814933,58,$40K - $60K,3,3112,79,3,3,0,0.003807781,,
719794383,60,Less than $40K,6,5039,85,2,3,0,0.008084104,,
709766808,49,Unknown,4,3819,82,3,3,0,0.00087107345,,
709666908,42,Unknown,3,4669,93,3,0,0,0.00046869225,,
794653983,44,Less than $40K,3,5245,80,1,0,0,0.001512257,,
716593533,56,$80K - $120K,4,3651,76,1,3,0,0.0010665831,,
714113658,52,$80K - $120K,3,3992,76,3,0,0,0.0003988662,,
708776658,54,$80K - $120K,6,4444,70,3,3,0,0.0040545342,,
712225008,55,$60K - $80K,6,3998,80,6,2,0,0.0014117708,,
787450758,57,$60K - $80K,3,4712,88,3,3,0,0.003736691,,
789099783,43,Less than $40K,6,4117,70,3,0,0,0.0015845267,,
711751533,47,Less than $40K,3,4784,75,1,0,0,0.0005954079,,
708367908,56,Less than $40K,6,4390,82,1,0,0,0.00019628296,,
714951858,44,Less than $40K,5,4047,56,1,3,0,0.014398269,,
720436008,54,Less than $40K,4,4196,81,6,2,0,0.0024882227,,
718984533,37,$80K - $120K,6,4552,100,2,3,0,0.0004411148,,
716982483,49,Less than $40K,3,4497,79,4,3,0,0.0005828814,,
708681708,51,Less than $40K,5,1977,29,3,2,1,0.99383897,,
720202008,47,$40K - $60K,4,4377,88,3,0,0,0.0050449953,,
714483033,45,Unknown,3,4660,85,2,3,0,0.0021130927,,
711468708,38,$40K - $60K,4,1986,52,3,2,1,0.99542433,,
821724483,48,$40K - $60K,2,1455,34,3,2,1,0.9776053,0.2505505,Low priority
716402508,49,Less than $40K,4,4265,87,3,0,0,0.00044465938,,
721189008,41,$80K - $120K,4,4578,67,2,3,0,0.010711277,,
712867983,54,Less than $40K,6,5177,66,1,2,0,0.0031888555,,
713814408,39,$80K - $120K,6,3667,66,2,3,0,0.0016292367,,
716671983,38,$80K - $120K,3,4141,65,3,3,0,0.0017317284,,
708252108,64,$40K - $60K,6,4065,65,3,3,0,0.005615335,,
717212958,55,$80K - $120K,6,3153,57,3,0,0,0.24998298,,
713048733,50,$120K +,3,4054,75,1,3,0,0.001723558,,
779841483,55,Unknown,1,2238,36,3,2,1,0.99741566,0.5505697,Test
710701233,44,Unknown,3,3890,72,1,3,0,0.00015143707,,
718837683,55,$120K +,6,2394,50,3,2,0,0.79370666,,
718127958,58,Unknown,4,4174,85,2,3,0,0.00030469056,,
718685358,51,Less than $40K,6,4488,84,1,3,0,0.00020912301,,
771559158,58,$80K - $120K,3,4769,80,1,0,0,0.0005349358,,
710138883,47,Less than $40K,5,1835,43,2,2,1,0.96282005,,
711197658,53,$40K - $60K,5,4198,68,1,0,0,5.475726e-05,,
709045683,42,Unknown,3,3921,63,2,3,0,0.012939485,,
708272808,45,Less than $40K,4,3542,59,2,0,0,0.008448151,,
720292983,60,Less than $40K,6,4929,61,1,0,0,0.0075840433,,
709112508,42,Less than $40K,3,2165,36,3,2,1,0.97097766,,
712840608,55,Less than $40K,6,4078,85,2,3,0,0.00094961555,,
788920308,51,Less than $40K,3,4368,75,2,0,0,0.0006756091,,
718160358,51,Less than $40K,5,2492,35,3,2,1,0.99895084,,
719325783,65,Less than $40K,4,1909,28,2,0,1,0.9272305,,
712885533,50,$80K - $120K,6,3291,62,3,3,0,0.011893898,,
719268333,49,Less than $40K,5,4205,88,3,2,0,0.0006724602,,
721004133,38,Less than $40K,6,4093,73,2,3,0,0.00087572,,
714103908,54,Less than $40K,4,4515,74,2,3,0,0.0017555258,,
771502383,54,Less than $40K,3,4884,80,5,0,0,0.0012493262,,
713014533,54,$40K - $60K,6,3557,64,3,3,0,0.0037159228,,
713980383,49,Unknown,1,1902,28,2,2,1,0.9992107,0.21964574,Low priority
711294258,43,Less than $40K,3,4780,88,3,0,0,0.0009770469,,
719954733,43,$80K - $120K,5,4435,68,6,2,0,0.00071397424,,
711561933,57,Less than $40K,6,4256,70,6,0,0,0.0012298774,,
826077033,46,Less than $40K,1,2423,39,0,2,1,0.996523,0.47265935,Test
711555483,43,Unknown,3,4551,83,3,3,0,0.0046652467,,
715194183,53,Less than $40K,3,2423,43,3,2,1,0.99522793,,
716929233,43,$40K - $60K,3,5235,92,3,0,0,0.0012677037,,
709014558,49,$60K - $80K,3,4383,82,3,3,0,0.00087709917,,
710636208,51,$120K +,3,3847,74,5,2,0,0.004127795,,
815525508,46,Less than $40K,2,3894,60,1,2,0,0.051244393,0.5700302,Priority
718746933,56,Less than $40K,6,3441,66,3,0,0,0.0028797733,,
715686183,46,$40K - $60K,6,4795,65,2,3,0,0.025329575,,
741778458,54,Less than $40K,3,3406,57,2,0,0,0.005138624,,
801056358,51,$80K - $120K,6,3851,75,1,3,0,0.00021083298,,
709486158,33,Less than $40K,5,4530,72,1,3,0,0.0016698153,,
713826183,41,$40K - $60K,4,2242,44,3,2,1,0.9981927,,
803342358,55,$60K - $80K,3,3382,56,1,0,0,0.03826433,,
780292683,55,$120K +,3,984,24,4,2,1,0.971763,,
788646858,41,Less than $40K,6,4275,61,3,0,0,0.004267286,,
711116133,50,Less than $40K,3,2461,47,2,3,1,0.9657551,,
708584208,36,Less than $40K,5,2367,41,2,0,1,0.9935168,,
789097833,39,Less than $40K,4,4230,93,3,3,0,0.00030172613,,
709443633,38,Less than $40K,5,4770,62,1,3,0,0.0052576642,,
767280633,46,Less than $40K,5,4378,96,2,0,0,0.00032328576,,
713096583,40,Less than $40K,4,2294,40,3,2,1,0.99555534,,
721033908,58,$60K - $80K,6,4552,82,3,0,0,0.0009453092,,
756025233,43,Less than $40K,5,2437,44,3,2,1,0.9744454,,
711977508,56,Less than $40K,1,2141,40,2,0,1,0.9985441,0.25157797,Low priority
772076208,58,$80K - $120K,6,3677,70,3,3,0,0.0009985298,,
710666583,29,Less than $40K,3,2321,36,2,0,1,0.9774774,,
712369308,48,$40K - $60K,4,1969,38,3,2,1,0.8119974,,
794784633,61,$40K - $60K,6,4478,77,1,0,0,0.00017184282,,
716437533,51,$80K - $120K,5,4101,88,3,3,0,0.001891349,,
715109508,44,Unknown,3,5347,96,1,3,0,0.00016896856,,
795392433,35,Unknown,3,4651,69,1,3,0,0.0012382576,,
712721358,48,Less than $40K,5,2059,43,3,0,1,0.98473734,,
720118908,26,Less than $40K,5,3477,65,2,2,0,0.00319938,,
799486158,39,Less than $40K,4,4222,65,2,0,0,0.0032908092,,
718980633,38,$80K - $120K,3,4835,84,3,3,0,0.0020115958,,
717336408,51,Less than $40K,5,2452,44,3,0,1,0.9724162,,
709546608,37,Less than $40K,6,4803,64,5,2,0,0.006152219,,
823624158,53,Unknown,3,4579,78,2,3,0,0.0017809675,,
771688983,53,Less than $40K,4,4201,68,1,0,0,0.00027564363,,
708701358,39,Less than $40K,3,4000,79,2,0,0,0.00032474345,,
712048008,56,$40K - $60K,3,4127,69,2,0,0,0.00056747656,,
710712783,52,Less than $40K,3,3904,76,3,0,0,0.00078985584,,
716626008,51,Unknown,4,4243,102,3,0,0,0.00036008967,,
718284408,43,Less than $40K,5,3970,68,2,0,0,0.0008903264,,
717414933,51,Less than $40K,3,3818,61,3,0,0,0.011066262,,
713032233,53,Less than $40K,5,4812,83,1,0,0,0.00017212982,,
714234858,54,Less than $40K,5,4735,84,1,0,0,0.00022851148,,
714818058,36,$40K - $60K,3,4591,74,3,3,0,0.0018686374,,
708731658,53,Less than $40K,3,1587,42,3,2,1,0.9811164,,
708706833,39,Unknown,4,2466,40,3,2,1,0.99355376,,
780100533,46,$80K - $120K,5,3586,67,2,3,0,0.0038559292,,
711712983,56,$80K - $120K,6,4503,80,2,3,0,0.0004635308,,
712549758,40,Unknown,6,3749,61,2,3,0,0.008290242,,
713348433,42,$40K - $60K,6,4477,62,3,0,0,0.0024148996,,
820599333,43,Less than $40K,6,4469,85,2,3,0,0.0003186888,,
787261008,43,$60K - $80K,4,4446,75,3,2,0,0.0018522737,,
778343958,47,Less than $40K,3,3866,72,3,3,0,0.00079953833,,
788407833,49,Unknown,5,4025,79,3,3,0,0.00080238294,,
760807608,48,Less than $40K,5,4751,83,3,0,0,0.0013862249,,
771108933,47,Less than $40K,5,4385,71,3,0,0,0.003708155,,
715954158,48,$40K - $60K,3,2433,29,2,2,1,0.99172467,,
715499058,36,$40K - $60K,4,2775,33,3,2,1,0.99753976,,
717995958,47,Unknown,5,4397,72,1,0,0,0.00033884824,,
718736883,49,Less than $40K,4,3421,61,1,0,0,0.0006277978,,
721045608,51,Less than $40K,6,4554,75,3,0,0,0.0028482175,,
715215108,54,Less than $40K,4,4899,68,3,0,0,0.008661758,,
795823383,43,Less than $40K,5,3888,63,1,3,0,0.0030469846,,
718338708,49,$40K - $60K,5,3380,73,2,3,0,0.00202976,,
713588958,40,Less than $40K,4,3655,70,1,0,0,0.00019707432,,
710120358,40,$60K - $80K,6,2229,37,2,2,0,0.4588811,,
809582058,48,$40K - $60K,5,4410,73,2,0,0,0.0006562978,,
709199358,60,Less than $40K,1,1684,19,3,2,1,0.9965634,0.1818793,Low priority
821889858,50,Unknown,6,2493,44,4,0,1,0.98419636,,
815324433,46,Less than $40K,6,4200,86,3,3,0,0.0015825658,,
793656633,35,Unknown,3,5101,76,3,0,0,0.00062984147,,
713246208,65,$40K - $60K,6,4548,54,2,2,0,0.024318619,,
711493158,52,$60K - $80K,5,4926,90,2,0,0,0.0006647713,,
721163133,44,Unknown,6,3948,60,3,3,0,0.07333879,,
826417233,35,Less than $40K,3,5089,71,3,0,0,0.0030453252,,
711619608,45,$80K - $120K,6,4584,84,3,3,0,0.0011918679,,
712244733,56,Less than $40K,4,4412,73,1,0,0,0.00025135736,,
709638783,50,$40K - $60K,4,4056,92,3,0,0,0.0004629523,,
720296808,52,Unknown,3,2554,47,3,2,1,0.95460165,,
718926258,37,Unknown,4,4627,90,3,3,0,0.0005104299,,
714706083,44,$60K - $80K,5,4284,75,3,2,0,0.0017671282,,
721473783,35,Less than $40K,3,4614,75,1,3,0,0.0016282488,,
712230408,42,$120K +,3,3700,80,2,2,0,0.0004835706,,
716186883,48,$40K - $60K,3,4120,78,6,0,0,0.00030356352,,
715204083,47,Less than $40K,3,4990,80,2,3,0,0.0027030625,,
709283358,43,Less than $40K,6,2473,42,2,2,1,0.9943269,,
817887408,39,Less than $40K,3,3485,84,1,3,0,0.00014241325,,
789481233,39,$40K - $60K,5,2859,55,3,3,1,0.843624,,
718184883,48,Less than $40K,5,3878,63,2,3,0,0.015521992,,
821157183,42,Less than $40K,5,4698,88,2,0,0,0.0006871055,,
709837308,34,Unknown,6,3833,71,1,3,0,0.002616038,,
779491908,47,Unknown,5,4272,59,2,3,0,0.012830851,,
718399233,43,$40K - $60K,6,4152,77,3,3,0,0.0013045676,,
779447358,50,Less than $40K,3,4486,93,3,0,0,0.00051993266,,
710661333,55,Unknown,4,2513,47,3,2,1,0.9108279,,
789114408,50,$40K - $60K,3,4693,82,1,3,0,0.0011802887,,
710570058,44,Less than $40K,3,2512,37,2,2,1,0.99802715,,
712681608,54,Less than $40K,5,4011,70,4,2,0,0.003523733,,
709086933,40,Less than $40K,4,4209,72,2,0,0,0.0015863117,,
709179708,40,$60K - $80K,3,3622,75,1,3,0,0.00035170623,,
711206958,41,Unknown,3,4163,73,1,0,0,0.00027476414,,
823928058,52,Less than $40K,3,4509,79,2,2,0,0.0014005463,,
796330983,41,Less than $40K,3,4785,85,1,0,0,0.00012403917,,
771284658,47,Less than $40K,6,2613,41,2,2,1,0.98397195,,
779307558,53,$40K - $60K,4,4806,81,3,3,0,0.0051922,,
788846508,48,$40K - $60K,6,4567,81,1,0,0,0.00021748198,,
783500283,62,$80K - $120K,5,5041,74,3,3,0,0.0026928857,,
802247658,59,$40K - $60K,4,2599,43,5,2,1,0.9963199,,
795573333,41,$80K - $120K,6,4142,67,2,3,0,0.002139176,,
721366308,50,$40K - $60K,4,3702,64,3,3,0,0.00282756,,
720377433,38,Less than $40K,4,4593,74,2,0,0,0.0015801567,,
711243108,50,$80K - $120K,5,3835,78,3,3,0,0.0017080447,,
789351783,40,Less than $40K,3,4518,88,2,0,0,0.000198543,,
719699208,39,Less than $40K,5,4423,65,3,0,0,0.0025961811,,
720774183,40,Less than $40K,6,4300,69,2,0,0,0.0002931271,,
713590158,41,$60K - $80K,5,2042,40,2,2,1,0.81192017,,
715547058,35,Less than $40K,4,2707,51,3,2,1,0.9850034,,
815596608,48,$40K - $60K,4,4615,72,1,3,0,0.0015485089,,
718921683,49,$80K - $120K,6,4816,49,6,2,0,0.22699977,,
720031908,55,$60K - $80K,5,4326,74,1,3,0,0.0003595722,,
716716083,58,$80K - $120K,6,4578,84,2,0,0,0.0007080255,,
819969933,43,$40K - $60K,4,4193,67,2,3,0,0.0041571576,,
714382608,35,Less than $40K,4,4315,85,2,0,0,0.0002545092,,
720092283,40,Less than $40K,4,4379,78,2,0,0,0.00042654196,,
720531633,55,Less than $40K,4,2665,36,2,0,1,0.9972408,,
718508883,43,Less than $40K,6,2306,47,3,2,1,0.9893462,,
708794133,46,Less than $40K,3,3197,50,1,0,0,0.030318689,,
713447583,48,$40K - $60K,5,5480,58,3,0,0,0.12920855,,
716107158,32,Less than $40K,5,3098,46,1,2,1,0.6956958,,
712713108,61,Unknown,6,4802,85,2,0,0,0.00066892256,,
719245083,53,Less than $40K,4,4087,74,3,0,0,0.0012954243,,
708269583,42,Less than $40K,6,4014,86,2,0,0,0.00028252954,,
720234708,45,$120K +,6,2429,50,3,2,1,0.9495165,,
709436883,56,$40K - $60K,6,5000,87,2,0,0,0.0013614887,,
714140133,42,Less than $40K,3,4678,74,1,0,0,0.0002971168,,
716136333,40,Less than $40K,5,2725,41,2,0,1,0.99240065,,
715031433,57,$80K - $120K,6,4664,60,3,2,0,0.055412665,,
810667158,40,$40K - $60K,3,4344,75,1,0,0,0.00043931472,,
715253433,48,$80K - $120K,5,5266,79,2,3,0,0.0037996308,,
809937933,42,$40K - $60K,4,4384,82,3,0,0,0.00058228505,,
708997833,49,$40K - $60K,5,4045,62,3,3,0,0.007703557,,
718296558,44,$40K - $60K,4,2345,33,3,2,1,0.9941082,,
780086658,43,$60K - $80K,3,2060,39,2,2,1,0.9777083,,
708754833,48,Unknown,3,4583,72,4,0,0,0.00374541,,
788638908,43,Less than $40K,4,4278,71,2,0,0,0.00066131883,,
715607958,45,Less than $40K,6,4385,78,1,0,0,0.0001680008,,
708515358,40,Less than $40K,6,4216,82,3,3,0,0.00092496525,,
716357058,53,$80K - $120K,4,2955,56,3,3,0,0.34631214,,
714569958,38,Less than $40K,6,3852,65,2,0,0,0.011223273,,
716822583,39,Less than $40K,4,3648,74,2,3,0,0.0021337343,,
721109358,39,$60K - $80K,6,4162,87,2,3,0,0.00046224656,,
827635083,59,Unknown,4,4222,75,3,0,0,0.0009977681,,
715492983,40,$120K +,4,4348,62,2,3,0,0.044860773,,
712234308,54,Unknown,6,4767,90,1,3,0,0.00020941874,,
708334158,46,Less than $40K,4,3068,58,2,3,0,0.019482942,,
812488608,44,Less than $40K,6,4908,73,1,0,0,0.0006907195,,
793345008,44,Less than $40K,4,4287,80,1,3,0,0.00020727566,,
715487733,44,$40K - $60K,6,2287,42,3,2,1,0.9970746,,
788856408,50,Unknown,5,4264,75,5,3,0,0.0010686758,,
708154833,39,Less than $40K,1,2336,46,3,2,1,0.99648535,0.48677385,Test
721147383,37,Less than $40K,4,4087,81,2,0,0,0.00027908452,,
803973483,49,Less than $40K,4,4496,83,2,2,0,0.00068568904,,
788941983,36,$40K - $60K,1,2425,50,3,3,1,0.99003524,0.42867023,Test
715603233,53,$40K - $60K,6,4436,74,1,0,0,0.00032901185,,
709945458,52,$60K - $80K,3,4791,82,1,3,0,0.00018616133,,
714614133,53,Less than $40K,3,2128,39,3,2,1,0.99794143,,
768167358,37,$60K - $80K,6,4301,86,3,0,0,0.00018642955,,
737967708,52,$40K - $60K,5,4087,86,1,0,0,0.00016137968,,
712920633,49,$40K - $60K,4,4348,79,1,3,0,0.00026690023,,
780373233,39,Less than $40K,5,4985,90,3,0,0,0.00017670267,,
721384308,39,$40K - $60K,4,4763,86,1,0,0,0.0003961371,,
712242633,42,Less than $40K,6,3911,76,1,0,0,0.00042670828,,
713610933,40,Less than $40K,3,4277,90,2,3,0,0.0006770842,,
714257958,41,Less than $40K,4,4220,68,2,3,0,0.0013513885,,
772172883,46,$40K - $60K,6,4893,93,2,3,0,0.002011435,,
720204558,45,Less than $40K,4,4597,77,1,0,0,0.00017771345,,
779635533,38,Unknown,5,5125,71,1,0,0,0.0014963783,,
804658833,53,Less than $40K,5,4068,73,1,3,0,0.0009157385,,
756691608,37,Unknown,5,4816,81,3,3,0,0.0014735613,,
806219808,52,$120K +,5,5146,88,6,0,0,0.0021975825,,
826266483,39,Unknown,6,4586,81,2,3,0,0.0014009646,,
775152708,49,$80K - $120K,2,1835,43,3,2,1,0.9987299,0.566339,Priority
787596558,50,$120K +,5,4748,85,2,3,0,0.0014670639,,
803205258,51,Unknown,4,4348,86,3,0,0,0.0010312884,,
716041908,54,Less than $40K,5,4383,75,2,0,0,0.0017340264,,
708837858,44,Less than $40K,5,4423,68,2,0,0,0.001089743,,
828227433,50,$60K - $80K,6,4957,84,2,3,0,0.006657408,,
714487458,49,$40K - $60K,6,2306,39,4,2,1,0.99690837,,
711390333,59,$80K - $120K,5,2331,45,4,2,1,0.9919956,,
787974108,37,$40K - $60K,4,2374,40,2,2,1,0.9870596,,
714036258,47,Less than $40K,4,4255,64,1,0,0,0.00061216654,,
788752833,52,Less than $40K,6,3857,69,3,0,0,0.0012581695,,
773108958,55,$40K - $60K,4,4439,75,1,0,0,0.0002879243,,
782437008,41,Unknown,6,4717,83,2,0,0,0.0006934917,,
710729358,40,Unknown,6,2539,42,3,2,1,0.9897456,,
827423433,41,Less than $40K,5,3668,67,1,2,0,0.0004909898,,
756919683,48,Less than $40K,6,4339,86,1,3,0,0.00024487634,,
779219208,38,Less than $40K,5,4811,86,1,3,0,0.0003070052,,
712342833,52,Unknown,5,4042,80,3,3,0,0.00063563086,,
721121283,37,$40K - $60K,4,4289,81,1,0,0,0.00013550269,,
790006383,45,$80K - $120K,4,4221,67,3,3,0,0.0017231667,,
756989583,41,$40K - $60K,4,4418,68,2,3,0,0.0016147147,,
717477783,49,Less than $40K,1,1563,36,2,2,1,0.99327576,0.41962275,Test
716614683,49,$60K - $80K,5,3847,73,3,3,0,0.0012106536,,
789942033,43,$60K - $80K,5,2237,43,3,2,1,0.98747814,,
740784258,47,Less than $40K,4,4191,90,3,0,0,0.0003191823,,
711336033,26,Unknown,3,4080,72,3,3,0,0.0006954849,,
768141558,51,$40K - $60K,4,4220,74,3,0,0,0.0002804839,,
717179508,33,Less than $40K,6,4011,68,1,0,0,0.00022512767,,
716520033,52,$80K - $120K,6,4639,61,4,0,0,0.0073834145,,
783625008,51,$120K +,4,3444,71,2,3,0,0.00161775,,
769330908,49,Less than $40K,5,4134,62,3,0,0,0.0069410503,,
789396783,30,Less than $40K,3,4729,78,3,0,0,0.00027008593,,
709310433,65,Less than $40K,3,4480,76,2,3,0,0.0006037019,,
713094483,43,$40K - $60K,3,4741,78,2,3,0,0.007712758,,
770753733,42,Less than $40K,4,4854,85,3,0,0,0.0013240693,,
712659408,57,$40K - $60K,3,4578,81,3,0,0,0.0007660121,,
768475383,62,$40K - $60K,6,4007,74,1,3,0,0.005251062,,
779655183,48,$80K - $120K,6,4054,82,1,3,0,0.00021204562,,
711278283,61,Less than $40K,5,4705,65,1,3,0,0.011079791,,
713345508,43,Less than $40K,4,4471,83,3,0,0,0.000424965,,
711379083,60,Less than $40K,5,5124,74,3,0,0,0.0026929998,,
789144633,45,$80K - $120K,3,2001,34,2,3,0,0.6840555,,
708393633,41,Less than $40K,4,4625,94,2,0,0,0.00040440532,,
708657033,60,Less than $40K,5,3837,71,3,0,0,0.0021119295,,
717949008,40,$40K - $60K,5,2341,43,2,2,1,0.9982666,,
788866983,63,Less than $40K,5,3383,61,2,3,0,0.013613489,,
751283658,42,$40K - $60K,4,4306,73,3,0,0,0.00079106935,,
718243533,48,$60K - $80K,3,3880,74,3,2,0,0.0013545932,,
779754408,44,$40K - $60K,3,4349,69,2,0,0,0.00053474074,,
794866983,51,Unknown,6,3812,67,2,3,0,0.0020465613,,
711832533,42,$80K - $120K,3,3748,62,3,3,0,0.00524311,,
788552658,46,Less than $40K,3,4562,86,3,0,0,0.00042328774,,
715415508,42,Unknown,3,4301,71,3,2,0,0.0018877436,,
719962458,44,Less than $40K,3,4869,70,2,0,0,0.0011736149,,
712734933,43,Less than $40K,5,1952,39,2,2,1,0.9831165,,
717410508,43,$60K - $80K,4,3303,70,3,2,0,0.0027251355,,
711796683,50,Less than $40K,5,4311,73,4,3,0,0.0038701135,,
709407933,51,$80K - $120K,5,4544,80,3,2,0,0.0039325575,,
810493458,52,Unknown,6,4388,72,1,3,0,0.00036942458,,
720494058,51,Less than $40K,4,4781,79,3,3,0,0.0026244824,,
717050883,60,Less than $40K,5,4183,71,2,0,0,0.0017326287,,
713163258,38,Unknown,4,1959,52,3,3,1,0.98701817,,
715659333,43,$40K - $60K,3,4508,69,3,0,0,0.021465613,,
712414908,45,Unknown,4,4992,80,2,3,0,0.0033698361,,
720175008,48,$40K - $60K,3,4055,66,1,2,0,0.00061207986,,
719876808,43,$80K - $120K,5,3902,62,2,3,0,0.028597998,,
713334483,46,$60K - $80K,5,2263,35,2,2,1,0.99294853,,
708360108,50,$40K - $60K,3,4869,90,1,0,0,0.00024564078,,
720676158,34,Unknown,6,5223,89,3,3,0,0.0030330184,,
716631708,56,$60K - $80K,4,4027,67,3,0,0,0.0017039889,,
713025558,53,Less than $40K,3,1935,47,2,2,1,0.998434,,
710506683,47,$40K - $60K,3,4543,75,1,3,0,0.00013765949,,
712428333,49,$80K - $120K,3,4041,75,3,0,0,0.001098063,,
718041033,47,Less than $40K,6,5363,76,1,0,0,0.00064246106,,
709169133,35,Unknown,3,3995,82,3,3,0,0.000599763,,
718164858,42,Less than $40K,5,4642,97,3,0,0,0.0003664828,,
809565183,52,Less than $40K,3,2650,43,3,2,1,0.9978751,,
778377183,49,$120K +,5,4846,92,2,3,0,0.00044686112,,
712845258,41,$80K - $120K,5,4161,71,3,3,0,0.0014660939,,
716915133,42,Less than $40K,5,4397,70,3,2,0,0.0026419933,,
771403008,52,$60K - $80K,4,4409,75,1,3,0,0.0006876021,,
787441383,52,Less than $40K,3,3989,62,1,0,0,0.00059204263,,
711345258,52,$40K - $60K,3,4751,85,3,3,0,0.004288446,,
713685033,44,Less than $40K,3,1848,38,2,2,1,0.99712294,,
718205283,48,$40K - $60K,6,5035,76,3,3,0,0.0020999028,,
708337683,51,$60K - $80K,4,3820,62,2,3,0,0.010830871,,
720941433,53,Less than $40K,3,2312,43,3,2,1,0.99745995,,
710201058,46,Less than $40K,3,4198,65,3,0,0,0.0019072735,,
785218458,44,$40K - $60K,4,4333,77,1,0,0,0.00015361278,,
770740308,49,$40K - $60K,3,4691,92,3,0,0,0.00019542094,,
787493808,48,Less than $40K,5,2396,49,2,0,1,0.984852,,
708846183,48,$60K - $80K,4,4006,68,2,0,0,0.0008524274,,
810586833,38,Unknown,6,3429,78,2,3,0,0.0010883667,,
711151383,34,Less than $40K,3,2157,37,2,2,1,0.9972633,,
712425258,46,Less than $40K,6,4260,72,1,0,0,0.00025016864,,
772063308,45,$60K - $80K,5,4155,79,1,3,0,0.00025347326,,
718574808,33,Less than $40K,4,4327,74,3,0,0,0.00056675874,,
717131283,43,$40K - $60K,5,4712,67,1,3,0,0.0018344756,,
798996183,61,Less than $40K,4,4069,80,2,0,0,0.0002960347,,
716831508,47,$40K - $60K,4,3492,59,1,0,0,0.0012179596,,
715297908,41,Unknown,4,2534,52,2,0,1,0.9673565,,
813234108,45,Less than $40K,4,3895,70,1,0,0,0.00045590676,,
711027183,50,$40K - $60K,4,4946,80,3,3,0,0.0025417951,,
718812708,57,$120K +,5,1882,48,3,2,1,0.9428376,,
709505808,45,Unknown,5,1918,31,3,2,1,0.9583478,,
711267633,50,Less than $40K,5,2271,36,4,2,1,0.99684286,,
719613783,51,Less than $40K,3,4211,64,2,3,0,0.005561894,,
719035758,53,Less than $40K,5,4917,78,1,0,0,0.00024113277,,
708473133,55,Less than $40K,4,4588,68,2,3,0,0.0013516035,,
712996833,40,Unknown,4,4309,86,2,0,0,0.00031214172,,
720963258,52,Less than $40K,3,2675,37,2,2,1,0.9976935,,
819606258,48,$60K - $80K,5,3876,55,3,2,0,0.023399597,,
714634983,44,Unknown,3,2403,48,3,2,1,0.9906989,,
806428908,60,Unknown,3,5049,75,3,2,0,0.010152982,,
710903358,65,Less than $40K,5,3709,77,2,3,0,0.00041102344,,
712676208,46,Less than $40K,6,4084,79,3,0,0,0.0007691918,,
709005633,62,$60K - $80K,3,2112,52,2,2,1,0.6427264,,
712102983,47,Less than $40K,6,3832,87,3,3,0,0.0005311422,,
754480233,50,$40K - $60K,5,4742,62,2,3,0,0.10868889,,
719042208,43,$60K - $80K,4,4565,65,3,0,0,0.0040868293,,
716251608,45,Less than $40K,6,4355,87,1,3,0,0.00024321013,,
715537383,46,$120K +,5,3934,78,1,3,0,0.0009414128,,
709460883,38,Less than $40K,5,2437,46,2,2,1,0.99524707,,
789325008,49,Less than $40K,5,3645,82,3,3,0,0.000353628,,
719195733,47,$60K - $80K,5,4948,85,1,0,0,0.00034654816,,
787665258,47,Less than $40K,1,2393,36,2,2,1,0.9991467,0.40625533,Low priority
710226708,55,Less than $40K,5,4573,93,2,0,0,0.00015343155,,
711982383,62,$60K - $80K,3,4694,79,3,2,0,0.0013486228,,
716345283,55,$60K - $80K,5,4277,66,1,2,0,0.0004985613,,
816850458,33,$60K - $80K,6,2448,40,2,2,1,0.9846005,,
710842308,41,$40K - $60K,4,4150,83,3,0,0,0.00084033987,,
713132133,54,Less than $40K,3,5103,81,2,0,0,0.0009313586,,
788874333,55,$120K +,3,4313,67,1,3,0,0.00039851517,,
717987258,43,$40K - $60K,5,4503,67,2,0,0,0.0009566735,,
793712658,52,$80K - $120K,4,1821,36,2,2,1,0.80173945,,
708324483,47,Less than $40K,3,4420,71,3,2,0,0.0018665699,,
768612258,52,Less than $40K,3,4171,78,3,0,0,0.00094199425,,
719659758,45,$40K - $60K,6,4194,72,1,0,0,0.0003363749,,
711313158,50,Unknown,5,4962,74,1,3,0,0.00827816,,
716483358,44,$40K - $60K,5,5481,68,1,3,0,0.03291991,,
719829633,42,Less than $40K,5,5026,79,3,0,0,0.0021886597,,
812465958,53,Unknown,5,4960,83,2,3,0,0.0008113907,,
786536808,51,$80K - $120K,3,3928,82,3,3,0,0.0011067268,,
807369708,52,$120K +,3,4009,74,2,3,0,0.0016636155,,
711397533,52,Less than $40K,4,3410,62,2,0,0,0.07190708,,
711740508,50,$40K - $60K,6,4615,82,2,0,0,0.0005018148,,
715233108,38,$60K - $80K,4,4121,83,1,3,0,0.00020935904,,
813807258,50,$40K - $60K,6,4670,82,3,3,0,0.0013623039,,
769183908,51,Unknown,6,4321,58,3,3,0,0.008216056,,
718451133,48,$60K - $80K,4,3899,68,5,2,0,0.0010191323,,
721115733,47,$60K - $80K,5,3698,79,3,0,0,0.00041458991,,
720085233,51,Unknown,6,2167,38,3,2,1,0.98973,,
717036408,36,Unknown,6,4560,81,3,3,0,0.0013256749,,
714427608,45,Unknown,5,4888,78,3,3,0,0.0014121467,,
780019908,53,Less than $40K,6,4657,82,3,3,0,0.0005766656,,
827898033,54,Unknown,4,2465,54,0,3,1,0.92300457,,
720302883,53,Less than $40K,4,4585,78,3,0,0,0.001188387,,
715893633,47,Less than $40K,4,4755,81,3,0,0,0.0018450111,,
720730683,51,Unknown,5,4997,84,3,3,0,0.0036845272,,
720638283,40,Less than $40K,4,4568,83,3,0,0,0.0005309947,,
789053883,43,$60K - $80K,4,3692,84,2,3,0,0.00034364595,,
719286708,50,Less than $40K,4,4498,76,5,0,0,0.00061378535,,
713952558,53,Unknown,3,2128,40,3,0,1,0.990279,,
793395933,59,Less than $40K,4,4208,69,3,0,0,0.0042055612,,
813895458,49,Unknown,6,4617,89,3,3,0,0.0016222254,,
771733608,47,$40K - $60K,3,2276,40,3,2,1,0.99626935,,
710102208,56,$60K - $80K,3,4464,75,2,3,0,0.0016329569,,
719511783,48,Unknown,3,4916,78,2,0,0,0.0009799341,,
712849158,55,$80K - $120K,4,2186,44,3,2,1,0.97758144,,
783070833,34,$40K - $60K,5,4408,86,2,0,0,0.0003218312,,
713419908,58,Unknown,3,4537,72,2,2,0,0.0020167162,,
789345408,39,$40K - $60K,5,4983,53,3,0,0,0.050937913,,
720992883,47,Less than $40K,4,4805,76,3,0,0,0.0030071482,,
803652633,47,Less than $40K,4,5124,70,2,0,0,0.0016115938,,
789248958,37,$40K - $60K,3,5259,89,2,0,0,0.00168947,,
716178483,41,$40K - $60K,4,4334,71,3,3,0,0.0035068546,,
715440558,50,Less than $40K,3,3940,74,1,0,0,0.00033815522,,
711535158,46,Unknown,5,1955,42,3,2,1,0.98636705,,
713647083,53,Unknown,5,3696,80,2,3,0,0.00043352527,,
718311933,53,Less than $40K,6,2587,43,2,0,1,0.9971795,,
718404783,59,Unknown,5,2384,33,2,2,1,0.9911691,,
817332483,63,Unknown,6,2445,43,4,2,1,0.9956623,,
710015733,41,Less than $40K,3,3142,37,3,3,1,0.882001,,
794965233,51,Less than $40K,6,1927,44,3,2,1,0.95718616,,
710512833,38,Less than $40K,6,5178,79,1,3,0,0.00024265565,,
710803008,40,Less than $40K,6,4372,68,3,0,0,0.0010375669,,
712987608,51,Less than $40K,3,4263,84,3,0,0,0.00055612705,,
716974383,41,$80K - $120K,3,1911,35,2,0,0,0.012584001,,
720930633,58,Less than $40K,5,2341,37,4,2,1,0.99871504,,
710136258,33,Less than $40K,6,2833,43,2,3,1,0.99041814,,
779438208,38,Less than $40K,4,4606,75,3,0,0,0.00043612169,,
721017333,42,Less than $40K,4,4606,83,2,0,0,0.0005860838,,
720952608,44,Less than $40K,6,4396,68,1,0,0,0.00030237375,,
712886733,44,Less than $40K,3,4268,87,3,0,0,0.00037873938,,
810545733,47,Unknown,3,4228,63,3,0,0,0.005925261,,
822132858,41,$80K - $120K,1,2205,43,2,2,1,0.9955344,0.5152143,Test
713526258,47,$120K +,3,2020,33,3,2,1,0.9939976,,
712877733,48,$80K - $120K,6,4407,84,3,3,0,0.0013127845,,
713339283,54,$60K - $80K,4,4135,71,3,3,0,0.0041718804,,
720473433,59,Less than $40K,5,4955,78,1,0,0,0.00026889888,,
780584658,33,$40K - $60K,4,2077,61,2,0,1,0.89852923,,
711824358,44,Less than $40K,3,4524,70,3,3,0,0.0039474876,,
789990333,43,$40K - $60K,5,4469,80,2,3,0,0.000994756,,
721332033,42,$80K - $120K,4,4411,67,2,3,0,0.003489602,,
709612983,41,$40K - $60K,5,2265,41,2,2,1,0.9795934,,
771058908,55,$40K - $60K,3,4563,72,3,0,0,0.0057352204,,
715471833,50,$80K - $120K,5,4525,67,1,3,0,0.0028065771,,
711781233,53,Unknown,6,5221,87,1,3,0,0.0029464734,,
713947908,33,$80K - $120K,6,4426,91,2,3,0,0.00027369923,,
709741608,51,$80K - $120K,3,3739,53,1,3,0,0.012489129,,
709333608,58,Unknown,6,4983,84,2,0,0,0.00053249317,,
709688883,45,$80K - $120K,4,2174,39,3,2,1,0.99527895,,
716269308,56,Less than $40K,4,4192,90,2,0,0,0.0003103583,,
708692583,44,Less than $40K,3,2312,44,3,2,1,0.9980788,,
709892658,48,Less than $40K,5,4495,67,3,0,0,0.0021402633,,
713815383,53,$80K - $120K,3,2147,44,2,2,1,0.9934813,,
710183283,55,Less than $40K,5,5032,84,1,3,0,0.00041624857,,
711937158,49,$60K - $80K,5,4837,87,3,3,0,0.003646141,,
771486933,64,Less than $40K,5,3942,84,3,0,0,0.0002581794,,
717450633,47,$60K - $80K,3,1920,39,2,0,1,0.97095317,,
718421808,56,Unknown,6,4611,73,3,0,0,0.0020236522,,
716403633,60,Less than $40K,5,4467,69,3,0,0,0.000738062,,
717646983,59,Less than $40K,4,2720,53,3,2,1,0.93315864,,
778837083,50,$80K - $120K,3,2078,62,3,2,1,0.33455107,,
768632958,59,Unknown,3,2508,49,4,2,1,0.979887,,
715622508,52,$80K - $120K,6,2094,32,4,2,1,0.9745052,,
708402333,48,Unknown,6,4782,88,2,3,0,0.00026658154,,
708946008,46,Less than $40K,5,2445,39,2,0,1,0.99338645,,
715625658,49,Less than $40K,3,4603,87,1,3,0,0.00033383624,,
789599283,44,Unknown,5,3406,62,3,0,0,0.0071564093,,
708960858,40,$80K - $120K,3,4786,85,2,3,0,0.0016422387,,
814840833,44,$120K +,4,2393,37,3,2,1,0.982272,,
772082208,39,$120K +,4,4254,82,2,3,0,0.0006662539,,
711597183,43,$80K - $120K,5,4571,72,3,3,0,0.0023657312,,
712110333,37,Unknown,4,2568,48,1,2,1,0.9779168,,
718673358,35,$80K - $120K,5,2137,52,3,2,1,0.41943836,,
712479633,31,Less than $40K,3,2428,43,1,3,1,0.950548,,
716108283,53,Less than $40K,6,4833,82,3,0,0,0.002707783,,
779360808,49,Less than $40K,3,4937,75,3,0,0,0.0020492568,,
716352033,49,Less than $40K,3,4869,78,3,0,0,0.0024248103,,
716643033,41,Less than $40K,3,2981,40,3,0,1,0.981941,,
711567333,43,$60K - $80K,5,4581,70,3,0,0,0.0020637556,,
788756133,44,Less than $40K,4,4400,60,1,0,0,0.0008797005,,
755437533,48,Less than $40K,3,5005,77,3,0,0,0.00058828265,,
713573508,41,$40K - $60K,4,1740,43,2,2,1,0.98671895,,
709430508,40,$40K - $60K,1,1849,50,2,2,1,0.93179715,0.47988793,Test
710645583,44,Unknown,5,4349,75,1,3,0,0.0002575348,,
714253983,44,$40K - $60K,4,3675,59,2,3,0,0.018489001,,
771566208,48,Less than $40K,3,4681,74,1,3,0,0.0006744537,,
713314533,40,$60K - $80K,6,1993,41,2,2,1,0.98257256,,
720725883,34,Less than $40K,5,4177,68,2,0,0,0.0009714688,,
708539583,44,Unknown,6,3979,63,1,3,0,0.0025540846,,
716747283,44,Less than $40K,5,5059,79,2,0,0,0.00037226346,,
787519683,41,Less than $40K,3,4727,78,2,0,0,0.0006824307,,
721044333,34,Less than $40K,5,4905,91,2,3,0,0.00017689957,,
713679633,41,Less than $40K,6,1813,51,3,2,1,0.9891936,,
711126483,37,Less than $40K,4,5136,76,3,0,0,0.0005658107,,
814191333,55,$120K +,5,2153,41,4,2,1,0.98962116,,
715040208,49,Unknown,6,4115,72,3,2,0,0.0017028813,,
710769258,40,Unknown,4,3895,75,2,3,0,0.000714464,,
715227633,36,Less than $40K,5,4240,60,2,3,0,0.040224355,,
708635058,53,Less than $40K,4,4798,85,1,0,0,0.00017420764,,
709051533,46,$40K - $60K,6,4956,92,3,0,0,0.00029965892,,
718940208,55,Unknown,6,3551,68,1,3,0,0.00018935777,,
712361583,47,$80K - $120K,3,3756,67,3,3,0,0.041465227,,
708390633,52,Less than $40K,5,4219,69,5,0,0,0.005141872,,
720281508,44,Less than $40K,3,4625,91,1,0,0,8.490701e-05,,
720885558,51,$40K - $60K,5,4885,74,1,0,0,0.00047112568,,
709781208,34,Less than $40K,5,5409,82,3,3,0,0.025296018,,
710086308,46,$40K - $60K,6,4680,87,2,3,0,0.00050577824,,
713282733,37,$40K - $60K,4,4341,64,3,0,0,0.0029013462,,
815812683,47,$120K +,5,5072,77,3,3,0,0.0015361251,,
708204033,36,Less than $40K,3,4132,70,1,0,0,0.00017560537,,
720040158,47,$60K - $80K,3,4633,71,3,3,0,0.005967053,,
755996583,57,Less than $40K,5,2574,43,0,2,1,0.9854375,,
711359058,46,Less than $40K,3,4622,71,2,0,0,0.0021187016,,
714064908,57,Less than $40K,4,4813,84,2,0,0,0.00045020206,,
717074283,45,Unknown,5,2566,49,2,2,1,0.9806771,,
765847383,50,$120K +,4,4425,78,5,2,0,0.002800048,,
789531633,53,Less than $40K,4,5218,88,1,3,0,0.0012287527,,
820593033,43,$40K - $60K,3,4496,64,1,3,0,0.0007983054,,
710078358,36,Less than $40K,5,4095,88,1,0,0,0.00012470853,,
715025208,56,Less than $40K,5,4168,63,3,0,0,0.0072240043,,
709596783,46,$40K - $60K,5,4444,78,1,3,0,0.0003377285,,
715960308,53,Less than $40K,3,2016,49,3,0,1,0.92337716,,
716653758,55,$60K - $80K,3,4226,74,3,3,0,0.0016714034,,
787268733,52,$40K - $60K,5,4535,85,1,0,0,0.00016007134,,
789923058,53,$40K - $60K,3,2474,44,3,2,1,0.9976941,,
771079833,40,Less than $40K,3,4332,78,3,3,0,0.0005625072,,
710507733,42,$60K - $80K,3,4038,68,3,3,0,0.001408782,,
779269158,43,Unknown,4,2237,39,2,2,1,0.9914756,,
711627558,40,Less than $40K,5,3968,73,1,0,0,0.00027278118,,
710536983,49,Less than $40K,6,4423,67,3,0,0,0.009144499,,
712237458,47,$120K +,3,3752,78,2,3,0,0.001222142,,
778289883,42,Less than $40K,3,2528,41,3,2,1,0.9977704,,
714154533,45,Unknown,6,4478,56,1,0,0,0.004055813,,
803657133,60,$40K - $60K,6,4757,75,3,0,0,0.0016953666,,
769053033,44,$40K - $60K,3,2104,44,2,2,1,0.73267996,,
713613258,46,$80K - $120K,6,4461,71,1,3,0,0.0002873783,,
768544833,45,Less than $40K,6,4531,77,2,0,0,0.0003861192,,
720782658,42,$60K - $80K,4,5079,80,2,0,0,0.0009861365,,
768162108,49,$120K +,5,2451,50,3,2,1,0.9492163,,
710511858,58,Less than $40K,3,4741,88,3,0,0,0.0012628562,,
714516033,53,$120K +,4,4412,87,2,3,0,0.00016391391,,
788630958,44,$40K - $60K,3,3264,67,1,3,0,0.003106819,,
717646008,61,Unknown,6,4338,67,2,3,0,0.0026808186,,
712290258,49,Less than $40K,5,4056,67,1,0,0,0.00027004574,,
716292033,37,Less than $40K,6,4815,84,2,3,0,0.0010421765,,
780372408,43,Less than $40K,6,4317,69,2,3,0,0.0026117258,,
720853158,38,Unknown,6,4576,70,3,3,0,0.0037481063,,
823507833,44,$60K - $80K,4,4510,79,3,3,0,0.0008207412,,
711111633,60,$40K - $60K,5,3844,75,2,3,0,0.0007900821,,
709904508,59,$40K - $60K,5,4190,71,3,0,0,0.00087804405,,
712022883,37,$40K - $60K,4,4555,82,1,3,0,0.00029057666,,
712173108,48,$40K - $60K,3,4228,82,1,0,0,0.00010035507,,
714156633,60,Unknown,3,4533,79,3,3,0,0.0029850134,,
714581358,48,Less than $40K,3,2204,36,3,2,1,0.99897563,,
713256033,39,Unknown,5,3955,74,3,0,0,0.0008139966,,
825831933,52,Less than $40K,4,4528,81,2,3,0,0.0006019745,,
720274158,42,Less than $40K,4,3879,76,2,3,0,0.00047270078,,
772394883,60,Unknown,3,2869,43,6,2,1,0.99832124,,
794253108,52,$40K - $60K,3,3851,78,3,3,0,0.0016247496,,
720899883,44,$40K - $60K,6,3770,82,2,3,0,0.001142663,,
714313608,36,Less than $40K,5,4356,74,3,0,0,0.0010658675,,
716602683,49,$40K - $60K,3,5092,70,3,0,0,0.004794546,,
715928808,42,Less than $40K,3,4580,75,5,3,0,0.0010751238,,
771899433,48,$80K - $120K,5,1263,27,2,2,1,0.8921317,,
714771708,36,Unknown,5,4281,69,3,3,0,0.0012995636,,
709711758,45,Less than $40K,3,1853,31,2,2,1,0.9992471,,
721137558,40,$40K - $60K,1,2011,42,2,2,1,0.9959967,0.47486812,Test
820268358,48,Less than $40K,4,4534,75,1,0,0,0.00036271522,,
709273383,54,Unknown,3,4136,77,1,3,0,0.00024991474,,
822959133,32,$40K - $60K,4,4508,83,3,0,0,0.00052063464,,
720491958,34,Less than $40K,4,4302,74,3,3,0,0.0020689978,,
713607108,46,Less than $40K,6,4486,61,1,0,0,0.0007940211,,
709729533,47,$40K - $60K,4,2169,49,3,2,1,0.97723776,,
717890583,48,$40K - $60K,4,4671,93,1,0,0,0.00015668462,,
718384233,52,$40K - $60K,4,4258,58,2,3,0,0.017316746,,
713401758,45,$120K +,6,4897,75,2,0,0,0.0022810358,,
773257233,46,Less than $40K,4,3534,70,2,2,0,0.0009793316,,
713556033,36,Less than $40K,5,3959,59,2,0,0,0.013669515,,
719265108,42,Less than $40K,6,4430,94,3,3,0,0.0006217933,,
778740708,39,Less than $40K,3,4203,69,3,0,0,0.0009517079,,
710952933,43,Less than $40K,5,4226,75,2,0,0,0.00035869368,,
720991833,48,Less than $40K,4,2603,53,3,0,1,0.9242711,,
779954658,56,$80K - $120K,4,4714,82,3,3,0,0.011364334,,
714204108,45,Less than $40K,3,3859,55,3,0,0,0.015806185,,
805546308,65,Less than $40K,3,4554,83,3,0,0,0.0016681944,,
716244933,54,Unknown,3,4674,87,5,2,0,0.0015946901,,
712018233,42,Unknown,3,4697,94,3,3,0,0.0041750236,,
802878408,53,$40K - $60K,6,4116,88,2,3,0,0.0006793626,,
719504433,63,$40K - $60K,4,3434,71,3,2,0,0.0042742454,,
794558658,49,Less than $40K,3,4783,86,1,0,0,0.00015123015,,
711634008,42,Less than $40K,6,4591,70,2,3,0,0.002942109,,
708260208,43,Less than $40K,4,4321,76,3,0,0,0.00046185148,,
713435058,49,Less than $40K,5,4715,66,2,0,0,0.0017409282,,
719656533,44,$60K - $80K,6,4149,79,2,3,0,0.0011497374,,
719709558,48,$40K - $60K,3,4518,79,1,3,0,0.00017606006,,
710311233,44,Unknown,3,4498,86,3,3,0,0.0014995664,,
719216508,55,Less than $40K,5,4960,77,2,0,0,0.003216801,,
713105508,46,$60K - $80K,4,3754,53,3,3,0,0.014899637,,
710719683,49,$40K - $60K,3,4460,88,3,3,0,0.000691031,,
817892208,35,Less than $40K,5,4006,72,1,3,0,0.0003928291,,
714102183,50,$120K +,1,1872,41,2,2,1,0.99877125,0.28292897,Low priority
715410783,55,Less than $40K,5,2400,34,2,2,1,0.99507445,,
718202658,47,$120K +,3,5265,98,2,3,0,0.0010252226,,
719445633,60,Less than $40K,4,4919,69,2,3,0,0.002126962,,
709820658,45,$80K - $120K,3,3785,64,2,2,0,0.0030218589,,
718481283,51,Less than $40K,5,5210,73,1,0,0,0.0007221004,,
789300408,41,Less than $40K,3,4293,87,2,0,0,0.00047019697,,
711970533,54,Less than $40K,3,4365,71,2,0,0,0.00019659461,,
815088483,28,Less than $40K,4,3864,64,1,0,0,0.00018648217,,
717139608,50,Less than $40K,3,4635,65,2,0,0,0.005460681,,
717626508,44,Less than $40K,3,5495,87,3,3,0,0.008006724,,
767668908,46,Unknown,3,1552,32,4,2,1,0.95849603,,
712484733,47,$60K - $80K,6,4674,85,2,3,0,0.0053911167,,
716216958,48,$60K - $80K,6,4386,63,1,3,0,0.001212634,,
714246333,58,Unknown,1,2107,39,4,2,1,0.9969242,0.49301282,Test
718693683,65,$40K - $60K,4,3918,74,1,0,0,0.00050628645,,
716298633,56,Less than $40K,5,5774,84,2,0,0,0.006837791,,
755661933,48,$40K - $60K,5,2434,45,3,2,1,0.9940601,,
712914783,43,$40K - $60K,4,4743,82,1,3,0,0.0012490829,,
711240108,41,$60K - $80K,3,4800,61,2,3,0,0.030117592,,
721396758,35,Less than $40K,3,5062,80,1,0,0,0.00024152185,,
715636533,48,Less than $40K,4,4833,73,1,3,0,0.011540436,,
711508608,50,Less than $40K,3,4351,74,5,0,0,0.0010833895,,
716669658,51,Less than $40K,6,2760,38,3,0,1,0.9789475,,
718212633,45,$40K - $60K,5,3635,79,2,0,0,0.0006163645,,
708357183,47,Less than $40K,4,3511,64,2,3,0,0.0073269843,,
713629533,35,Less than $40K,3,4321,83,2,0,0,0.00065076473,,
771450708,58,$40K - $60K,5,4363,73,3,3,0,0.0011689278,,
711311883,48,Less than $40K,5,3299,63,2,3,0,0.0154367,,
802673508,57,$120K +,3,2460,39,5,2,1,0.99799407,,
708113208,53,Less than $40K,3,4375,69,2,3,0,0.001281228,,
788786208,46,Unknown,6,4725,85,3,3,0,0.0013753152,,
720043533,39,$60K - $80K,6,4211,66,2,3,0,0.0007111422,,
801083133,57,Less than $40K,5,3691,69,3,0,0,0.0016562617,,
716246733,57,Less than $40K,4,4681,71,2,0,0,0.00068084337,,
807157833,56,Unknown,5,4284,73,1,3,0,0.001368106,,
721032633,55,$40K - $60K,5,2590,50,3,0,1,0.74601835,,
828285858,41,Less than $40K,3,4053,66,1,0,0,0.00043022784,,
718890933,45,Less than $40K,3,2429,38,2,3,1,0.9974923,,
711148308,52,$60K - $80K,4,4173,77,2,3,0,0.000394964,,
712810233,40,Less than $40K,3,4258,80,2,0,0,0.000297844,,
714098883,45,$40K - $60K,5,4773,80,2,0,0,0.0005846892,,
779327733,43,$60K - $80K,4,3861,81,3,0,0,0.0002207547,,
716364408,59,Less than $40K,4,4155,62,1,3,0,0.0022695982,,
710461083,56,Less than $40K,4,4333,84,1,3,0,0.00043140815,,
709306983,44,Less than $40K,6,4721,81,3,3,0,0.006043737,,
769035933,54,Less than $40K,5,3507,68,3,2,0,0.0027752328,,
813182658,49,Less than $40K,4,4408,79,2,0,0,0.00045430986,,
781110408,39,Less than $40K,5,5048,75,3,3,0,0.0071462058,,
818007783,49,$40K - $60K,6,4683,89,2,0,0,0.00027610367,,
708862233,44,$40K - $60K,3,5161,83,3,3,0,0.011756294,,
714006333,42,Less than $40K,5,2289,41,2,2,1,0.99859554,,
770596458,45,Less than $40K,4,2362,39,3,0,1,0.9889721,,
789392883,38,Less than $40K,4,4650,71,1,0,0,0.00014092286,,
803805483,46,Unknown,3,4697,67,3,2,0,0.05826969,,
709534083,58,Less than $40K,3,1844,41,2,2,1,0.98917,,
710579583,57,Less than $40K,3,4420,86,2,0,0,0.00025751907,,
708949908,50,$120K +,1,2073,44,3,2,1,0.9960962,0.48320287,Test
711907083,53,$80K - $120K,3,2950,64,3,2,0,0.044390026,,
718696458,52,Less than $40K,4,3822,68,2,0,0,0.00058179634,,
710611683,43,Less than $40K,6,4279,83,1,0,0,0.00014073083,,
721511883,40,Less than $40K,6,4981,79,2,3,0,0.0013618934,,
779116158,49,Less than $40K,5,4331,85,2,3,0,0.00068158895,,
720193533,41,$60K - $80K,4,3358,62,1,3,0,0.00086909824,,
753094533,51,$80K - $120K,3,3531,73,3,2,0,0.0054560523,,
719545983,31,Unknown,5,4798,82,3,3,0,0.0034913304,,
716494383,49,$40K - $60K,3,4399,78,2,3,0,0.0009683611,,
769892058,40,$80K - $120K,4,4564,65,2,3,0,0.028998522,,
709098108,45,Unknown,4,4749,80,2,3,0,0.0022001194,,
715705683,56,Less than $40K,4,4578,70,3,0,0,0.0012566958,,
715724808,49,$80K - $120K,5,4370,83,2,3,0,0.00035415296,,
717123858,36,$40K - $60K,5,4045,62,1,3,0,0.0006930547,,
716236683,46,Less than $40K,4,4143,71,2,0,0,0.0011466985,,
771224358,54,Less than $40K,3,4030,78,1,3,0,0.00039010227,,
779310033,42,Less than $40K,3,1788,36,2,2,1,0.99801373,,
710595783,46,Unknown,4,4659,76,1,3,0,0.0003569783,,
711409833,45,Less than $40K,3,4838,71,1,3,0,0.00091462716,,
721174008,37,$120K +,4,4495,77,3,3,0,0.0067708474,,
714192933,55,Less than $40K,3,1976,44,3,2,1,0.99927074,,
709632483,49,Less than $40K,3,4457,84,2,0,0,0.00034758795,,
718431258,41,$60K - $80K,4,3662,74,3,0,0,0.0012498349,,
817029108,47,$40K - $60K,4,3804,67,6,2,0,0.0018707286,,
796931508,42,$60K - $80K,4,2593,48,3,2,1,0.99113536,,
769577358,31,Less than $40K,4,4358,89,2,0,0,0.00021646418,,
815589558,50,$80K - $120K,6,4097,70,3,0,0,0.00090249523,,
714287583,41,Less than $40K,3,1852,38,2,2,1,0.99926096,,
718975083,47,Less than $40K,6,2133,44,4,2,1,0.9836609,,
715315008,40,$40K - $60K,6,3870,70,3,3,0,0.0011919701,,
779252283,47,Less than $40K,6,5201,82,3,0,0,0.00047555027,,
714031083,46,Unknown,3,1935,40,2,2,1,0.9969981,,
772442883,51,Unknown,2,2443,38,3,2,1,0.9984666,0.52985746,Test
714533058,53,Less than $40K,4,4606,86,2,0,0,0.00036318405,,
716570958,50,$60K - $80K,3,2351,39,2,2,1,0.99488896,,
710116833,59,$40K - $60K,5,2748,40,3,2,1,0.99786973,,
718586133,43,Less than $40K,6,4892,85,1,3,0,0.0007152808,,
773322558,59,Less than $40K,6,3964,69,1,0,0,0.0010546427,,
714554808,51,Less than $40K,3,4802,91,3,0,0,0.00029628008,,
717903108,57,Unknown,6,4689,65,1,3,0,0.13483506,,
815908908,47,Unknown,3,2613,50,4,2,1,0.97801685,,
771464808,35,Less than $40K,6,4161,71,3,0,0,0.00053051685,,
708234558,55,Less than $40K,5,4540,73,2,0,0,0.00075430505,,
715737258,41,Less than $40K,6,4917,84,3,3,0,0.007603394,,
710188308,51,Less than $40K,6,4927,73,2,0,0,0.0009855025,,
708670608,48,Unknown,4,5125,85,2,0,0,0.00072380627,,
714839808,51,Less than $40K,6,4317,64,1,0,0,0.00051496347,,
811140933,43,Less than $40K,4,5219,63,1,0,0,0.0020289565,,
788937933,39,Less than $40K,3,3566,81,1,3,0,0.0004335709,,
721527858,52,Less than $40K,3,2343,42,5,0,1,0.9921887,,
718265658,47,Less than $40K,3,4130,80,1,0,0,8.562799e-05,,
714312708,44,$60K - $80K,6,4493,68,3,0,0,0.007388697,,
715821183,42,Unknown,3,4083,68,3,3,0,0.0021865186,,
709487058,51,Less than $40K,6,3723,56,2,3,0,0.009287623,,
712675158,56,$60K - $80K,5,4160,75,3,3,0,0.000608251,,
826473858,44,$40K - $60K,6,4820,60,1,3,0,0.0071255635,,
817382958,47,Less than $40K,5,4894,89,1,3,0,0.00040772272,,
712927383,51,Less than $40K,3,1939,49,3,2,1,0.9865747,,
712894308,47,$80K - $120K,5,4345,75,3,3,0,0.003770053,,
712349808,44,Unknown,4,4176,76,1,3,0,0.00021085712,,
778780008,48,$60K - $80K,4,4164,66,3,0,0,0.0016552458,,
711430908,45,Less than $40K,3,2153,35,2,2,1,0.9945333,,
779670783,40,$80K - $120K,6,4700,71,2,3,0,0.0089229895,,
718757808,56,$40K - $60K,4,3875,67,3,0,0,0.006576758,,
779530908,48,Less than $40K,5,1897,58,2,2,1,0.94388884,,
716389833,50,Less than $40K,4,4099,74,1,0,0,0.00049145427,,
718469658,37,Unknown,4,4094,85,3,3,0,0.0005176165,,
809849358,55,Less than $40K,2,2719,36,6,2,1,0.99975663,0.2523009,Low priority
719772258,38,$80K - $120K,5,4517,79,1,3,0,0.00035452776,,
809363958,49,$40K - $60K,5,4177,66,1,3,0,0.0010157842,,
709165533,47,$120K +,6,4330,72,2,3,0,0.001219068,,
809846283,42,Less than $40K,3,4154,78,3,3,0,0.00031740466,,
708427908,52,Less than $40K,6,4643,86,3,0,0,0.00052923855,,
721228308,47,Less than $40K,5,2182,40,3,2,1,0.9878494,,
713374533,52,$40K - $60K,4,3913,90,2,0,0,0.00019025689,,
708708858,50,Less than $40K,1,2548,46,3,2,1,0.9983791,0.3926581,Low priority
721111233,52,$80K - $120K,6,4853,85,3,3,0,0.008517164,,
708538608,50,Unknown,6,4058,81,4,3,0,0.0008053048,,
718866633,46,$80K - $120K,5,4347,63,4,2,0,0.028596647,,
719100633,40,$120K +,3,3564,73,4,3,0,0.00065184385,,
789328083,42,Less than $40K,6,2826,39,3,2,1,0.99260944,,
822905058,29,Less than $40K,6,4702,85,3,0,0,0.0014576509,,
816549933,50,$80K - $120K,4,4342,82,2,0,0,0.00021993135,,
716421633,43,Less than $40K,4,3174,44,2,2,1,0.99229795,,
712667958,40,$120K +,4,3732,71,3,3,0,0.0010857023,,
809559933,45,Unknown,3,2526,41,5,2,1,0.99474806,,
819979458,35,Less than $40K,5,4419,75,2,0,0,0.0016081173,,
708100533,55,Less than $40K,3,4943,85,3,0,0,0.0012349572,,
778669608,49,$40K - $60K,6,5172,78,3,3,0,0.0066407514,,
802867683,53,$40K - $60K,5,4133,78,2,0,0,0.00047483886,,
711893358,46,$40K - $60K,6,4087,66,2,0,0,0.0018484005,,
785410158,50,Less than $40K,4,4172,65,3,3,0,0.008354119,,
718596858,53,$40K - $60K,5,5220,78,3,0,0,0.003220419,,
708338958,58,Less than $40K,5,3797,75,1,0,0,0.0001832409,,
714688833,47,Less than $40K,4,4892,95,2,3,0,0.0013727124,,
789662283,50,Less than $40K,3,2915,50,3,2,1,0.9955082,,
712805658,56,Less than $40K,4,4803,72,3,3,0,0.006452509,,
815598858,48,$40K - $60K,5,4035,74,1,0,0,0.00048527448,,
779412783,55,Less than $40K,4,4301,79,3,0,0,0.00071120495,,
780036483,38,Less than $40K,4,3928,69,5,0,0,0.0002822401,,
711527508,46,$40K - $60K,2,1794,31,3,2,1,0.9995652,0.19619513,Low priority
720768258,52,Less than $40K,5,4724,66,2,0,0,0.007059211,,
716023533,49,Unknown,6,4334,81,3,0,0,0.00032325462,,
714075708,48,$80K - $120K,4,4814,71,3,3,0,0.0034977733,,
787475433,36,Unknown,5,4855,69,2,3,0,0.004914685,,
787505133,36,$120K +,2,2595,49,2,2,1,0.8746813,0.4304865,Test
712241433,38,Less than $40K,4,4247,84,2,0,0,0.00019146288,,
807990108,44,$120K +,3,3197,61,2,2,0,0.123660415,,
719018208,52,Unknown,6,2516,36,4,2,1,0.9860839,,
716641983,55,Unknown,5,4835,84,3,3,0,0.0055699935,,
708989358,37,Less than $40K,3,4391,79,3,0,0,0.00031395777,,
708807483,51,$40K - $60K,5,3837,75,2,3,0,0.0012127536,,
715774833,41,Less than $40K,4,3797,74,1,0,0,0.00024449747,,
714733908,51,$60K - $80K,6,4537,75,6,3,0,0.0019749366,,
721067658,40,$60K - $80K,6,4051,81,1,3,0,0.00012534266,,
788997408,65,Less than $40K,6,4205,65,3,0,0,0.0015492936,,
719835033,46,$80K - $120K,5,4283,67,3,3,0,0.0044957884,,
771854808,45,$60K - $80K,6,3915,66,2,0,0,0.0014839655,,
717299958,49,$80K - $120K,3,4185,66,2,0,0,0.00033738997,,
720778458,49,$60K - $80K,6,4960,97,3,3,0,0.0006490515,,
713019783,41,$40K - $60K,3,4081,72,3,0,0,0.0008771568,,
770968383,41,$80K - $120K,3,2022,52,2,2,1,0.8176729,,
709747308,41,$60K - $80K,4,4726,64,4,2,0,0.09600502,,
801366783,51,Less than $40K,3,4329,80,3,0,0,0.00060645596,,
798786333,46,Less than $40K,6,3399,66,4,0,0,0.0042701256,,
771723408,37,Less than $40K,3,2645,60,2,2,1,0.9519707,,
715117008,39,$40K - $60K,4,4596,82,2,3,0,0.0015336091,,
713944833,46,$60K - $80K,3,4561,78,3,2,0,0.0039370265,,
713569158,43,$40K - $60K,1,2086,47,3,0,1,0.99337703,0.3009035,Low priority
713037333,63,$80K - $120K,6,3561,57,1,3,0,0.030667344,,
718267233,50,$120K +,4,3828,65,3,3,0,0.00086364936,,
709736658,37,$40K - $60K,6,4446,86,3,0,0,0.0003323304,,
710929233,33,Less than $40K,5,4253,83,2,0,0,0.00035412327,,
714290583,44,$60K - $80K,3,4391,85,2,0,0,0.00052942475,,
717972408,44,$80K - $120K,6,3792,78,3,0,0,0.0005064085,,
718626033,47,$60K - $80K,2,2802,52,3,2,1,0.98508346,0.4104492,Low priority
720008133,45,Unknown,4,4121,83,1,3,0,0.00027321168,,
710476908,39,Unknown,3,4754,78,3,3,0,0.0023743517,,
709888383,47,Less than $40K,3,4465,82,1,0,0,0.00037037637,,
788864508,52,Less than $40K,4,4997,79,2,0,0,0.00054782827,,
714010383,47,Unknown,5,1895,42,4,2,1,0.9910523,,
719549508,49,Less than $40K,4,4678,74,2,0,0,0.0011726292,,
718670808,59,Less than $40K,6,4817,81,1,3,0,0.00015132593,,
718211208,39,$120K +,6,4109,69,3,0,0,0.002063423,,
712578933,35,$40K - $60K,3,2500,44,2,2,1,0.9990037,,
709343433,39,Less than $40K,5,3837,74,3,0,0,0.00056225766,,
767488908,41,$80K - $120K,4,4345,72,2,3,0,0.002397277,,
719531133,46,$40K - $60K,4,4384,80,2,3,0,0.0011693811,,
719006508,34,$60K - $80K,5,4136,69,1,0,0,0.00026228832,,
721287183,49,Less than $40K,5,4863,87,2,3,0,0.0028133378,,
711144183,55,Unknown,1,2618,29,3,0,1,0.9963252,0.49253517,Test
709080783,56,Less than $40K,4,4723,78,1,3,0,0.00034871628,,
710520408,52,Unknown,5,4458,87,3,3,0,0.0006279336,,
785262333,46,$40K - $60K,5,2225,45,4,2,1,0.79840595,,
716513358,51,Unknown,5,4402,91,3,0,0,0.00020639984,,
719073483,45,$80K - $120K,3,2586,44,3,2,1,0.99782735,,
715372083,37,Less than $40K,3,4796,85,3,3,0,0.0019721359,,
780034083,48,$40K - $60K,3,4604,86,2,3,0,0.000875683,,
794581533,52,$60K - $80K,4,3882,90,3,0,0,0.00063709985,,
710013258,44,Less than $40K,3,4467,69,2,0,0,0.001176079,,
719084358,55,Less than $40K,6,2312,37,4,2,1,0.98980415,,
789173958,45,Less than $40K,4,4283,76,1,0,0,0.00021937554,,
789575583,43,Unknown,5,4437,64,1,3,0,0.00023527711,,
712434708,52,Less than $40K,5,2682,47,3,0,1,0.99256015,,
808675083,61,Unknown,5,3862,76,3,0,0,0.00097524957,,
710864358,51,Unknown,6,5074,81,6,3,0,0.007363009,,
712574583,34,Unknown,6,5192,70,1,3,0,0.0008596661,,
708412758,33,Less than $40K,5,2200,45,2,2,1,0.9906893,,
714389058,38,$40K - $60K,3,4322,85,3,3,0,0.0013813028,,
715767033,56,Unknown,5,4919,83,1,3,0,0.0002655405,,
779281233,45,Unknown,4,4353,80,3,0,0,0.00032529936,,
717147708,44,$60K - $80K,6,4250,81,3,3,0,0.00067163457,,
715029333,52,Less than $40K,4,4459,72,2,3,0,0.0016184318,,
806989008,30,Unknown,4,4108,82,1,3,0,0.00011504764,,
713158083,56,$120K +,2,2185,41,4,2,1,0.998161,0.455107,Test
771037008,46,$80K - $120K,3,4245,76,1,3,0,0.0004050628,,
710587458,34,$80K - $120K,4,4339,77,3,3,0,0.00035405572,,
710563458,43,Unknown,5,4210,81,3,3,0,0.0007251011,,
720010608,37,$40K - $60K,6,2243,44,2,2,1,0.95649976,,
710343783,37,Less than $40K,6,4610,65,1,3,0,0.0010153808,,
772578858,49,Less than $40K,3,3848,66,4,0,0,0.0023680471,,
708559533,40,$80K - $120K,6,4442,83,3,3,0,0.000565619,,
711939558,37,Less than $40K,3,2596,39,2,2,1,0.9990101,,
772143333,46,Less than $40K,6,4569,79,3,0,0,0.0006626368,,
711067383,53,$120K +,6,4167,74,2,3,0,0.0010201057,,
817041408,56,Unknown,3,4519,82,2,0,0,0.00050303317,,
771942333,65,Less than $40K,5,3855,63,2,3,0,0.0025107516,,
755247108,50,Less than $40K,4,4731,82,1,3,0,0.00023048541,,
715710708,50,$60K - $80K,6,4583,76,3,3,0,0.0015790188,,
713858733,61,$40K - $60K,4,4344,73,3,0,0,0.0007335466,,
717129333,35,$40K - $60K,3,4434,73,1,3,0,0.00065639254,,
716924958,65,Less than $40K,3,2288,48,0,2,1,0.1400754,,
719614758,45,$40K - $60K,3,4984,75,2,0,0,0.00076812645,,
721537683,50,Unknown,3,4002,67,3,2,0,0.0035599656,,
771500358,43,Less than $40K,5,4093,84,3,3,0,0.0007106629,,
711531858,48,Less than $40K,3,2132,37,3,2,1,0.98304754,,
715060158,41,Less than $40K,5,3853,76,2,0,0,0.0005186163,,
779725833,42,$60K - $80K,4,4946,73,3,3,0,0.009149858,,
716592558,52,Less than $40K,3,4501,68,3,0,0,0.00141557,,
771020133,45,Less than $40K,3,4440,79,3,0,0,0.0001847754,,
709153008,37,$40K - $60K,3,4683,76,3,0,0,0.0020543495,,
713394858,48,$40K - $60K,4,4581,60,2,3,0,0.12862548,,
721175283,59,Less than $40K,3,4489,58,1,0,0,0.002381596,,
715503558,57,Less than $40K,6,4127,71,2,0,0,0.005423238,,
819943458,57,$120K +,6,1777,37,4,2,1,0.77767146,,
717094758,40,Unknown,5,4453,84,3,3,0,0.0015202095,,
772073508,52,Less than $40K,5,2740,47,3,2,1,0.9994937,,
721351983,43,Less than $40K,5,2510,47,3,0,1,0.98621064,,
714477408,36,Less than $40K,3,2201,39,3,2,1,0.927824,,
718471758,49,$60K - $80K,5,3193,69,2,3,0,0.00063014793,,
711607833,43,$60K - $80K,5,4875,97,2,0,0,0.0005661157,,
708621408,39,Less than $40K,3,4173,82,2,3,0,0.00075950555,,
719277033,44,$40K - $60K,5,4558,62,3,3,0,0.022650592,,
813905508,57,Less than $40K,4,3735,73,3,0,0,0.0010795204,,
719761458,55,$60K - $80K,3,4329,61,2,3,0,0.00393343,,
708222558,37,Less than $40K,6,4191,77,2,0,0,0.00046597866,,
713937558,54,$40K - $60K,3,4318,74,3,3,0,0.003825336,,
709603608,34,$60K - $80K,6,4634,69,1,0,0,0.0005096698,,
804661083,50,$80K - $120K,3,4821,77,2,0,0,0.00044765775,,
720977358,50,Less than $40K,3,4269,78,2,0,0,0.0004252785,,
718420308,50,Less than $40K,3,4208,75,1,0,0,0.00029970636,,
714046608,49,$60K - $80K,5,3572,73,6,2,0,0.0011186299,,
718048608,41,Unknown,5,5120,74,3,3,0,0.0057632127,,
718497033,52,$120K +,5,3723,53,3,2,0,0.21760328,,
711801933,54,$40K - $60K,3,2092,42,3,2,1,0.98313576,,
716282208,54,Less than $40K,3,1702,36,6,2,1,0.9964144,,
789076083,50,Less than $40K,6,4608,84,3,0,0,0.00092232384,,
714045783,37,$40K - $60K,2,2160,46,2,2,1,0.99507517,0.5474694,Test
769720683,50,Unknown,5,4914,60,2,3,0,0.030335583,,
721092783,46,$80K - $120K,6,3982,68,3,3,0,0.0015541746,,
720243933,47,$60K - $80K,1,2784,49,3,2,1,0.999519,0.51431245,Test
818502708,51,$40K - $60K,5,4885,86,3,0,0,0.0006046849,,
712942308,42,$60K - $80K,6,3730,67,1,3,0,0.0005613701,,
714262533,28,Unknown,3,4252,78,4,0,0,0.00020404939,,
714708183,58,$60K - $80K,4,4070,74,3,2,0,0.0027992546,,
718285308,44,Less than $40K,6,3576,55,3,3,0,0.039337546,,
720595083,40,Less than $40K,4,4530,69,2,0,0,0.0008914974,,
787501758,51,Less than $40K,5,4188,68,2,3,0,0.0015100145,,
714990633,56,$80K - $120K,5,4382,82,3,0,0,0.00037605272,,
714652383,51,Less than $40K,5,4580,74,3,3,0,0.0015259114,,
788776008,43,$80K - $120K,6,4683,91,3,3,0,0.0009229907,,
709176108,56,Less than $40K,5,4586,79,3,2,0,0.0016716016,,
719354433,48,$80K - $120K,6,4042,78,3,3,0,0.0011689696,,
709368483,56,$40K - $60K,5,4323,77,2,3,0,0.00081852113,,
717621333,48,Less than $40K,5,4592,78,2,0,0,0.0006808606,,
716272158,41,$40K - $60K,5,2693,56,3,0,1,0.9465274,,
803355408,50,$60K - $80K,5,4813,77,3,0,0,0.0009475942,,
717073308,44,Less than $40K,5,4804,78,6,3,0,0.0019521865,,
789105183,54,$80K - $120K,3,4401,87,1,3,0,0.0005354658,,
721305408,48,Less than $40K,4,4761,81,2,3,0,0.0031555614,,
715739733,34,$40K - $60K,4,5293,88,1,0,0,0.00019579694,,
779217333,59,Less than $40K,6,3922,75,2,0,0,0.0005083222,,
712133508,41,$40K - $60K,5,4734,75,0,0,0,0.0003110322,,
714602658,39,Less than $40K,1,1998,36,2,2,1,0.9997918,0.20853125,Low priority
712446783,50,Less than $40K,5,2400,41,3,2,1,0.9734735,,
720049083,35,Unknown,5,2355,47,3,2,1,0.974772,,
824172258,34,Less than $40K,3,4495,77,1,3,0,0.0001874659,,
717695058,46,Unknown,3,4763,76,1,3,0,0.0013722283,,
719782458,49,$40K - $60K,3,3981,76,3,3,0,0.0011671776,,
718141983,49,$80K - $120K,6,5187,89,3,0,0,0.00031303932,,
718853358,42,Less than $40K,5,5104,85,1,0,0,0.00058247906,,
772539558,65,Less than $40K,3,4623,65,3,3,0,0.008208812,,
817094283,43,Less than $40K,5,5173,78,3,3,0,0.0022036938,,
716932308,38,Unknown,5,4460,79,1,3,0,0.0004669046,,
714738858,52,Less than $40K,6,4620,81,1,0,0,0.00023848418,,
772409733,39,$40K - $60K,4,4742,90,1,0,0,0.00021559699,,
717534108,48,$40K - $60K,3,4421,79,1,0,0,0.00014335621,,
816378033,46,$80K - $120K,6,1989,47,3,3,1,0.7876895,,
790141308,44,$80K - $120K,5,4436,79,3,3,0,0.0013727209,,
710770383,53,$40K - $60K,4,4915,92,3,0,0,0.00045337473,,
711351108,44,Less than $40K,3,4671,61,3,0,0,0.007845839,,
713744058,41,Less than $40K,6,5232,78,2,0,0,0.0041806297,,
708998583,47,Less than $40K,6,4141,87,2,3,0,0.0006752956,,
827451333,54,Less than $40K,3,2615,37,6,2,1,0.9989697,,
714228558,40,$80K - $120K,5,4749,82,3,3,0,0.003990212,,
797668983,42,Less than $40K,6,4396,70,2,3,0,0.0010919907,,
713023158,39,$40K - $60K,3,4239,78,1,0,0,0.0001120802,,
709982658,41,Less than $40K,4,4226,77,2,3,0,0.00041543672,,
715398858,57,Less than $40K,4,4360,78,3,0,0,0.0005663737,,
715615233,60,Less than $40K,5,4507,86,3,0,0,0.00067765004,,
710650608,51,$80K - $120K,4,4812,85,3,3,0,0.001321242,,
803214108,33,Unknown,6,5055,68,1,0,0,0.0005443767,,
717202083,46,$80K - $120K,2,2619,41,3,2,1,0.99891114,0.4102972,Low priority
719051733,63,$60K - $80K,4,5047,64,2,3,0,0.0075734304,,
789900633,49,$40K - $60K,5,4288,69,3,0,0,0.0023730304,,
789122808,41,$40K - $60K,5,2907,45,2,2,1,0.99212635,,
709902108,51,$80K - $120K,4,4927,70,3,3,0,0.009474421,,
713666058,46,$40K - $60K,6,4264,76,1,0,0,0.00020157841,,
711453783,41,Less than $40K,4,4666,74,2,0,0,0.0008244778,,
778936008,46,Unknown,3,5103,83,1,3,0,0.0015754888,,
708085458,34,Less than $40K,6,3940,82,2,3,0,0.0006586494,,
749067633,45,Less than $40K,3,4015,77,2,2,0,0.002074019,,
716170308,27,Unknown,5,4715,86,1,3,0,9.168807e-05,,
711507783,54,Less than $40K,3,1930,41,4,2,1,0.9994646,,
819752133,41,$80K - $120K,6,4695,73,2,0,0,0.00091404957,,
711061908,48,Less than $40K,6,4039,50,2,0,0,0.07396529,,
744231708,45,Less than $40K,3,4166,71,3,0,0,0.0011701867,,
716856408,39,Less than $40K,5,2392,44,2,2,1,0.9971886,,
711780108,46,Less than $40K,4,4792,81,3,0,0,0.011064635,,
715178733,47,Less than $40K,5,4817,77,3,0,0,0.0010904471,,
721418133,45,Less than $40K,6,4535,82,2,0,0,0.00036355003,,
720124758,49,$80K - $120K,5,2239,47,4,2,1,0.9874356,,
809068983,40,Less than $40K,3,5238,82,1,3,0,0.006334106,,
711052308,45,$60K - $80K,6,4453,75,3,0,0,0.0056917514,,
718967433,34,Less than $40K,3,4918,81,6,2,0,0.0015385924,,
709827933,44,$80K - $120K,3,3659,76,3,3,0,0.0009055609,,
787568433,42,$60K - $80K,3,4518,79,1,3,0,0.0004015666,,
720256158,47,Unknown,5,4279,75,1,3,0,0.0015149415,,
715435758,42,$80K - $120K,3,4711,77,1,0,0,0.00033518457,,
719505483,51,Unknown,6,4431,89,3,3,0,0.00095404335,,
721247883,52,$80K - $120K,4,3621,83,2,3,0,0.00069821207,,
772220433,44,$60K - $80K,6,4484,81,3,3,0,0.0014435757,,
789692283,47,Less than $40K,4,4655,66,3,3,0,0.04167715,,
815091333,48,Less than $40K,3,4705,77,1,0,0,0.00018262884,,
778732158,50,Unknown,4,4037,83,1,3,0,0.00019696217,,
715129233,51,Less than $40K,6,4748,74,3,0,0,0.0038570855,,
714083208,47,Less than $40K,5,4656,80,2,0,0,0.0005136543,,
716559108,47,Less than $40K,6,4296,68,2,0,0,0.0016926965,,
715102308,50,$40K - $60K,5,2245,47,1,0,0,0.15604785,,
768814983,39,Less than $40K,3,4284,85,1,0,0,0.00020017107,,
788744058,48,Unknown,3,4506,80,1,3,0,0.00019457348,,
782802033,45,Less than $40K,3,2108,55,2,0,1,0.27790383,,
708499608,49,$40K - $60K,6,4042,78,1,3,0,0.0010091609,,
794947683,35,Less than $40K,6,4541,60,3,0,0,0.0015963878,,
716442333,34,$40K - $60K,6,4977,88,2,0,0,0.0004799748,,
772189308,59,Less than $40K,5,4899,62,2,0,0,0.0015170693,,
721529583,52,$80K - $120K,6,3532,72,3,0,0,0.014996431,,
713578608,58,Less than $40K,6,4082,82,4,3,0,0.0009511726,,
718976283,51,Less than $40K,3,4388,66,2,0,0,0.0011529998,,
711505308,59,Less than $40K,5,4727,83,3,0,0,0.0005078149,,
711131958,50,$40K - $60K,4,4621,71,3,3,0,0.0077061267,,
714687858,49,Less than $40K,6,4538,82,1,3,0,0.00025986193,,
780289308,61,Less than $40K,1,2418,57,3,2,1,0.9817067,0.54717666,Test
708504783,47,$40K - $60K,3,3480,62,3,2,0,0.008033172,,
778857108,52,$40K - $60K,3,4337,81,2,3,0,0.00068774656,,
756598833,38,Less than $40K,6,5389,84,3,3,0,0.002006621,,
718748133,34,Unknown,5,3876,67,1,3,0,0.0002392259,,
714503433,57,Less than $40K,1,2212,43,3,2,1,0.99919647,0.43981087,Test
710869008,47,Unknown,5,5108,78,1,3,0,0.0020014788,,
779643858,55,Less than $40K,5,4100,82,5,0,0,0.00037336256,,
715250583,55,$80K - $120K,3,4277,59,2,3,0,0.008161322,,
714396558,57,Less than $40K,6,4683,87,2,3,0,0.0006434271,,
752766783,43,Unknown,5,4106,81,2,3,0,0.00030072502,,
715532208,65,Less than $40K,3,3807,61,3,2,0,0.0076352484,,
719130558,55,Less than $40K,5,4085,69,2,0,0,0.00067006215,,
806232408,54,Unknown,5,4022,65,1,3,0,0.0047780015,,
715497558,44,Less than $40K,6,2598,47,3,2,1,0.9920238,,
716303583,55,Less than $40K,5,4858,73,1,0,0,0.0005541988,,
713522058,39,Less than $40K,3,4299,59,2,0,0,0.009410972,,
719074308,37,Less than $40K,4,4621,73,2,3,0,0.0005560661,,
711881733,55,Less than $40K,3,4548,76,3,2,0,0.0012184248,,
710310108,46,Less than $40K,3,4665,89,3,0,0,0.00066906924,,
715814433,44,$80K - $120K,6,3565,83,2,3,0,0.0021025073,,
717252483,57,Less than $40K,3,2196,35,3,2,1,0.9766244,,
770874483,54,Unknown,4,4302,74,1,0,0,0.0004819124,,
719742108,38,Less than $40K,5,2372,44,2,2,1,0.9789315,,
711064008,48,Less than $40K,4,3616,68,3,3,0,0.007112628,,
717208833,34,Less than $40K,2,2703,56,2,3,1,0.9685481,0.56789047,Priority
709022883,44,Less than $40K,6,4257,89,3,3,0,0.00047108412,,
713653983,39,$60K - $80K,4,4342,87,2,3,0,0.00037584573,,
713463708,40,Less than $40K,4,2493,42,2,2,1,0.99762255,,
789143283,41,Unknown,4,4868,76,2,3,0,0.0012039836,,
778550583,43,$40K - $60K,6,4808,87,3,3,0,0.001457258,,
711181608,50,Less than $40K,3,4129,68,2,3,0,0.0012462308,,
711790308,54,Less than $40K,4,2538,49,3,2,1,0.94839406,,
779791908,47,$40K - $60K,6,4970,85,3,3,0,0.009945331,,
789515283,51,$60K - $80K,6,4784,69,1,0,0,0.00033786506,,
712046808,49,Unknown,1,2003,43,3,2,1,0.9940976,0.40091857,Low priority
712169883,43,$60K - $80K,3,4190,74,3,3,0,0.002060394,,
712637283,36,Less than $40K,6,5182,78,1,0,0,0.00017919892,,
715555833,47,Less than $40K,6,4167,86,3,3,0,0.00035588516,,
708712833,45,Less than $40K,4,4483,72,1,0,0,0.0011434713,,
717841683,49,$60K - $80K,6,3915,72,1,3,0,0.00026288367,,
708689958,48,Less than $40K,4,4748,88,3,0,0,0.00052158535,,
708888633,52,$80K - $120K,2,2724,38,3,2,1,0.9914595,0.57865214,Priority
721012983,46,$80K - $120K,6,3528,61,1,3,0,0.0013013,,
812406183,45,Less than $40K,5,2207,41,4,2,1,0.9954672,,
714595983,49,$40K - $60K,4,2030,37,3,2,1,0.9967141,,
715725858,43,Less than $40K,6,4893,76,2,0,0,0.0012207127,,
720270633,40,Less than $40K,5,2709,54,3,2,1,0.9880604,,
720269283,48,$40K - $60K,3,4351,86,2,0,0,0.00063584355,,
710142258,53,Less than $40K,5,4665,67,2,0,0,0.002159324,,
708525108,54,Unknown,4,4120,77,3,0,0,0.00054799486,,
709621008,48,$60K - $80K,6,4135,76,3,3,0,0.00073021586,,
717181833,39,Less than $40K,5,3768,59,2,3,0,0.005397497,,
711288558,45,Less than $40K,5,4670,77,2,0,0,0.00055631786,,
718653333,45,Less than $40K,1,2037,31,3,2,1,0.9996966,0.22430259,Low priority
766628733,56,$60K - $80K,3,4965,74,3,3,0,0.012569506,,
711724083,27,Less than $40K,6,1903,44,1,0,1,0.03188897,,
719690733,47,Less than $40K,4,4346,70,2,0,0,0.0007530058,,
770783508,48,$60K - $80K,6,4084,72,3,3,0,0.0012403481,,
713422083,30,Less than $40K,5,2560,59,3,3,1,0.66330415,,
718026858,52,Less than $40K,3,4751,80,2,0,0,0.0004873236,,
716028108,35,Less than $40K,6,4667,83,2,3,0,0.0013041395,,
712222758,38,Less than $40K,3,2500,47,2,2,1,0.99301004,,
718436133,44,Less than $40K,5,4289,71,2,0,0,0.0010209515,,
719313633,53,$40K - $60K,6,4244,53,2,0,0,0.07089935,,
814586958,43,Unknown,4,4624,75,3,0,0,0.0015128411,,
804344733,46,Less than $40K,3,4303,89,2,0,0,0.00033993492,,
717166383,40,$40K - $60K,5,5097,82,2,0,0,0.0005444524,,
713060283,43,$40K - $60K,5,3746,81,1,3,0,0.0002637684,,
713070033,56,Less than $40K,5,4830,79,3,0,0,0.0005696127,,
793625583,48,$40K - $60K,6,4674,67,1,0,0,0.0023869665,,
713918358,31,Unknown,6,4900,81,3,3,0,0.0014471173,,
714308283,41,$40K - $60K,5,4119,70,3,3,0,0.0038616373,,
714086133,47,Less than $40K,4,4576,83,2,0,0,0.00023863385,,
718872858,43,Less than $40K,5,4476,79,1,0,0,0.00017996535,,
718148358,50,Less than $40K,2,2447,41,3,2,1,0.99951315,0.35810328,Low priority
709665783,39,$40K - $60K,3,4800,70,1,3,0,0.0014722309,,
708483708,51,$120K +,5,4336,66,3,3,0,0.00740333,,
715347783,40,Less than $40K,3,3063,57,3,3,0,0.026120529,,
709054083,50,Less than $40K,6,4816,79,1,0,0,0.00013723891,,
807915408,41,$40K - $60K,6,4479,82,2,3,0,0.0015785596,,
794507133,37,$40K - $60K,4,2880,46,1,2,1,0.981752,,
712569408,56,$40K - $60K,4,4925,82,2,0,0,0.0007892927,,
788805108,47,$60K - $80K,5,4259,80,3,3,0,0.00092194433,,
710150208,44,Less than $40K,4,3834,69,1,0,0,0.00044126343,,
711825558,38,$80K - $120K,5,3595,65,2,0,0,0.0020703932,,
712891833,45,Less than $40K,3,3875,84,1,0,0,0.00010816223,,
719680908,47,Less than $40K,3,4878,84,1,0,0,0.00039282482,,
801053208,39,Less than $40K,3,4199,84,3,0,0,0.00040782325,,
758642733,48,Less than $40K,5,5163,73,1,0,0,0.00044317494,,
771201408,53,Less than $40K,3,5299,75,2,0,0,0.0021629927,,
789523683,51,$40K - $60K,3,4348,77,1,0,0,0.00015192304,,
767266758,41,Less than $40K,1,2473,49,3,2,1,0.99786735,0.52282995,Test
713732883,38,Less than $40K,4,4771,81,1,3,0,0.00021862904,,
720739083,36,Less than $40K,5,2716,63,2,3,1,0.9200326,,
718010133,46,Less than $40K,4,3703,61,2,0,0,0.0035054402,,
771518658,58,$40K - $60K,5,4553,90,3,0,0,0.00019542372,,
710508858,44,Less than $40K,5,4317,81,1,0,0,0.00017174963,,
772590408,41,$80K - $120K,3,3964,90,3,3,0,0.0008240607,,
719334408,42,Less than $40K,6,4286,71,3,3,0,0.0021958537,,
717500133,42,$80K - $120K,3,4240,63,2,3,0,0.0038962269,,
720988083,45,Less than $40K,3,4425,79,3,0,0,0.00035053733,,
713594883,44,Unknown,5,2380,43,3,0,1,0.9676563,,
719848908,41,Unknown,3,4087,73,3,3,0,0.0015828453,,
714962658,35,Less than $40K,5,2482,40,3,2,1,0.99291223,,
717429258,48,Less than $40K,3,2450,45,3,2,1,0.998279,,
717022533,43,$40K - $60K,4,4088,66,1,3,0,0.0015859297,,
710853033,36,Less than $40K,3,4024,82,2,3,0,0.0045891325,,
709548783,44,$40K - $60K,5,2100,54,3,2,1,0.9870603,,
780055308,43,Less than $40K,3,4482,54,1,3,0,0.067166716,,
714252933,52,Less than $40K,4,4737,80,2,3,0,0.0007861389,,
713336883,61,Less than $40K,4,2285,46,3,2,1,0.9950014,,
713119308,50,Less than $40K,4,4339,82,4,3,0,0.001313453,,
710815608,43,$60K - $80K,3,4521,70,2,0,0,0.00036112565,,
809626983,48,Less than $40K,3,2790,37,3,2,1,0.9993525,,
803398983,35,Less than $40K,4,4823,64,2,0,0,0.005347175,,
717568308,39,$80K - $120K,4,4355,78,2,3,0,0.0009021638,,
711694083,59,Less than $40K,4,4724,71,2,0,0,0.0017618327,,
712258308,58,Less than $40K,3,4394,75,1,0,0,0.00018358578,,
713884458,51,$80K - $120K,6,4425,83,2,3,0,0.0004291872,,
716160708,64,Less than $40K,4,5225,94,3,0,0,0.000279473,,
772728933,50,$120K +,6,2511,40,4,2,1,0.9862175,,
815320383,46,Less than $40K,5,2690,43,3,3,1,0.96142864,,
712117983,49,$80K - $120K,6,4787,60,3,3,0,0.07063412,,
788694558,53,Less than $40K,5,4463,87,2,0,0,0.00036340192,,
709275558,54,$60K - $80K,6,4238,55,3,3,0,0.08942702,,
711216933,42,Less than $40K,4,5026,77,3,0,0,0.0010947619,,
717069033,43,Less than $40K,4,4778,65,1,3,0,0.004279458,,
714992733,46,$80K - $120K,5,3962,62,1,0,0,0.0006122085,,
809445858,38,Less than $40K,6,5000,79,3,0,0,0.000393509,,
708859158,47,$40K - $60K,4,4341,80,1,0,0,0.00017361663,,
710040483,37,$60K - $80K,6,3895,87,2,3,0,0.00034113368,,
714667608,47,$40K - $60K,4,4256,78,3,3,0,0.003200557,,
714475908,43,$60K - $80K,5,1732,39,3,2,1,0.97110736,,
713656308,56,Less than $40K,3,4210,75,3,3,0,0.0015122354,,
716790633,43,$60K - $80K,4,1789,38,2,2,1,0.983502,,
716127333,45,Unknown,5,2300,45,2,2,1,0.9900538,,
713017758,47,Less than $40K,6,5056,85,2,0,0,0.00042971407,,
717893358,43,Unknown,6,4452,65,1,3,0,0.0012311906,,
780032208,44,$60K - $80K,5,2223,47,3,2,1,0.96673965,,
720219633,52,$40K - $60K,4,4108,70,3,0,0,0.0005495169,,
711676008,52,Less than $40K,5,3603,59,2,0,0,0.004115013,,
714192033,43,Unknown,5,4018,63,1,3,0,0.0010189372,,
713442933,49,$40K - $60K,4,5219,86,3,0,0,0.0021221207,,
789052308,40,$40K - $60K,6,2451,38,2,3,1,0.97776026,,
714948858,50,Less than $40K,3,2935,58,2,0,1,0.78844875,,
711772983,43,$60K - $80K,5,4678,71,2,0,0,0.0012208988,,
802937058,53,$80K - $120K,3,4480,80,3,0,0,0.00038022676,,
712493058,42,Unknown,6,4524,72,3,3,0,0.0038895647,,
718808883,55,Less than $40K,3,3705,69,3,3,0,0.0021510865,,
719685408,40,$60K - $80K,3,2505,43,2,2,1,0.98913246,,
708829758,41,$60K - $80K,4,3877,66,3,2,0,0.018831853,,
710792733,47,Less than $40K,4,4491,75,2,3,0,0.0052079596,,
716838633,46,$60K - $80K,4,4869,84,5,3,0,0.0009941866,,
714041283,50,Unknown,5,4735,83,2,3,0,0.00080703356,,
710284233,33,$80K - $120K,5,2439,43,3,2,1,0.9834014,,
752944533,45,Less than $40K,4,5067,88,1,0,0,0.00012213533,,
713312208,53,$40K - $60K,1,1868,38,2,2,1,0.99938786,0.2948451,Low priority
804045933,36,$80K - $120K,5,4284,74,3,0,0,0.002816439,,
716662683,55,Less than $40K,6,5069,81,2,0,0,0.0013685023,,
713432508,42,Less than $40K,4,4593,72,3,0,0,0.0026400427,,
799475658,51,Less than $40K,3,4508,79,3,0,0,0.0006881567,,
719849958,44,Less than $40K,4,4779,83,3,0,0,0.00057265843,,
715803933,47,$60K - $80K,4,4422,65,2,3,0,0.0032641836,,
779486433,46,Less than $40K,3,4209,76,2,0,0,0.00037505315,,
708281433,57,Less than $40K,5,3848,75,1,3,0,0.00040300642,,
779844408,43,Less than $40K,4,2137,40,3,2,1,0.99820423,,
721306908,61,Unknown,4,3440,46,3,2,0,0.6087457,,
713964858,51,$120K +,4,4074,81,2,3,0,0.0006040469,,
717545808,44,Less than $40K,3,4549,70,1,0,0,0.0002606572,,
771232533,46,Less than $40K,3,4249,81,3,0,0,0.00040697388,,
710883483,52,$40K - $60K,3,4661,85,3,0,0,0.0011674183,,
801715383,45,$60K - $80K,6,2216,51,3,2,1,0.96719944,,
719594433,35,Unknown,6,4672,66,1,3,0,0.00091520866,,
716310633,59,Less than $40K,6,5037,84,2,0,0,0.001183353,,
714188883,46,Less than $40K,3,2345,36,2,2,1,0.99948454,,
772437633,43,$60K - $80K,4,4578,72,2,3,0,0.0050936644,,
708536283,35,$80K - $120K,3,2653,46,2,0,1,0.8818431,,
772569033,44,$80K - $120K,5,4572,90,2,3,0,0.00066403515,,
714443883,57,Less than $40K,4,4593,81,2,3,0,0.00041378662,,
710369658,50,$60K - $80K,4,4488,92,3,0,0,0.00031321574,,
788440083,55,$60K - $80K,5,3807,82,3,3,0,0.0021874823,,
773332908,48,$60K - $80K,3,4221,83,3,3,0,0.00045976238,,
709307808,59,$40K - $60K,3,2507,53,3,2,1,0.9596957,,
712507758,36,Unknown,6,5471,87,3,0,0,0.0019244519,,
715701033,43,$80K - $120K,5,2112,46,3,0,1,0.8602183,,
718478883,55,Less than $40K,4,4424,81,1,3,0,0.0005403846,,
788734158,42,$40K - $60K,5,4493,59,3,3,0,0.042142313,,
794490858,48,$40K - $60K,3,4775,61,1,3,0,0.027075885,,
718397658,60,$40K - $60K,6,3627,61,3,3,0,0.0035387955,,
718826883,50,$80K - $120K,6,2506,36,3,2,1,0.9950712,,
716733933,42,Unknown,5,5051,64,3,3,0,0.006690512,,
809307108,44,Unknown,4,4209,77,3,0,0,0.00038658766,,
778671483,33,Less than $40K,5,4143,67,3,0,0,0.0008065927,,
815504583,48,$40K - $60K,3,2275,43,2,2,1,0.9986879,,
789319458,48,$60K - $80K,6,4219,65,2,2,0,0.0036467232,,
710382108,39,Less than $40K,5,4204,63,1,0,0,0.0063988534,,
720895533,32,Less than $40K,6,4885,78,3,0,0,0.0008446721,,
709891608,41,$120K +,5,1949,43,2,2,1,0.98504156,,
717136533,37,Less than $40K,4,4883,73,2,3,0,0.0015880428,,
790164408,59,Less than $40K,6,4869,77,3,0,0,0.0022209003,,
795613233,48,Unknown,4,4949,76,2,3,0,0.00035836044,,
709009833,54,$40K - $60K,3,4621,67,3,2,0,0.0058891587,,
720054183,41,$40K - $60K,4,5112,86,2,0,0,0.00065132533,,
713193408,59,Less than $40K,3,3816,75,3,0,0,0.0012191387,,
801508383,48,$80K - $120K,6,4498,85,3,3,0,0.000609555,,
711949683,55,$40K - $60K,6,1883,44,2,0,1,0.8985065,,
787747308,49,Less than $40K,6,2494,39,3,0,1,0.9976827,,
720064158,51,Less than $40K,4,4323,70,2,3,0,0.001750395,,
779104608,34,Unknown,5,2819,48,1,3,1,0.98586327,,
715477233,55,Unknown,3,4037,69,2,3,0,0.0009107409,,
719524383,35,$40K - $60K,3,4105,73,1,0,0,0.00022276759,,
713804883,46,Less than $40K,3,1799,28,2,2,1,0.99925953,,
710359458,50,$40K - $60K,5,4456,70,1,0,0,0.0008751504,,
716311683,43,$80K - $120K,4,3452,54,1,3,0,0.002153746,,
753795633,48,Less than $40K,5,2327,38,3,0,1,0.74429196,,
780076833,44,$80K - $120K,6,4088,66,1,3,0,0.00066266774,,
716019333,65,Less than $40K,6,4091,82,3,0,0,0.0004534316,,
820657083,53,$80K - $120K,5,3819,72,1,3,0,0.0012935558,,
716901858,49,$40K - $60K,5,3691,77,1,3,0,0.00038266636,,
756571983,45,Less than $40K,6,4951,85,2,0,0,0.0006109742,,
817607358,44,Unknown,3,2227,44,3,2,1,0.98241985,,
778268508,56,Unknown,5,4448,86,2,3,0,0.00041828377,,
778984383,43,Unknown,3,4622,73,3,0,0,0.0016413586,,
720771933,49,$40K - $60K,5,4434,69,2,3,0,0.0025938326,,
748827033,44,$60K - $80K,5,4780,84,2,3,0,0.004491808,,
712591983,52,$40K - $60K,4,4104,79,2,0,0,0.00043389303,,
712181658,37,$40K - $60K,4,4983,86,3,0,0,0.0003164158,,
712297683,47,Less than $40K,6,2196,35,3,3,1,0.98961467,,
714684933,40,Less than $40K,5,2725,41,2,2,1,0.990297,,
720742083,48,Less than $40K,4,2431,46,3,0,1,0.9892569,,
772310958,42,Less than $40K,4,4965,94,6,2,0,0.00069034076,,
715343883,42,Less than $40K,5,4693,66,3,0,0,0.007573904,,
720470133,59,Less than $40K,5,4576,87,3,0,0,0.00056886213,,
710420133,47,Less than $40K,6,4416,68,2,3,0,0.0015043663,,
720933408,56,Less than $40K,3,4798,89,1,3,0,0.00014919769,,
716304483,46,$40K - $60K,3,5029,86,2,0,0,0.0012418655,,
719534058,26,Less than $40K,3,4380,57,2,0,0,0.0040697437,,
710515308,42,Less than $40K,4,5025,84,3,0,0,0.0018420042,,
797241108,47,$120K +,5,4500,83,3,3,0,0.0011347764,,
708884658,48,Less than $40K,5,4828,90,1,0,0,0.00017233954,,
794475483,44,$80K - $120K,4,4654,59,3,3,0,0.13646676,,
714315858,56,Less than $40K,6,5429,71,1,3,0,0.08870037,,
717217983,43,Less than $40K,6,5409,79,2,0,0,0.0135835875,,
721124658,40,$80K - $120K,4,2625,63,2,2,1,0.8600515,,
716753058,38,Less than $40K,6,4813,78,2,3,0,0.00301082,,
711069483,40,Less than $40K,6,4884,79,2,3,0,0.0012385584,,
708478233,48,$40K - $60K,4,4348,90,2,3,0,0.00061669934,,
710783358,46,$80K - $120K,5,4442,85,3,0,0,0.00022623152,,
713710383,43,$80K - $120K,4,2659,55,2,3,0,0.2800282,,
720815208,52,$120K +,5,2395,47,3,2,1,0.9885371,,
721338783,49,Unknown,3,3427,72,2,2,0,0.0035318157,,
714121983,49,Unknown,4,4694,84,2,3,0,0.0007310995,,
715061733,42,$60K - $80K,4,3539,81,1,3,0,0.00021689449,,
720520308,46,Less than $40K,4,2427,52,2,2,1,0.9758277,,
806908608,46,Less than $40K,5,3942,78,2,3,0,0.0009108533,,
798972183,49,$40K - $60K,1,2520,38,3,2,1,0.99947625,0.416388,Test
715030308,42,$40K - $60K,5,4680,67,1,0,0,0.001617138,,
708244458,47,Less than $40K,3,3485,72,3,0,0,0.0014373501,,
789479058,45,$40K - $60K,5,4459,66,3,3,0,0.00465293,,
784998108,33,$80K - $120K,5,4203,76,3,3,0,0.0008034238,,
711808383,50,$60K - $80K,5,4476,85,1,3,0,0.00019954602,,
770839608,60,Less than $40K,6,4611,82,1,0,0,0.0001382885,,
713866308,45,$60K - $80K,5,4135,76,2,3,0,0.00046772423,,
714250908,53,Less than $40K,3,2231,60,4,0,1,0.7145276,,
739317558,48,$80K - $120K,4,4899,84,3,3,0,0.0034172742,,
718702908,53,Less than $40K,6,4312,84,2,0,0,0.00035617655,,
720644883,53,Unknown,3,5104,87,2,3,0,0.00097435433,,
717182883,33,Unknown,3,4169,74,2,0,0,0.0006673701,,
719384433,44,Less than $40K,5,2581,57,2,0,1,0.65732515,,
787301208,52,$40K - $60K,5,3763,74,1,3,0,0.00057594216,,
720924633,40,Less than $40K,4,4397,73,2,3,0,0.0038384884,,
721316358,41,$60K - $80K,5,4086,62,1,3,0,0.0027037016,,
716118633,43,$60K - $80K,6,4328,73,1,3,0,0.00020572828,,
789880533,46,$40K - $60K,5,2404,39,3,2,1,0.9627168,,
711221958,43,$40K - $60K,3,2646,41,2,2,1,0.99825877,,
715510683,40,Less than $40K,3,4665,82,2,0,0,0.00049761456,,
718689258,39,$40K - $60K,5,4203,87,2,0,0,0.00043705976,,
716368008,54,Unknown,4,2925,41,2,2,1,0.9703507,,
712092783,47,Less than $40K,6,2027,42,2,2,1,0.95491886,,
789541458,35,Less than $40K,6,4840,85,0,0,0,0.0003650326,,
719539458,46,Less than $40K,5,5170,93,3,3,0,0.0027111717,,
713082708,41,Less than $40K,6,4183,67,2,3,0,0.01596136,,
794665608,48,$40K - $60K,4,4510,59,2,3,0,0.046079658,,
712827258,37,$40K - $60K,5,5046,77,0,3,0,0.0017317489,,
714525633,55,Less than $40K,3,4233,81,3,0,0,0.00039449328,,
708726708,42,$40K - $60K,6,2192,35,2,2,1,0.98811054,,
768498258,47,Unknown,3,4740,83,2,0,0,0.0007457649,,
712767858,42,$40K - $60K,5,2181,43,2,0,1,0.98534054,,
709231683,36,$40K - $60K,6,4861,84,2,0,0,0.00096483156,,
712445583,33,Unknown,3,2323,47,1,2,1,0.95938873,,
711461658,47,$40K - $60K,5,3228,82,3,0,0,0.0012572632,,
713891133,41,Less than $40K,3,1890,43,2,0,1,0.9880184,,
710074458,41,Less than $40K,3,4290,90,1,0,0,0.00013219657,,
779279883,60,Less than $40K,3,1628,42,3,2,1,0.9831503,,
719674533,48,$80K - $120K,5,4040,76,1,3,0,0.00018248559,,
716535408,43,$40K - $60K,3,3843,69,1,3,0,0.00038595984,,
710319108,54,Less than $40K,4,4542,73,2,0,0,0.0006176164,,
714777858,60,Less than $40K,6,4858,69,3,0,0,0.002241446,,
769974258,44,$80K - $120K,5,3830,82,2,3,0,0.0006654327,,
717819633,49,Less than $40K,6,4124,57,1,3,0,0.001996899,,
712953483,64,Less than $40K,1,1811,39,3,2,1,0.99422693,0.16448006,Low priority
779029458,54,Less than $40K,4,2725,47,3,2,1,0.997156,,
721321383,50,Less than $40K,3,4418,80,3,0,0,0.0010159507,,
716973333,40,$120K +,3,5080,76,3,0,0,0.0009605615,,
709946658,49,$40K - $60K,5,4629,58,3,0,0,0.059448827,,
709243533,49,Less than $40K,5,4552,75,3,0,0,0.00082152756,,
709999308,51,$80K - $120K,3,3477,78,2,3,0,0.0010078134,,
712389108,43,Less than $40K,6,4058,83,3,0,0,0.00031506032,,
712305333,59,$60K - $80K,4,4064,65,2,0,0,0.016583657,,
812785158,42,Less than $40K,4,4331,63,3,0,0,0.0073075187,,
765459858,47,Less than $40K,4,2511,56,4,2,1,0.8997484,,
714894708,53,$120K +,4,2777,45,4,2,1,0.992702,,
711296508,49,Less than $40K,5,4776,85,2,0,0,0.0009013763,,
795713058,45,$40K - $60K,3,4292,76,1,0,0,0.0002176797,,
789487308,48,$60K - $80K,3,4106,78,2,3,0,0.00094757346,,
720130233,48,$60K - $80K,4,2536,45,3,2,1,0.9965044,,
789047208,57,Less than $40K,4,4983,79,1,0,0,0.0004642024,,
715864983,56,Less than $40K,5,4870,83,2,3,0,0.0007890562,,
708765933,46,$60K - $80K,3,4866,81,2,3,0,0.0014624301,,
809320908,42,$60K - $80K,3,4160,84,3,3,0,0.0019402688,,
779324358,49,Less than $40K,6,4013,79,1,0,0,0.00011380376,,
713730108,48,$60K - $80K,3,4686,67,2,3,0,0.019859437,,
711783483,55,$40K - $60K,4,3562,72,3,3,0,0.0020510247,,
719294433,63,Unknown,4,4366,68,3,3,0,0.0035176321,,
718279008,44,$60K - $80K,5,2282,38,2,2,1,0.96103936,,
721238508,38,Less than $40K,3,4790,77,3,0,0,0.0003418439,,
709365483,45,$40K - $60K,5,4437,67,3,0,0,0.0048638782,,
718477983,54,Less than $40K,4,4776,90,2,0,0,0.0003143996,,
719809533,59,Less than $40K,6,5066,84,1,0,0,0.00021700766,,
717239133,52,Unknown,5,3939,60,3,3,0,0.011350054,,
814091058,38,Less than $40K,6,2492,50,2,0,1,0.96196336,,
710555433,42,Less than $40K,6,2216,40,2,3,1,0.9906998,,
770956158,43,Less than $40K,3,4140,68,2,0,0,0.00060292764,,
718263108,44,Less than $40K,3,2829,42,3,0,1,0.9736346,,
715984908,52,$80K - $120K,4,4850,84,3,0,0,0.0010057794,,
711020358,52,$40K - $60K,5,4434,79,2,0,0,0.0003428684,,
788769783,42,Less than $40K,6,4707,74,1,0,0,0.0002889743,,
715496808,53,$40K - $60K,6,4159,69,3,0,0,0.006045654,,
779931783,52,$120K +,6,2213,47,3,2,1,0.96625185,,
818763033,34,$40K - $60K,6,4794,71,1,3,0,0.004836607,,
711953358,51,$80K - $120K,4,4605,88,2,3,0,0.00057895936,,
716485308,43,Less than $40K,4,5008,93,3,0,0,0.00032576424,,
716432658,48,Less than $40K,5,4490,65,2,3,0,0.00763738,,
712691883,41,Less than $40K,3,2245,41,2,0,1,0.9933518,,
712611108,59,Less than $40K,5,2280,49,6,2,1,0.9868563,,
716245833,62,Less than $40K,6,4473,67,3,0,0,0.024391912,,
780052008,37,$80K - $120K,4,3883,68,2,3,0,0.0024791616,,
709759908,46,$60K - $80K,4,4327,84,2,3,0,0.0019340218,,
788667408,50,Less than $40K,6,4475,66,1,0,0,0.00065271667,,
721449408,40,Less than $40K,6,4763,74,2,0,0,0.00073781866,,
708316008,59,Unknown,3,1792,29,2,2,1,0.99673426,,
714655758,62,$40K - $60K,6,4003,73,3,3,0,0.001263167,,
711846183,38,$40K - $60K,3,2271,31,2,2,1,0.9914895,,
720612333,44,Less than $40K,6,2697,45,2,3,1,0.9953536,,
714673833,59,$40K - $60K,3,4411,77,3,3,0,0.0008807371,,
710525508,48,Less than $40K,6,2090,50,3,2,1,0.9619393,,
757854858,50,$60K - $80K,4,2297,37,3,2,1,0.9895356,,
714658233,46,Less than $40K,4,3916,79,3,0,0,0.0007175301,,
716381808,43,$40K - $60K,4,3820,75,4,3,0,0.0026702273,,
720831783,50,Less than $40K,3,4708,81,2,0,0,0.0009749435,,
714319233,44,$60K - $80K,3,2132,33,3,2,1,0.9990445,,
718178583,42,Less than $40K,3,4663,78,3,3,0,0.0016740565,,
708886533,50,$120K +,4,4348,77,1,3,0,0.00016870051,,
716239383,45,Less than $40K,5,4138,85,2,3,0,0.0008426736,,
714672933,52,$40K - $60K,6,4417,84,4,0,0,0.0004126191,,
809954133,49,$60K - $80K,6,5223,84,1,3,0,0.011981492,,
714855108,60,Less than $40K,6,4073,69,0,3,0,0.00079661794,,
718730283,38,Less than $40K,5,4891,68,3,0,0,0.001008566,,
709232808,44,$40K - $60K,2,1588,37,3,2,1,0.998565,0.1398087,Low priority
804428958,47,$40K - $60K,3,4847,78,2,3,0,0.0009255656,,
711474333,57,Less than $40K,3,1690,38,5,2,1,0.9911509,,
720070383,41,Unknown,6,4775,84,3,0,0,0.0027605835,,
720322008,35,$40K - $60K,4,4551,82,2,0,0,0.0006204442,,
714527433,39,$80K - $120K,5,1974,54,2,3,1,0.9468549,,
789267633,54,Less than $40K,3,4404,93,4,0,0,0.00024032417,,
714523383,43,$40K - $60K,3,4656,59,2,0,0,0.014272553,,
713996283,32,Less than $40K,4,5209,93,5,0,0,0.00025348266,,
714557583,58,Less than $40K,6,4976,79,4,0,0,0.00019160881,,
714014733,33,$80K - $120K,4,2172,33,3,2,1,0.8390746,,
779065458,56,$120K +,4,4212,72,1,3,0,0.00044718155,,
712733958,46,Less than $40K,6,2304,46,3,3,1,0.9855904,,
719231583,61,$60K - $80K,6,4799,79,2,3,0,0.00081738236,,
778801608,50,$80K - $120K,6,3568,92,4,0,0,0.0004497086,,
720728133,44,$40K - $60K,4,4180,71,3,3,0,0.002917518,,
718153233,46,$80K - $120K,3,3764,60,2,3,0,0.005946166,,
716122008,44,Less than $40K,3,2544,27,3,3,1,0.9844521,,
714960408,44,Less than $40K,4,2722,45,3,0,1,0.99180675,,
772382283,46,Less than $40K,3,2689,49,3,0,1,0.9450054,,
817236708,42,$60K - $80K,6,3943,73,2,3,0,0.0009313067,,
714266883,54,Less than $40K,5,2334,51,3,2,1,0.990948,,
792795933,39,Less than $40K,5,3847,65,6,0,0,0.0051966645,,
717219933,47,Less than $40K,4,1930,48,3,2,1,0.95731294,,
719986758,46,$40K - $60K,5,2577,39,3,2,1,0.9996165,,
712326708,42,Less than $40K,6,4437,61,2,0,0,0.0037282014,,
721505358,41,Less than $40K,3,4682,81,6,0,0,0.0009835524,,
804337233,45,Less than $40K,3,4890,61,2,3,0,0.035548232,,
785351133,61,$40K - $60K,4,4518,81,3,3,0,0.00082477526,,
714034158,46,Less than $40K,5,3946,69,2,0,0,0.001220915,,
720349983,32,Less than $40K,3,4593,79,2,3,0,0.00077969,,
720155583,55,Less than $40K,3,5175,82,2,0,0,0.0005417926,,
806140383,59,$80K - $120K,3,2658,43,2,0,1,0.9953656,,
799031958,49,$80K - $120K,5,4122,70,2,3,0,0.0015939927,,
719556558,46,$120K +,6,3972,67,3,0,0,0.0037759712,,
771455508,60,Less than $40K,5,4104,83,1,3,0,0.0003395249,,
712214283,40,$120K +,6,4827,70,3,3,0,0.007023994,,
712667058,39,Less than $40K,4,4531,76,1,0,0,0.00019399292,,
715393908,57,Less than $40K,3,4520,79,0,0,0,0.00027429222,,
751518633,48,$120K +,5,2260,50,3,3,1,0.854826,,
769100508,55,Less than $40K,6,5228,77,2,0,0,0.0007380898,,
720582558,44,Less than $40K,3,5108,87,3,3,0,0.0021180322,,
710773533,43,Less than $40K,5,5268,88,3,0,0,0.0009479722,,
712395408,51,Less than $40K,5,2552,42,3,2,1,0.9950825,,
818459733,41,$120K +,3,2276,32,2,2,1,0.9907113,,
708867408,52,$60K - $80K,3,2050,35,4,2,1,0.79936725,,
772457583,47,Less than $40K,3,5385,93,0,3,0,0.00023545619,,
810271083,47,$40K - $60K,1,2164,53,5,2,1,0.9962359,0.34919384,Low priority
712649058,54,Less than $40K,3,4121,82,2,3,0,0.0012628699,,
788737083,34,Less than $40K,6,4551,84,2,0,0,0.00045069933,,
714012258,44,Less than $40K,3,4122,74,2,0,0,0.00044601999,,
757662258,46,$40K - $60K,3,5138,77,1,0,0,0.00017797222,,
714388158,36,Unknown,3,4746,73,2,3,0,0.0027129308,,
720067083,30,Less than $40K,5,3904,74,1,0,0,0.00019759608,,
814529508,39,Unknown,4,4106,71,3,3,0,0.0010394194,,
794068308,45,$40K - $60K,5,4141,73,1,3,0,0.0003421277,,
824812983,42,$60K - $80K,5,4166,86,1,3,0,0.00019796437,,
713396358,32,Unknown,5,4878,71,1,3,0,0.010068748,,
719420883,56,Less than $40K,5,2477,45,3,2,1,0.9967734,,
785500533,53,Less than $40K,3,4064,66,2,0,0,0.0013740237,,
712138008,52,$40K - $60K,5,4569,70,3,0,0,0.0015750764,,
709279608,45,$80K - $120K,5,3813,71,2,3,0,0.0022424955,,
788771733,49,$60K - $80K,5,4354,70,3,0,0,0.0015171141,,
753365883,44,Unknown,3,2298,45,2,2,1,0.9938439,,
770717883,42,$40K - $60K,6,4592,67,2,3,0,0.002775923,,
716919633,58,$40K - $60K,5,4450,73,1,3,0,0.000997618,,
717915783,60,$60K - $80K,5,2829,44,1,2,1,0.55901587,,
720099708,51,Less than $40K,6,4716,68,3,0,0,0.011352874,,
711004533,44,Less than $40K,6,4399,80,3,0,0,0.00047366714,,
709482633,43,$40K - $60K,4,5400,84,1,0,0,0.0006746761,,
717381183,27,Less than $40K,3,4513,57,2,0,0,0.0036921494,,
719716983,46,Unknown,4,4042,85,3,3,0,0.0018658414,,
711117108,48,Unknown,4,3916,61,2,2,0,0.0053486163,,
780567408,47,Less than $40K,5,3912,77,1,0,0,0.00015163707,,
778810083,45,Less than $40K,4,4175,58,3,3,0,0.045539442,,
778696608,46,$40K - $60K,5,4802,73,2,3,0,0.0045571565,,
771469758,55,$120K +,5,4131,66,1,3,0,0.0009242262,,
714172158,51,$40K - $60K,3,4525,83,2,3,0,0.0004349484,,
713713983,42,Less than $40K,4,4906,94,2,0,0,0.00038724957,,
787454133,40,$120K +,3,4776,82,2,3,0,0.0009216281,,
709597983,65,Less than $40K,6,3349,77,1,0,0,0.00045028445,,
708298233,49,Less than $40K,4,1756,49,2,2,1,0.82691807,,
779885358,51,$120K +,5,4587,82,1,3,0,0.00011861197,,
709938708,56,Unknown,4,4576,78,1,0,0,0.00029801074,,
719620983,41,Less than $40K,6,4406,80,3,0,0,0.00014682038,,
712329933,47,Less than $40K,6,1998,44,3,2,1,0.97900546,,
798280683,37,$80K - $120K,6,4714,93,3,0,0,0.00014103147,,
715265208,48,Less than $40K,4,3868,80,3,0,0,0.0006552949,,
826069983,46,Unknown,4,4515,63,0,3,0,0.0020799073,,
708890958,55,$120K +,3,4231,68,3,3,0,0.0027793425,,
708818508,36,Less than $40K,5,4386,68,2,0,0,0.0014172258,,
795784008,44,Less than $40K,4,1718,37,2,2,1,0.98788667,,
714965958,47,$40K - $60K,6,4711,83,2,0,0,0.00042467643,,
716328558,46,$80K - $120K,4,4520,83,5,3,0,0.0018405258,,
780747033,43,Unknown,5,4149,66,1,3,0,0.0009870928,,
713923233,46,$80K - $120K,6,3392,86,3,0,0,0.00082501926,,
710962308,57,Unknown,3,4826,88,6,3,0,0.0013520271,,
713254983,62,$60K - $80K,5,4355,70,2,3,0,0.001157111,,
720275358,47,$40K - $60K,4,2479,46,3,2,1,0.9930808,,
715964058,39,Less than $40K,5,5105,79,2,3,0,0.0006536352,,
721461258,53,$40K - $60K,5,4399,88,2,0,0,0.0004211122,,
710727333,49,Less than $40K,4,2813,43,2,2,1,0.9977749,,
717325158,46,$40K - $60K,3,4474,63,1,0,0,0.00079872727,,
825856083,39,$40K - $60K,5,4078,70,1,0,0,0.00012975735,,
807136758,58,Less than $40K,3,2412,40,0,2,1,0.996506,,
715400733,43,$40K - $60K,6,2116,38,4,2,1,0.97125006,,
713927283,39,Unknown,3,4809,87,1,0,0,0.00024359931,,
711594858,44,Less than $40K,3,4509,70,3,0,0,0.0018986498,,
711389358,42,$40K - $60K,5,2516,64,3,0,1,0.78530335,,
720769533,65,$40K - $60K,4,4427,63,0,3,0,0.00059028575,,
715736283,55,Less than $40K,3,4666,98,1,3,0,0.00010527385,,
768949983,31,Unknown,5,4370,83,3,0,0,0.00035389952,,
711253383,48,Unknown,6,2446,34,2,2,1,0.9962858,,
798457833,46,Unknown,5,4534,71,1,3,0,0.0012598508,,
794554683,41,Less than $40K,4,2925,46,2,2,1,0.9883459,,
789996783,36,Unknown,5,4769,102,3,0,0,0.0006463631,,
712220283,37,$80K - $120K,3,4215,63,2,2,0,0.058929384,,
751150233,43,Less than $40K,3,4459,65,2,3,0,0.014196316,,
715815783,46,$60K - $80K,3,4591,85,2,3,0,0.0013153777,,
712599783,39,$80K - $120K,4,4768,82,2,3,0,0.0007485938,,
719653308,49,Less than $40K,5,4468,71,2,3,0,0.0023676734,,
708928908,39,Less than $40K,4,5128,74,3,3,0,0.015429622,,
709780158,52,Unknown,4,4812,79,4,0,0,0.00079374615,,
768675483,41,$60K - $80K,5,4455,82,3,3,0,0.0007745362,,
714243408,46,Unknown,4,4917,73,6,0,0,0.0008274859,,
711323283,57,$60K - $80K,3,2767,43,3,2,1,0.97731054,,
713499408,49,Less than $40K,5,4109,71,2,3,0,0.001278156,,
719245983,46,Unknown,6,4238,73,3,3,0,0.0012601424,,
810789708,38,Less than $40K,4,4587,92,2,3,0,0.0008687455,,
710301858,49,Unknown,6,3820,72,2,3,0,0.00048888964,,
718611333,55,$80K - $120K,6,4475,91,1,3,0,3.9893464e-05,,
787557258,52,Unknown,5,4957,78,3,3,0,0.0015221976,,
711533058,42,$40K - $60K,6,5533,85,2,0,0,0.008813942,,
715805133,52,Less than $40K,6,5532,81,2,0,0,0.0030293611,,
708680583,53,$40K - $60K,4,4940,68,1,0,0,0.00046496125,,
789454683,45,$40K - $60K,4,5046,79,2,0,0,0.00050605263,,
711428733,50,$40K - $60K,3,4144,64,2,0,0,0.0032334297,,
715842183,42,Less than $40K,5,4004,69,4,0,0,0.0013103267,,
815772333,48,Less than $40K,6,4059,89,3,3,0,0.0005797217,,
778255083,52,Less than $40K,5,4641,80,3,0,0,0.003121704,,
715571583,57,Less than $40K,5,4847,86,1,0,0,0.00033562904,,
720711483,56,Unknown,5,2608,45,2,0,1,0.96838033,,
827436483,48,$80K - $120K,6,4336,72,1,3,0,0.0003520838,,
710715783,52,Less than $40K,5,4436,75,2,3,0,0.0012325894,,
758367933,56,$80K - $120K,5,4435,79,3,3,0,0.0011934179,,
721399833,43,$40K - $60K,3,4736,86,1,0,0,0.0002506019,,
708727983,62,$60K - $80K,6,3048,54,1,3,0,0.06544523,,
802822833,51,$80K - $120K,5,3825,76,2,3,0,0.00068288157,,
713276733,45,Less than $40K,3,4490,90,1,0,0,0.00042535143,,
809440008,39,Unknown,3,2716,43,3,2,1,0.998536,,
716959833,45,$120K +,5,3973,66,2,3,0,0.004294449,,
714432108,56,$40K - $60K,5,4610,76,3,0,0,0.0008843956,,
772580958,57,Unknown,3,4930,80,2,0,0,0.0004083813,,
715071483,60,$40K - $60K,4,4392,81,2,0,0,0.00047057986,,
712410858,50,Unknown,4,4143,65,1,0,0,0.00055847433,,
715395933,44,Unknown,5,5302,70,2,3,0,0.17447907,,
711237633,49,$60K - $80K,3,2329,36,3,2,1,0.99691063,,
781337658,50,Less than $40K,3,5532,85,1,0,0,0.0010496926,,
718913358,36,Less than $40K,3,2659,43,3,2,1,0.9946209,,
715784808,57,$40K - $60K,4,3913,86,2,0,0,0.00013062224,,
718452633,35,Unknown,4,2569,46,3,2,1,0.99215007,,
769883733,46,$40K - $60K,3,2098,31,4,2,1,0.99877995,,
709375158,29,Unknown,6,3759,69,3,3,0,0.00067939924,,
801977733,40,Less than $40K,4,4481,82,2,0,0,0.0002008553,,
709175208,50,Less than $40K,4,4686,79,3,0,0,0.00073310325,,
788990508,62,$40K - $60K,4,3714,56,1,0,0,0.006843881,,
720835308,49,Unknown,6,4389,72,1,3,0,0.0004755344,,
717365958,50,Less than $40K,4,4765,71,2,3,0,0.0023523387,,
779577108,49,$40K - $60K,3,4052,65,3,3,0,0.0060573067,,
801497508,56,Less than $40K,4,4203,73,3,0,0,0.00074416865,,
716131083,47,$40K - $60K,6,4640,69,1,0,0,0.0015448137,,
784734258,56,$40K - $60K,5,4060,55,2,3,0,0.021829747,,
711122958,41,Less than $40K,5,2105,57,3,3,1,0.9593753,,
779508333,63,$60K - $80K,6,3677,55,2,3,0,0.011736263,,
717699408,51,Unknown,3,4884,89,3,0,0,0.0024205453,,
720210483,43,Unknown,6,5049,85,2,3,0,0.00065522065,,
709329558,49,Less than $40K,4,4566,73,3,3,0,0.006783741,,
721222833,51,$40K - $60K,3,4798,73,3,0,0,0.0015389675,,
712682583,44,$60K - $80K,3,4984,90,2,3,0,0.000917352,,
710051658,46,$60K - $80K,6,4402,75,3,3,0,0.002675149,,
708606633,56,$40K - $60K,6,1902,35,3,2,1,0.9862417,,
710862258,41,Less than $40K,3,4786,73,2,3,0,0.0024997161,,
720072933,49,Less than $40K,3,4759,90,3,0,0,0.00037583412,,
757527033,53,Less than $40K,3,4628,69,5,3,0,0.0043993318,,
713115483,44,Less than $40K,6,2275,45,3,2,1,0.9954945,,
816078708,45,$40K - $60K,3,4014,61,4,2,0,0.027554743,,
713985183,46,Less than $40K,4,4634,91,5,0,0,0.0006685513,,
789601308,58,$120K +,4,4228,93,5,2,0,0.0016570237,,
720133908,41,$40K - $60K,4,4204,77,1,3,0,0.00040383596,,
803197833,49,$40K - $60K,6,3637,69,5,0,0,0.0012564935,,
812222208,54,Unknown,6,5228,71,4,2,0,0.33273312,,
757634583,52,Less than $40K,4,4456,68,3,0,0,0.0016944814,,
719362458,47,Less than $40K,5,5064,74,3,3,0,0.016026387,,
789331908,40,Less than $40K,5,5342,64,2,3,0,0.25295115,,
715616358,53,Unknown,5,4405,67,4,3,0,0.0023538866,,
711784908,46,Less than $40K,5,3913,86,5,0,0,0.00053610135,,
806900508,53,Less than $40K,5,4161,75,3,0,0,0.0015322012,,
710098233,28,Less than $40K,3,4513,66,2,3,0,0.0014229171,,
713508333,43,Less than $40K,5,4591,85,4,0,0,0.00026598343,,
712176708,51,Less than $40K,5,4609,87,3,0,0,0.0013997656,,
719724933,58,Less than $40K,5,4396,78,4,0,0,0.00077981816,,
716537433,50,$40K - $60K,5,5170,68,4,0,0,0.0018127062,,
713186058,42,$40K - $60K,4,2191,51,2,2,1,0.9926722,,
787558683,45,$40K - $60K,3,4234,74,5,0,0,0.0009255666,,
718002633,48,$40K - $60K,6,3667,52,3,3,0,0.06283373,,
789241308,54,Less than $40K,4,2145,41,3,2,1,0.9939167,,
713941158,47,Less than $40K,6,4433,81,5,0,0,0.0019400673,,
808950108,39,Less than $40K,4,4409,72,5,0,0,0.00057580747,,
719050458,62,Less than $40K,6,4041,67,3,0,0,0.005566205,,
718021608,45,$40K - $60K,4,4659,83,5,0,0,0.00051487633,,
788870283,56,Less than $40K,5,3778,72,4,3,0,0.00092783174,,
778272408,52,$80K - $120K,4,2310,48,4,2,1,0.96694696,,
720079758,46,Unknown,6,5253,82,4,0,0,0.001529222,,
787457883,51,Less than $40K,4,4324,89,3,0,0,0.00028465415,,
719884983,52,$40K - $60K,3,4808,64,4,0,0,0.018151438,,
822056583,44,$40K - $60K,6,4996,80,5,0,0,0.00091261894,,
714585033,41,Less than $40K,3,4532,78,5,0,0,0.00021905823,,
713981283,52,Less than $40K,6,4271,88,5,0,0,0.0009894756,,
715328658,41,Less than $40K,5,2622,70,3,2,1,0.876847,,
708918558,37,$40K - $60K,5,3046,52,3,3,1,0.84690076,,
748194633,60,Less than $40K,5,4555,76,5,0,0,0.001878624,,
719323683,47,$40K - $60K,6,4093,77,5,3,0,0.0007254733,,
708611733,42,Unknown,4,4659,82,4,0,0,0.0016459093,,
771219033,42,$80K - $120K,4,4199,73,3,3,0,0.0017617305,,
721480158,50,Less than $40K,3,2370,44,3,0,1,0.99676275,,
708086958,49,Unknown,3,4369,59,5,2,0,0.02427159,,
709100283,36,Unknown,3,2828,46,2,0,1,0.98369366,,
719350908,43,Less than $40K,3,3553,66,3,0,0,0.0066488176,,
714124983,57,$80K - $120K,6,3303,66,4,2,0,0.009283719,,
718031508,45,$80K - $120K,6,5168,76,5,3,0,0.00073922833,,
709732608,41,Less than $40K,4,4282,82,3,0,0,0.00091084465,,
713466033,39,Less than $40K,5,2015,33,2,2,1,0.9993587,,
716369208,44,Less than $40K,6,4954,82,5,0,0,0.0008158195,,
781143933,43,Less than $40K,5,5006,76,3,0,0,0.0015944245,,
711337158,56,$40K - $60K,3,4774,81,5,0,0,0.0032372891,,
714724908,41,$40K - $60K,3,4633,79,4,0,0,0.00055618247,,
719973033,49,Less than $40K,5,4531,86,5,3,0,0.001764373,,
714196008,43,$60K - $80K,5,4685,79,3,3,0,0.0026592908,,
780272208,39,Less than $40K,4,4139,69,2,0,0,0.00065849564,,
717849708,46,$60K - $80K,5,4368,87,3,0,0,0.0003837437,,
712437108,49,$80K - $120K,3,4889,89,3,3,0,0.0040362985,,
767802483,44,$60K - $80K,6,5066,71,3,3,0,0.015297603,,
709064208,43,Less than $40K,4,2219,49,3,2,1,0.9986904,,
714343608,56,Less than $40K,5,4921,90,4,3,0,0.007100999,,
709668408,56,$40K - $60K,5,5285,82,4,3,0,0.35358447,,
712753758,57,Less than $40K,4,4313,75,4,0,0,0.0016531864,,
807722658,51,Less than $40K,3,4761,99,3,0,0,0.0010413254,,
826808208,60,$40K - $60K,3,4210,84,5,0,0,0.0011287954,,
757224108,43,Less than $40K,6,3929,67,3,0,0,0.001463094,,
816091608,37,$40K - $60K,4,4424,73,2,3,0,0.0021686917,,
819684183,46,$40K - $60K,4,3043,53,5,0,0,0.016734783,,
719630358,50,Less than $40K,1,2616,47,3,2,1,0.9975948,0.38469315,Low priority
712399308,38,Less than $40K,5,2143,67,3,0,1,0.9039573,,
721282908,44,$40K - $60K,3,3971,60,1,3,0,0.006153391,,
820848408,52,Unknown,5,5053,74,5,0,0,0.0018806217,,
710888883,37,Less than $40K,6,4824,83,4,0,0,0.0005121915,,
711338058,45,Less than $40K,6,4851,86,3,0,0,0.0007246804,,
721317333,40,$40K - $60K,4,4759,75,2,0,0,0.00092543516,,
711350133,51,$80K - $120K,5,4995,88,4,3,0,0.00088898663,,
803606958,57,Less than $40K,5,3946,73,5,3,0,0.0009884519,,
721039308,40,$80K - $120K,4,4400,71,3,3,0,0.0012596954,,
713440833,61,Less than $40K,5,4348,84,3,0,0,0.0004287525,,
780814158,57,Less than $40K,6,4577,81,4,3,0,0.0010658685,,
717255333,40,$80K - $120K,1,2729,44,2,2,1,0.99831223,0.35271904,Low priority
714368883,50,Less than $40K,6,4338,73,5,3,0,0.0011522043,,
788797983,42,Unknown,5,4869,85,1,0,0,0.00022949687,,
720642633,43,$40K - $60K,6,3837,65,1,3,0,0.0012345115,,
708793008,46,$80K - $120K,5,2207,40,3,2,1,0.99533194,,
819351258,42,Less than $40K,5,5339,86,4,0,0,0.0013971739,,
715212108,41,Less than $40K,5,4565,84,5,3,0,0.00048556458,,
720046458,50,Less than $40K,6,4491,65,4,0,0,0.0065258653,,
779942808,42,Less than $40K,6,4482,74,2,3,0,0.002071076,,
713709258,43,$40K - $60K,3,4424,88,3,0,0,0.00024529744,,
779961408,58,Less than $40K,4,4854,74,4,0,0,0.002647602,,
798699033,52,Unknown,3,4408,80,3,3,0,0.0010197496,,
754968033,40,Less than $40K,4,4899,87,5,0,0,0.00021207271,,
710163633,41,$40K - $60K,3,4996,92,3,0,0,0.0005564807,,
781675983,59,Less than $40K,4,4706,84,5,0,0,0.008366584,,
720418383,45,Unknown,4,4854,80,1,3,0,0.00026250898,,
778486008,52,Less than $40K,4,3669,62,4,0,0,0.003040443,,
718303683,36,Less than $40K,4,2622,60,2,0,1,0.2700752,,
716756133,43,Less than $40K,4,5079,80,3,0,0,0.0014724951,,
711363258,49,Unknown,6,4680,77,3,3,0,0.0028989094,,
708551508,51,Less than $40K,4,4966,78,4,0,0,0.0033201438,,
715019883,52,$60K - $80K,5,4139,67,3,3,0,0.0016884257,,
711125358,45,$40K - $60K,4,4803,72,4,0,0,0.00033803663,,
708453408,40,$80K - $120K,6,3721,62,2,2,0,0.029159274,,
716370258,49,Less than $40K,5,4537,66,3,0,0,0.0051093814,,
803880108,47,$40K - $60K,6,4474,58,5,0,0,0.005521556,,
708660408,40,$40K - $60K,4,2459,43,2,0,1,0.99103326,,
709822008,42,Unknown,5,4317,66,3,0,0,0.002233731,,
716411358,43,Less than $40K,5,4676,78,5,3,0,0.001529428,,
717524433,52,$40K - $60K,5,4700,92,3,3,0,0.0007280421,,
721011858,63,Less than $40K,6,3913,78,3,2,0,0.0015825154,,
719734533,40,Less than $40K,6,4921,65,2,0,0,0.005059619,,
712285908,60,Less than $40K,5,5228,73,4,0,0,0.0034256494,,
713675658,36,Unknown,6,4636,85,3,3,0,0.0008001145,,
712869783,56,Less than $40K,5,4606,79,5,3,0,0.0024073208,,
708545058,45,$40K - $60K,5,5136,81,4,0,0,0.00059503096,,
817240833,51,Less than $40K,4,5023,78,3,3,0,0.0014962727,,
711671058,48,Unknown,5,2171,38,2,2,1,0.99751234,,
719815383,49,Unknown,4,5137,89,4,0,0,0.00077537884,,
808747233,50,$120K +,6,2573,55,3,2,1,0.57281846,,
713084208,43,$40K - $60K,6,2397,46,3,2,1,0.98707414,,
806652483,41,$40K - $60K,4,4391,67,5,0,0,0.0015726816,,
709803258,48,$80K - $120K,5,2400,52,2,3,1,0.94453204,,
717765183,55,Unknown,4,4956,72,5,2,0,0.0045284145,,
779041983,41,$40K - $60K,6,4439,81,2,3,0,0.00072306854,,
709868433,43,Less than $40K,3,4409,69,3,0,0,0.0013751495,,
818699208,47,Unknown,4,2400,43,4,2,1,0.9978352,,
717395733,42,$40K - $60K,4,4512,81,4,3,0,0.0015280393,,
719516208,54,$120K +,3,2329,47,2,2,1,0.9854371,,
717026658,43,Less than $40K,6,2866,47,3,2,1,0.9944878,,
801516183,52,Less than $40K,3,4610,90,3,0,0,0.00089867803,,
716231133,40,Less than $40K,5,3453,52,5,0,0,0.017020607,,
779625858,37,Less than $40K,6,5032,89,1,0,0,0.00028290827,,
709575858,53,$40K - $60K,4,4527,79,5,2,0,0.0020303589,,
720927183,56,Less than $40K,3,4536,81,5,3,0,0.0014581735,,
772198983,53,$40K - $60K,3,4463,89,5,0,0,0.0005603288,,
721122258,38,$40K - $60K,5,4377,62,5,2,0,0.00404444,,
758875908,40,Less than $40K,4,4699,81,4,0,0,0.00045420395,,
716501133,36,Less than $40K,6,3912,79,4,0,0,0.00016121157,,
719250783,41,Less than $40K,4,4637,68,2,3,0,0.0026178926,,
789179583,28,Unknown,5,4865,87,3,3,0,0.0003505532,,
708254733,41,Less than $40K,5,5171,85,4,0,0,0.002759393,,
719758758,42,Less than $40K,4,4917,66,2,0,0,0.00935818,,
805458933,39,$40K - $60K,6,4727,83,4,3,0,0.0013785056,,
720408708,49,Less than $40K,3,4109,61,4,3,0,0.014895466,,
788911458,40,Less than $40K,3,3840,69,1,3,0,0.0004524351,,
771862308,50,$80K - $120K,4,4916,87,3,0,0,0.0008020511,,
714616308,44,Less than $40K,6,4294,67,4,3,0,0.0020560161,,
721221783,62,Less than $40K,6,3546,65,3,2,0,0.009524141,,
766021083,55,Less than $40K,3,2578,42,5,2,1,0.99861515,,
771918033,54,$80K - $120K,3,4824,83,4,2,0,0.0025851892,,
719756133,34,$60K - $80K,3,3257,53,2,2,1,0.892975,,
711777633,41,$60K - $80K,5,4173,80,2,3,0,0.0008714317,,
713261133,38,$60K - $80K,5,2221,40,2,3,1,0.97710675,,
788519958,57,Less than $40K,6,4815,62,5,0,0,0.012069445,,
768412608,39,$40K - $60K,6,4309,79,3,0,0,0.00044123965,,
709972908,38,Less than $40K,5,4369,70,1,3,0,0.00036129923,,
713029683,64,Less than $40K,5,4738,82,4,3,0,0.0014832026,,
768243858,54,$80K - $120K,3,2717,46,4,0,1,0.99521154,,
711685758,60,$40K - $60K,3,4791,101,2,3,0,0.00043261354,,
714528258,46,$60K - $80K,3,4904,75,1,3,0,0.00095742074,,
818930808,36,Less than $40K,3,3937,70,2,0,0,0.0006077002,,
713310558,47,$40K - $60K,5,4130,74,2,0,0,0.0008637173,,
719995008,44,Unknown,6,5024,69,2,3,0,0.0129857175,,
811713408,58,$40K - $60K,4,4897,81,2,0,0,0.0004660286,,
709649958,62,$60K - $80K,4,2281,45,5,2,1,0.99692994,,
708822783,53,Less than $40K,4,4862,77,3,0,0,0.005073149,,
771869508,51,Less than $40K,4,4924,81,3,0,0,0.0008571041,,
804413508,41,$80K - $120K,6,4506,90,2,3,0,0.00081554434,,
815756058,54,Less than $40K,3,4752,72,2,0,0,0.0013271536,,
712278108,46,$40K - $60K,6,4821,67,3,0,0,0.0032419625,,
717072108,50,$40K - $60K,3,2571,44,3,2,1,0.998279,,
721460283,49,Less than $40K,5,2144,51,1,0,1,0.8701502,,
784827108,39,Less than $40K,6,4043,72,3,0,0,0.0008492816,,
717862308,45,$40K - $60K,6,3835,78,3,0,0,0.0007825345,,
716726058,48,Less than $40K,4,4609,79,1,0,0,0.00018479214,,
717405408,31,Unknown,3,4143,82,2,0,0,0.00023180021,,
718734408,57,$40K - $60K,3,4823,62,4,0,0,0.031061895,,
771666783,43,$40K - $60K,5,4883,68,1,3,0,0.001916262,,
789301458,41,Unknown,5,4675,78,2,3,0,0.0008409069,,
772329183,48,$40K - $60K,4,3481,78,4,3,0,0.0009881656,,
713792583,52,Unknown,5,4572,76,2,3,0,0.0005572248,,
719577258,43,Less than $40K,3,1937,39,3,2,1,0.9534014,,
770878458,27,Less than $40K,3,3855,73,2,0,0,0.00029485507,,
798308058,39,$40K - $60K,6,4412,81,1,3,0,0.00047535743,,
772528158,55,Less than $40K,4,2546,42,3,2,1,0.99841547,,
718707933,54,$60K - $80K,4,2750,51,3,2,1,0.97999865,,
709791333,40,Less than $40K,6,4751,80,1,0,0,0.00017748991,,
710090958,51,$80K - $120K,6,4182,71,3,0,0,0.0011827332,,
772687983,53,$60K - $80K,5,4811,56,3,2,0,0.7293006,,
714707133,47,Less than $40K,5,4443,86,1,3,0,0.00017785873,,
720126033,42,$80K - $120K,3,4682,90,3,0,0,0.0003663703,,
713995233,38,Less than $40K,6,4707,88,4,3,0,0.00045911115,,
771638733,49,$40K - $60K,5,2750,59,2,3,1,0.73163813,,
715009833,51,Less than $40K,3,5149,90,4,0,0,0.00033682448,,
711497283,54,Less than $40K,5,4237,87,6,0,0,0.00050963234,,
803418783,40,$60K - $80K,5,4680,87,4,3,0,0.0006582625,,
814611633,47,Less than $40K,3,4150,69,1,0,0,0.00026752186,,
709411383,45,$40K - $60K,6,4275,78,4,0,0,0.0005381315,,
825753258,47,$60K - $80K,4,4495,81,3,3,0,0.0007647066,,
713930433,57,$80K - $120K,5,1920,53,3,2,1,0.9844058,,
715941633,50,Less than $40K,3,3800,69,3,2,0,0.002563497,,
772162683,34,Less than $40K,6,2768,45,2,3,1,0.97315514,,
712531008,43,$120K +,4,2510,32,3,2,1,0.9942253,,
711583458,48,Less than $40K,4,4913,82,3,3,0,0.0012299985,,
714418983,43,$40K - $60K,4,4509,80,2,3,0,0.0011488474,,
708699108,39,Less than $40K,4,4890,53,3,0,0,0.0773184,,
771749733,41,$40K - $60K,5,3680,81,2,3,0,0.00074947934,,
715235808,47,Less than $40K,3,4636,75,3,0,0,0.00091735803,,
716666133,51,$120K +,6,4657,70,4,3,0,0.016268827,,
716709858,34,Less than $40K,1,2721,54,2,2,1,0.9790006,0.5096771,Test
715356258,42,Less than $40K,4,4384,78,2,0,0,0.00035554197,,
720389283,58,Less than $40K,6,4999,83,3,0,0,0.0024091846,,
778131333,38,Less than $40K,6,5154,80,3,3,0,0.0036206015,,
708286683,57,$80K - $120K,6,4884,86,3,3,0,0.0013810325,,
814765533,44,$40K - $60K,4,2971,54,3,2,1,0.9532886,,
814195758,42,$60K - $80K,4,4642,78,1,0,0,0.00016287147,,
717121758,58,Less than $40K,5,4627,68,3,0,0,0.0042172293,,
768720708,41,Less than $40K,4,4268,84,4,0,0,0.00026631483,,
718032483,33,Less than $40K,5,4688,89,3,0,0,0.00039204027,,
809966058,48,Less than $40K,4,4569,81,4,0,0,0.00065174047,,
711553308,60,$40K - $60K,3,4542,88,1,0,0,0.0001622417,,
708253458,59,Unknown,4,4857,81,2,3,0,0.0007371173,,
711276933,56,Less than $40K,6,4851,84,4,0,0,0.0007473425,,
718165758,41,$40K - $60K,6,5466,85,3,0,0,0.0017522675,,
780089658,36,$60K - $80K,4,5638,86,2,3,0,0.0076852543,,
826421958,46,Less than $40K,5,1843,44,4,2,1,0.91885895,,
778712658,52,Less than $40K,4,4026,86,4,0,0,0.00048588985,,
708158133,45,$80K - $120K,3,2188,50,2,0,1,0.98445314,,
712514508,47,$120K +,6,3073,49,4,3,0,0.109892674,,
710725383,42,$40K - $60K,3,3282,66,2,3,0,0.06274304,,
772601283,39,$80K - $120K,6,2514,32,2,3,0,0.3622518,,
716371308,40,$40K - $60K,6,4497,84,6,3,0,0.000882751,,
718518858,50,$40K - $60K,4,5056,81,3,0,0,0.001261938,,
712579983,40,Unknown,5,2258,59,2,3,0,0.8997769,,
716511483,46,Less than $40K,3,3404,54,3,3,0,0.021311028,,
708653958,38,$60K - $80K,5,2608,36,2,2,1,0.90496,,
712161858,55,Less than $40K,4,2244,54,2,3,1,0.9466879,,
716761308,37,Less than $40K,3,5199,83,3,3,0,0.0027366308,,
710547783,57,$40K - $60K,3,4912,82,4,0,0,0.0015575999,,
772118583,43,Less than $40K,6,4596,85,2,0,0,0.0006791652,,
712154883,54,Less than $40K,3,4823,72,2,0,0,0.0012411317,,
793842558,39,Less than $40K,6,4509,69,4,0,0,0.0008448375,,
792695808,41,$120K +,5,4775,84,4,3,0,0.000741449,,
798047583,45,Unknown,6,4596,71,3,3,0,0.0015312415,,
719453283,45,Less than $40K,3,4454,76,4,0,0,0.0010188455,,
717637908,36,Less than $40K,4,4951,96,3,0,0,0.0001997516,,
708303108,50,Less than $40K,5,4940,94,3,0,0,0.00010162761,,
788876208,42,Less than $40K,5,3826,71,3,2,0,0.003122593,,
772069683,59,$60K - $80K,3,4716,79,1,0,0,0.00019736466,,
780143283,43,$40K - $60K,4,2678,37,3,0,1,0.9947078,,
805453908,33,$40K - $60K,6,4355,79,1,0,0,0.000111278525,,
780897858,38,Less than $40K,4,3770,76,3,3,0,0.00047058795,,
719881533,46,$40K - $60K,5,1561,41,3,2,1,0.9829857,,
717346833,44,Less than $40K,3,3764,76,2,3,0,0.00085829565,,
718555308,59,$40K - $60K,3,4845,88,4,2,0,0.004210551,,
771783333,49,$40K - $60K,6,2379,57,2,3,1,0.93270606,,
709208808,50,Less than $40K,5,4275,71,2,0,0,0.00079624343,,
818901708,41,Unknown,3,4539,90,1,3,0,0.00016747284,,
713247408,51,Less than $40K,3,4333,68,1,0,0,0.00027487366,,
715617333,36,Less than $40K,3,4957,88,3,3,0,0.0007886254,,
714230808,36,Less than $40K,6,5005,76,4,0,0,0.00045466752,,
715866033,37,Less than $40K,5,3840,72,2,0,0,0.0011395492,,
718065333,39,$40K - $60K,4,3711,81,4,0,0,0.00033686816,,
710756133,40,Less than $40K,5,4290,73,6,0,0,0.00037708212,,
713873658,45,$120K +,4,4767,76,3,0,0,0.0015626402,,
771499233,46,Less than $40K,6,4374,76,1,3,0,0.00032158612,,
711274458,38,Less than $40K,4,2478,45,3,2,1,0.9904439,,
790108908,44,$80K - $120K,5,4043,57,1,3,0,0.006587044,,
797389758,42,$40K - $60K,6,4232,79,2,3,0,0.0013496765,,
827100333,49,Less than $40K,3,5208,93,3,0,0,0.000326902,,
711647808,55,Less than $40K,4,4414,82,1,0,0,0.00015156665,,
714035283,56,Less than $40K,6,2371,46,2,0,1,0.8737689,,
720553158,39,Less than $40K,5,5001,82,2,0,0,0.00040084333,,
717924933,48,Unknown,3,4956,88,4,0,0,0.0008225799,,
802856508,42,$80K - $120K,6,4363,76,3,3,0,0.00064464455,,
708376983,58,Unknown,5,2119,37,2,2,1,0.9739552,,
712673283,36,Less than $40K,3,4886,85,2,3,0,0.0012985565,,
711862533,55,Less than $40K,5,2500,42,3,0,1,0.94510525,,
772407333,41,Less than $40K,5,1730,30,3,2,1,0.9968587,,
778356408,51,$40K - $60K,6,4275,78,2,0,0,0.00068416673,,
716791908,43,$80K - $120K,5,4480,77,2,3,0,0.0069427104,,
757761033,35,$40K - $60K,5,4673,73,6,0,0,0.0008349045,,
758186433,37,Less than $40K,3,5038,84,2,0,0,0.0008919273,,
786546783,59,$40K - $60K,3,4457,79,2,3,0,0.00021752575,,
789634983,59,$40K - $60K,5,4911,86,1,0,0,0.00023624324,,
720654183,45,$80K - $120K,2,2152,46,3,2,1,0.9947876,0.69265616,Priority
715880283,57,$120K +,4,4649,89,4,3,0,0.0014120592,,
719990358,36,Less than $40K,3,4620,77,1,3,0,0.00032160114,,
779348358,52,Less than $40K,5,3004,46,3,2,1,0.9897843,,
715130808,45,$60K - $80K,5,4912,80,1,3,0,0.00020316684,,
713818158,50,$80K - $120K,5,5173,64,4,2,0,0.057033367,,
709728183,46,Less than $40K,3,4370,79,2,3,0,0.0008105913,,
715797783,55,$40K - $60K,3,4615,81,2,0,0,0.00032080986,,
710879283,51,Less than $40K,3,4312,81,4,2,0,0.0009363966,,
827051808,44,Less than $40K,5,2478,45,4,2,1,0.9348503,,
710484408,39,$120K +,6,2306,50,3,2,1,0.8452698,,
817108083,55,$60K - $80K,3,1625,34,3,2,1,0.43075353,,
715995933,46,$120K +,6,4619,83,2,0,0,0.0010285616,,
713567958,54,Less than $40K,4,4280,82,4,0,0,0.0006258052,,
779118708,50,Less than $40K,4,4598,78,3,3,0,0.00092120055,,
721484283,51,Less than $40K,4,4985,84,2,0,0,0.0012352396,,
708817608,41,Unknown,3,4218,74,1,3,0,0.00024027741,,
789231858,59,$60K - $80K,5,5177,79,3,0,0,0.0013318197,,
788661408,47,Less than $40K,4,4757,79,5,0,0,0.0009706343,,
813449508,61,$60K - $80K,6,2485,40,2,2,1,0.9694797,,
789925833,50,Unknown,3,4402,64,1,3,0,0.0013669019,,
709296558,53,$120K +,3,5364,90,2,3,0,0.018911652,,
780180033,31,Less than $40K,5,4397,86,1,3,0,0.0003972686,,
713474733,51,$80K - $120K,5,1783,40,3,2,1,0.962843,,
771527508,60,$60K - $80K,3,3488,66,4,2,0,0.006511552,,
709614333,59,Unknown,4,4649,74,3,3,0,0.0021317739,,
767005683,60,$40K - $60K,6,3527,66,2,0,0,0.0011048843,,
718686558,50,$120K +,3,3974,65,2,3,0,0.0024288555,,
715655283,42,Less than $40K,6,4420,65,3,0,0,0.0054393164,,
819631158,54,Less than $40K,3,5924,88,3,0,0,0.0017040482,,
710866758,42,Less than $40K,5,4074,73,1,0,0,0.0003149384,,
790119408,48,Less than $40K,5,2430,48,3,2,1,0.9844781,,
771332283,50,$80K - $120K,5,5056,80,1,0,0,0.0010860758,,
771408483,48,$60K - $80K,4,3584,61,1,0,0,0.00069009146,,
811912608,52,$40K - $60K,3,5077,87,2,0,0,0.00024276439,,
708684108,46,$40K - $60K,5,2218,30,3,2,1,0.9498783,,
768638208,50,Less than $40K,3,4890,65,1,0,0,0.013488259,,
803115258,62,$40K - $60K,2,2113,40,6,2,1,0.9849178,0.37572542,Low priority
708869283,50,$80K - $120K,6,3530,71,3,2,0,0.0036379013,,
720892833,50,$40K - $60K,5,4199,67,3,3,0,0.00426773,,
709762008,48,Less than $40K,5,4619,78,1,3,0,0.00026470536,,
708600033,46,$40K - $60K,4,4958,87,3,3,0,0.0016735173,,
708736608,40,$120K +,5,2108,39,3,2,1,0.9655078,,
713047608,40,Less than $40K,6,2134,41,1,0,1,0.14882879,,
711717258,54,$40K - $60K,3,5315,82,4,0,0,0.0029595064,,
711886383,54,Unknown,5,2426,46,3,2,1,0.99174607,,
713058858,54,Less than $40K,5,2130,48,3,0,1,0.9783483,,
713993208,37,Less than $40K,3,4314,82,5,3,0,0.0007287574,,
717855933,38,$40K - $60K,3,4350,71,2,0,0,0.0010435182,,
713436183,42,$40K - $60K,4,4739,80,3,3,0,0.004749715,,
778360608,42,Less than $40K,5,4186,77,3,0,0,0.0005389631,,
710914158,45,Less than $40K,5,4405,55,1,0,0,0.006018411,,
714789033,54,Less than $40K,3,2763,51,3,0,1,0.92896366,,
809811858,43,$80K - $120K,3,2530,43,3,2,1,0.99772483,,
826709658,45,$40K - $60K,1,2214,43,3,2,1,0.9988238,0.5639714,Priority
752648883,49,Less than $40K,6,4842,69,3,0,0,0.005447368,,
715771608,41,$120K +,3,4147,76,3,3,0,0.014602915,,
719061933,44,Unknown,6,4190,67,4,3,0,0.0016615994,,
792345258,46,Unknown,5,4620,70,2,3,0,0.0057968656,,
711765708,39,Less than $40K,3,3875,60,4,3,0,0.0049192463,,
783393633,46,$80K - $120K,6,4256,78,4,3,0,0.00049854565,,
779667408,58,$80K - $120K,4,4235,73,2,0,0,0.00065695704,,
805461783,47,Less than $40K,3,4735,87,4,3,0,0.00031325666,,
719098308,56,Less than $40K,5,2516,59,4,2,1,0.89764506,,
771433608,54,$80K - $120K,5,4053,70,2,3,0,0.0022886961,,
825811158,51,Less than $40K,5,4512,83,2,0,0,0.00069537194,,
715252383,58,Unknown,5,3595,52,4,2,0,0.08846153,,
809092458,36,$40K - $60K,5,5211,83,2,0,0,0.0010305513,,
713706258,52,Less than $40K,6,4890,63,2,0,0,0.009526957,,
714693708,45,$40K - $60K,3,4103,77,3,0,0,0.0003845235,,
721072908,51,$60K - $80K,6,5102,69,2,0,0,0.002453531,,
716675358,54,Less than $40K,5,4607,83,2,3,0,0.0011639445,,
708128733,50,Unknown,5,5014,99,4,3,0,0.0005699908,,
711392508,37,Less than $40K,4,4513,75,2,3,0,0.0019208557,,
771420708,42,Less than $40K,3,4860,68,2,0,0,0.0013440659,,
721207908,47,Less than $40K,5,4655,95,2,3,0,0.00052657345,,
715798608,45,$40K - $60K,4,4016,89,4,3,0,0.0005898367,,
716758008,40,$40K - $60K,5,4813,83,2,0,0,0.00062376034,,
714847983,48,$80K - $120K,3,4220,79,4,0,0,0.00048954133,,
716975583,42,$40K - $60K,4,4406,62,4,0,0,0.0053508817,,
804434058,47,$60K - $80K,6,4660,79,4,3,0,0.0029523238,,
714293358,54,Less than $40K,3,4584,70,2,3,0,0.002354849,,
710989008,38,$40K - $60K,5,3201,78,6,3,0,0.00019524829,,
757194408,43,$60K - $80K,2,1707,38,3,3,1,0.9531556,0.52979606,Test
711459483,43,Less than $40K,6,4845,66,2,3,0,0.013685956,,
762020133,37,Unknown,3,2446,47,3,2,1,0.99027807,,
719256483,41,$40K - $60K,5,4144,79,3,3,0,0.0008824734,,
717211608,45,Less than $40K,6,4776,68,4,3,0,0.006583129,,
717125958,49,Less than $40K,6,4747,80,5,0,0,0.0005480141,,
779261433,54,Less than $40K,3,3553,61,1,0,0,0.00073853764,,
780720258,45,Less than $40K,4,2684,39,2,0,1,0.9959753,,
715593783,52,$80K - $120K,4,4286,72,2,3,0,0.0018628894,,
770858283,40,$40K - $60K,5,5371,93,2,0,0,0.00031844463,,
718570158,54,Less than $40K,3,4731,83,3,0,0,0.001472059,,
711039633,52,Less than $40K,5,4653,65,3,3,0,0.053281598,,
714074808,58,Less than $40K,3,4653,75,3,0,0,0.0013287669,,
710439483,51,Less than $40K,3,4431,79,4,0,0,0.0002461561,,
717516333,40,$120K +,6,4125,82,4,3,0,0.00038876387,,
788835408,49,Less than $40K,6,2648,41,3,2,1,0.99527884,,
716414958,39,Unknown,3,3659,66,3,0,0,0.0013649545,,
712327608,54,Less than $40K,4,2321,45,3,2,1,0.991738,,
796326483,42,$80K - $120K,5,5416,82,4,3,0,0.046130553,,
714146208,40,Less than $40K,6,3872,71,1,0,0,0.00022678461,,
779166783,41,$40K - $60K,5,3968,81,1,0,0,0.0001224433,,
720818658,50,Less than $40K,3,4594,86,3,3,0,0.00092060305,,
712982808,47,$80K - $120K,1,2388,42,3,2,1,0.9997008,0.28647488,Low priority
718657083,46,$60K - $80K,4,4828,62,3,3,0,0.06656882,,
715222533,52,Less than $40K,5,2340,36,3,2,1,0.9626112,,
718187508,53,Unknown,3,4208,68,4,0,0,0.0007843367,,
802455633,56,Less than $40K,4,4371,74,4,3,0,0.0019398642,,
714493983,57,$40K - $60K,5,4322,83,2,3,0,0.00050972274,,
780664758,56,$40K - $60K,6,4532,95,1,3,0,0.00016466992,,
718466883,34,Less than $40K,6,4237,79,1,0,0,0.00020491055,,
771338658,46,$80K - $120K,6,4277,89,3,3,0,0.0006976151,,
709052883,47,$40K - $60K,3,5678,81,1,3,0,0.004110544,,
708373083,40,$40K - $60K,1,2032,39,3,2,1,0.9966209,0.32804045,Low priority
716157408,53,$60K - $80K,4,4229,73,4,3,0,0.000894657,,
713305233,55,$80K - $120K,5,4802,81,5,3,0,0.0065444526,,
713000058,51,$40K - $60K,4,4075,75,2,3,0,0.0019245113,,
714909858,52,Less than $40K,6,5283,90,3,0,0,0.0009780155,,
804371733,40,$80K - $120K,5,3991,84,2,3,0,0.00044614417,,
772846383,45,Less than $40K,3,4787,89,4,0,0,0.00044369404,,
712552608,46,Less than $40K,3,2658,43,3,3,1,0.9972516,,
719887008,38,Less than $40K,5,4121,81,4,0,0,0.0005114412,,
773342808,46,Less than $40K,6,5084,79,4,0,0,0.0016909546,,
708375858,47,Less than $40K,5,4318,68,4,0,0,0.0008056889,,
789417708,44,$40K - $60K,3,4988,90,2,0,0,0.00044322055,,
794675058,36,$80K - $120K,5,2491,43,3,3,1,0.13599445,,
718034058,40,$60K - $80K,3,4252,68,2,3,0,0.0010444312,,
778919583,49,Less than $40K,3,4253,68,2,0,0,0.00019964822,,
713850783,56,Unknown,6,4876,70,2,3,0,0.009434984,,
814785108,45,Less than $40K,5,4473,76,3,0,0,0.00064224587,,
809616108,38,Less than $40K,3,2812,59,3,2,1,0.92329216,,
809378133,43,Less than $40K,6,4880,79,1,3,0,0.0006134032,,
779658408,48,$40K - $60K,6,4242,65,3,0,0,0.005025795,,
717954333,39,Less than $40K,4,5093,77,2,0,0,0.00066767837,,
737052258,62,Less than $40K,6,4525,63,1,0,0,0.110472344,,
708108333,47,Unknown,3,1507,32,3,2,1,0.9921834,,
715047333,57,Unknown,5,4313,92,2,0,0,0.00015928176,,
714390858,48,Unknown,4,5016,73,2,3,0,0.022766273,,
717107808,48,$40K - $60K,6,4600,76,4,0,0,0.00050415425,,
713564208,34,Less than $40K,4,4159,64,1,0,0,0.0003107103,,
720357483,46,Less than $40K,5,4112,82,2,0,0,0.0003576995,,
803339583,49,Less than $40K,4,4898,82,4,3,0,0.0046580364,,
708972783,48,Less than $40K,3,2297,44,2,2,1,0.9969811,,
710157108,42,$40K - $60K,6,4629,75,2,0,0,0.0019392865,,
721483158,47,$60K - $80K,4,4512,72,3,3,0,0.0025003524,,
767553333,45,$80K - $120K,1,2600,44,3,2,1,0.99910337,0.3980272,Low priority
710436108,41,$40K - $60K,5,4184,61,4,3,0,0.007980097,,
779870883,45,$40K - $60K,3,3746,68,2,0,0,0.0014897089,,
817188408,57,$80K - $120K,4,4679,67,4,0,0,0.005406826,,
719723658,49,Less than $40K,6,4628,90,1,3,0,0.00017086806,,
806189658,50,Less than $40K,4,4630,73,2,0,0,0.00094857207,,
789070233,51,Less than $40K,5,4339,72,4,0,0,0.002056793,,
712013808,44,Unknown,6,4196,71,3,0,0,0.0008165343,,
708602283,40,Unknown,3,3941,82,3,3,0,0.00058775133,,
809452383,37,Less than $40K,6,4733,89,1,3,0,0.00024592667,,
714413283,46,$80K - $120K,6,4629,69,1,3,0,0.0026725791,,
712407783,39,Less than $40K,5,4452,83,3,0,0,0.00021183325,,
720062508,38,$40K - $60K,6,2527,41,2,3,1,0.9955766,,
717878883,45,Less than $40K,3,4463,71,4,3,0,0.0003848418,,
714013983,37,Less than $40K,3,2109,41,3,2,1,0.99713624,,
753208833,43,$40K - $60K,5,3967,71,3,0,0,0.0011464778,,
721241583,48,Less than $40K,5,2935,60,3,0,0,0.08298992,,
713695158,51,Less than $40K,5,5019,78,4,0,0,0.00078304287,,
711540108,44,Unknown,5,2316,48,3,2,1,0.9990288,,
823878408,39,$80K - $120K,6,4824,76,2,3,0,0.0014739963,,
779533983,47,$80K - $120K,3,4412,90,1,3,0,0.00023207198,,
713583408,51,$40K - $60K,2,2179,50,3,3,1,0.9276397,0.54642147,Test
714037308,54,$60K - $80K,3,4798,86,1,0,0,0.00029028978,,
715581633,53,$40K - $60K,4,5085,73,3,3,0,0.0050972253,,
795684783,48,$60K - $80K,5,3149,59,4,0,0,0.013364745,,
718645308,35,Less than $40K,3,4730,89,3,0,0,0.0006543485,,
717870108,46,$40K - $60K,6,4841,81,4,0,0,0.00036579953,,
815515158,49,$40K - $60K,6,4240,69,1,0,0,0.00034667423,,
713957283,42,Less than $40K,3,2119,44,2,2,1,0.9956462,,
715058433,43,Less than $40K,5,5125,87,3,3,0,0.0016691698,,
794771208,52,$80K - $120K,5,3724,66,1,0,0,0.0010115472,,
720180633,50,$120K +,3,4128,73,2,0,0,0.0008514512,,
815539233,54,$80K - $120K,1,1201,22,3,2,1,0.9932295,0.07979863,Low priority
778933983,55,Unknown,4,3882,55,3,3,0,0.011315835,,
717960033,52,Less than $40K,6,4084,86,3,0,0,0.0006846723,,
825368658,40,Less than $40K,5,4795,82,5,0,0,0.000770346,,
721154208,60,Less than $40K,3,4933,103,4,0,0,0.00041358944,,
718572408,45,Less than $40K,5,4774,92,2,3,0,0.0004491204,,
749571633,44,Unknown,4,4262,75,3,3,0,0.0025115495,,
713914683,44,$40K - $60K,3,4819,74,4,0,0,0.0027117417,,
713301633,57,Unknown,5,4402,87,1,0,0,0.00011159934,,
711399408,34,Unknown,2,2462,40,3,2,1,0.9950118,0.4823376,Test
711494208,52,Less than $40K,3,5092,86,3,0,0,0.0015867159,,
711716133,42,$40K - $60K,6,2360,40,3,0,1,0.9931896,,
713906508,42,Less than $40K,6,3892,69,3,2,0,0.006674357,,
708768258,51,Less than $40K,6,4678,91,1,0,0,0.000115052135,,
719538183,47,$60K - $80K,4,4105,67,4,2,0,0.004226463,,
718957083,48,Less than $40K,5,4797,88,2,3,0,0.0008234418,,
720872433,39,$40K - $60K,5,2867,42,3,2,1,0.9982014,,
779403558,56,Less than $40K,5,4611,73,1,3,0,0.00043030025,,
788994783,48,Less than $40K,3,4519,76,4,0,0,0.00097354007,,
715530258,46,Unknown,1,2353,53,3,0,1,0.99004257,0.45888016,Test
803380383,46,Less than $40K,3,4615,90,3,0,0,0.00042737022,,
716766033,40,Less than $40K,5,4439,65,2,0,0,0.0009467875,,
757300008,44,Unknown,4,4251,80,3,3,0,0.00087678287,,
810986883,45,Unknown,5,4808,83,4,0,0,0.00014259914,,
819200133,44,$60K - $80K,5,4646,62,4,2,0,0.097269095,,
710410158,49,$80K - $120K,3,1592,35,4,2,1,0.9460362,,
714488433,45,$80K - $120K,5,4837,77,2,3,0,0.0040268553,,
714267858,44,Unknown,6,4934,76,2,3,0,0.0013378718,,
827062158,58,$80K - $120K,6,4192,66,3,3,0,0.0077576693,,
710669733,38,$40K - $60K,4,4922,80,2,0,0,0.0004212726,,
716498883,48,$80K - $120K,6,3577,64,4,3,0,0.0023100842,,
780529908,43,Less than $40K,3,5098,79,3,0,0,0.00039080894,,
714028083,36,Unknown,6,4095,65,1,3,0,0.001054116,,
714572208,59,$60K - $80K,6,4297,65,3,0,0,0.0013514066,,
708976908,40,$80K - $120K,4,2131,43,4,2,1,0.99379385,,
721409358,36,Less than $40K,3,4547,73,2,3,0,0.0011400383,,
809311758,40,$60K - $80K,6,4429,87,3,3,0,0.0005956222,,
712602708,36,$80K - $120K,4,2039,34,1,2,1,0.96393484,,
789087858,60,$40K - $60K,4,4589,69,2,0,0,0.0036179346,,
711264033,47,$40K - $60K,4,4973,74,2,3,0,0.010884509,,
770180808,37,Unknown,3,5001,91,3,3,0,0.0006848517,,
789271533,51,Less than $40K,5,4653,74,3,0,0,0.0011348439,,
720152058,42,Less than $40K,5,4965,85,1,0,0,0.0005166198,,
826490133,42,Unknown,6,4685,76,3,3,0,0.0017403075,,
717966933,45,Unknown,3,5024,81,1,0,0,0.00018348078,,
808669083,52,Less than $40K,3,5015,68,1,3,0,0.003310199,,
771422883,57,Less than $40K,1,2705,35,4,2,1,0.9998466,0.23250419,Low priority
717570258,46,Less than $40K,6,4455,67,2,0,0,0.0019286238,,
708703308,35,$40K - $60K,6,2183,39,4,0,1,0.892973,,
789508758,54,Less than $40K,3,3669,67,2,2,0,0.0033832237,,
780653208,47,Less than $40K,5,3784,55,4,0,0,0.01658795,,
709077933,26,Less than $40K,5,4460,62,3,3,0,0.002700127,,
715200783,56,Unknown,6,5209,76,2,0,0,0.0024578902,,
710526633,47,$60K - $80K,3,4855,88,3,0,0,0.0003518382,,
714186108,37,Less than $40K,6,4126,71,5,0,0,0.0004663468,,
820047858,44,Less than $40K,1,2096,50,4,0,1,0.9670707,0.5890269,Priority
708894183,53,$120K +,4,4485,86,4,3,0,0.003244469,,
708186933,33,$60K - $80K,4,2254,45,3,2,1,0.9646457,,
778937583,46,Less than $40K,5,4382,83,1,0,0,0.000121654244,,
708498033,44,Less than $40K,3,2789,52,4,2,1,0.9720213,,
815315058,48,$40K - $60K,4,2520,45,2,2,1,0.99725586,,
751607058,45,$120K +,4,4413,77,3,3,0,0.001461654,,
718194858,48,Unknown,5,4940,88,2,0,0,0.00031739983,,
827123883,53,$60K - $80K,5,4472,92,1,3,0,0.0004838841,,
711473058,44,$60K - $80K,6,3870,64,3,3,0,0.005715356,,
715197633,43,$40K - $60K,5,4658,93,4,3,0,0.0008385357,,
713512308,50,Less than $40K,2,2229,45,3,2,1,0.99771273,0.2583963,Low priority
790023408,47,Less than $40K,6,4037,83,2,0,0,0.00068090926,,
720403008,50,Unknown,4,4918,79,4,3,0,0.032115422,,
709581483,40,Less than $40K,1,2373,53,2,0,1,0.9801317,0.5576195,Priority
711201108,37,Less than $40K,3,2284,35,3,2,1,0.9990609,,
708784083,47,Less than $40K,5,4307,83,2,0,0,0.0004218225,,
712838358,40,Less than $40K,5,4702,84,2,3,0,0.0009941757,,
714887808,43,Less than $40K,1,2279,50,3,2,1,0.9959462,0.4472257,Test
716581983,56,$40K - $60K,5,4792,91,2,3,0,0.0012248602,,
716930133,43,Less than $40K,3,4594,86,3,3,0,0.0006337892,,
808981608,50,Less than $40K,4,4220,66,1,3,0,0.00048687088,,
709714008,50,Unknown,6,2325,45,3,2,1,0.99322367,,
811942983,55,$120K +,3,4836,74,2,3,0,0.001684495,,
715565058,27,Less than $40K,3,4479,70,1,3,0,0.001236952,,
714519408,44,Less than $40K,2,1979,48,3,2,1,0.9798162,0.43865302,Test
719153433,49,Unknown,4,4972,79,2,3,0,0.00070107315,,
809127858,51,$40K - $60K,4,4807,72,1,0,0,0.0006364192,,
712740108,43,Less than $40K,6,2371,45,3,3,1,0.9973513,,
720251358,54,Less than $40K,6,2313,43,3,0,1,0.99619055,,
713935533,44,$40K - $60K,5,3966,78,1,3,0,0.00066557317,,
710243208,56,Less than $40K,3,4846,80,3,3,0,0.001301858,,
708870408,53,Less than $40K,6,4271,56,3,0,0,0.008512595,,
795844983,45,$40K - $60K,6,3916,64,4,3,0,0.0203119,,
828294933,49,Less than $40K,3,2519,36,2,0,1,0.99012494,,
713531808,38,Less than $40K,6,4475,74,1,3,0,0.0003918542,,
712307283,54,$120K +,6,2239,43,2,2,1,0.9542837,,
715778358,45,$120K +,6,3643,59,3,3,0,0.005596587,,
778910883,53,$80K - $120K,4,2169,43,3,0,1,0.942509,,
710637183,48,Unknown,3,4538,71,3,0,0,0.0020847933,,
712781883,36,Less than $40K,6,5121,83,1,3,0,0.00041376313,,
709664658,40,$80K - $120K,4,4071,69,3,3,0,0.000978867,,
717574683,53,$40K - $60K,6,4756,85,3,0,0,0.0007799244,,
771497283,40,Less than $40K,4,4736,79,6,0,0,0.00032350246,,
714991608,41,$40K - $60K,3,4300,68,3,0,0,0.0013222678,,
779848383,37,Less than $40K,4,2348,47,2,2,1,0.98950267,,
715495308,43,Less than $40K,5,3923,73,4,3,0,0.0014049541,,
712431183,52,Less than $40K,4,5282,80,3,3,0,0.010818393,,
714895608,48,Unknown,4,4364,62,4,0,0,0.0047544283,,
718324983,60,Less than $40K,5,4522,83,3,0,0,0.0004360184,,
713541033,39,Less than $40K,4,4571,85,2,0,0,0.00023318965,,
771989733,37,$40K - $60K,4,4413,65,1,0,0,0.0009869843,,
789698733,40,Less than $40K,5,4438,78,3,3,0,0.000561452,,
787514433,34,Less than $40K,3,5075,71,3,0,0,0.0008547723,,
811081083,48,Less than $40K,5,4359,78,4,0,0,0.00037091272,,
717371583,56,Less than $40K,1,1954,45,3,2,1,0.9991416,0.37789544,Low priority
715579233,44,$40K - $60K,4,4861,74,1,3,0,0.0012892626,,
781930233,47,Less than $40K,6,4717,70,1,0,0,0.0007105671,,
716825808,45,Less than $40K,5,4063,75,1,0,0,8.475566e-05,,
757053408,47,Unknown,3,3578,76,1,0,0,0.00012891392,,
788418933,35,$40K - $60K,5,5000,85,2,0,0,0.0006226185,,
788898933,42,Less than $40K,6,5198,77,2,3,0,0.00402899,,
712163433,47,$40K - $60K,1,2164,36,2,2,1,0.99440753,0.5853888,Priority
717343833,47,Unknown,4,4518,86,1,0,0,9.327036e-05,,
820868508,47,$40K - $60K,3,5192,75,4,3,0,0.01269123,,
789240258,50,$40K - $60K,4,4904,81,3,0,0,0.0012786223,,
716951658,51,$40K - $60K,5,4281,82,3,3,0,0.0014323476,,
718932633,45,Less than $40K,3,4301,64,2,0,0,0.0017974192,,
711487533,47,Less than $40K,3,1687,38,3,2,1,0.9984144,,
715306983,42,$60K - $80K,1,2833,42,2,2,1,0.99917585,0.3173694,Low priority
712771233,52,$80K - $120K,3,4461,80,4,0,0,0.0006515302,,
789637308,45,$40K - $60K,4,2580,50,3,2,1,0.98842645,,
717247383,48,$40K - $60K,5,4789,69,2,2,0,0.048024498,,
714842208,52,$40K - $60K,6,4357,69,4,0,0,0.000983425,,
794172033,58,Less than $40K,4,2347,45,1,2,1,0.98973316,,
713592408,43,Less than $40K,3,3391,66,3,3,0,0.0015730305,,
709314408,39,$40K - $60K,5,4516,82,3,3,0,0.0007201047,,
715957233,53,$60K - $80K,5,4694,75,1,3,0,0.0010415954,,
719414658,52,Unknown,3,4880,76,4,3,0,0.0048690597,,
719632683,40,$40K - $60K,6,4500,83,3,0,0,0.0009737498,,
708136908,62,Less than $40K,5,4655,68,2,3,0,0.0023443333,,
721393083,52,$40K - $60K,5,5035,64,3,3,0,0.059676133,,
714520233,59,Less than $40K,2,1992,38,3,2,1,0.998185,0.2814887,Low priority
709455108,49,Less than $40K,3,3768,79,2,0,0,0.00036903386,,
767058183,53,Less than $40K,5,4485,61,4,2,0,0.016728837,,
770800683,48,Less than $40K,3,4956,72,3,0,0,0.008439895,,
779651058,59,$40K - $60K,6,4797,65,2,0,0,0.0049715964,,
710443833,50,$120K +,4,4516,78,4,0,0,0.00062948436,,
717725433,54,$40K - $60K,3,2258,37,4,2,1,0.996748,,
720600858,41,$60K - $80K,5,3695,75,2,3,0,0.0009345351,,
717797658,57,Less than $40K,6,4970,87,2,0,0,0.0004461199,,
779458383,50,Less than $40K,6,4248,73,2,0,0,0.00046701852,,
788767983,43,$60K - $80K,3,4273,82,1,3,0,0.0005872046,,
711994458,47,Unknown,6,4234,75,4,3,0,0.00035159057,,
713948808,55,$60K - $80K,3,4873,97,2,0,0,0.00031024203,,
710456658,50,Less than $40K,4,5130,82,2,0,0,0.0004935455,,
771531708,46,Unknown,6,4683,87,3,3,0,0.0012965223,,
713546883,47,$60K - $80K,5,5039,76,2,3,0,0.0007180411,,
711447783,53,Less than $40K,4,5000,76,2,0,0,0.0006324207,,
713746608,48,Unknown,3,4240,67,2,3,0,0.0023451664,,
718020408,60,Less than $40K,3,4393,72,4,3,0,0.0019060593,,
719475633,42,$80K - $120K,6,4319,81,2,3,0,0.0010327961,,
719654283,52,$40K - $60K,3,4642,81,3,3,0,0.00872568,,
720114633,44,Less than $40K,3,5056,89,3,0,0,0.00068873406,,
816315558,38,$60K - $80K,5,4439,77,4,0,0,0.0004020017,,
712567083,51,$80K - $120K,5,4986,88,2,3,0,0.0021550334,,
711302883,50,Less than $40K,3,4194,72,2,0,0,0.0006221896,,
719775408,41,Unknown,4,5020,85,2,3,0,0.0010075518,,
712070208,61,Unknown,4,4141,82,4,0,0,0.0036247754,,
718641483,53,Less than $40K,3,4519,72,1,0,0,0.0004907622,,
710690733,47,Less than $40K,4,2816,38,3,2,1,0.9978955,,
718441308,41,$60K - $80K,3,4933,68,1,3,0,0.00094550196,,
772243833,54,Less than $40K,4,4077,75,1,3,0,0.0005083389,,
711992133,53,Less than $40K,4,4801,72,2,3,0,0.001801569,,
779084208,43,Less than $40K,4,2326,31,2,2,1,0.996154,,
715304958,42,Less than $40K,6,3053,50,2,3,1,0.9827708,,
713179083,32,Unknown,3,4419,75,2,0,0,0.000909156,,
709836258,45,Less than $40K,5,5127,81,1,0,0,0.00017488217,,
715950483,39,$40K - $60K,3,2397,35,3,2,1,0.9863955,,
798281808,48,$60K - $80K,5,5158,79,4,0,0,0.004336648,,
720414558,56,Less than $40K,6,4827,84,2,0,0,0.0006884745,,
713509908,48,Unknown,3,4719,90,1,0,0,0.0001064981,,
711919608,42,Less than $40K,4,2702,32,3,0,1,0.9821907,,
709993158,46,Less than $40K,5,3917,71,2,0,0,0.00024260266,,
767815233,46,Less than $40K,6,4283,88,4,3,0,0.0006965768,,
717624708,59,Less than $40K,6,2589,49,5,2,1,0.97986823,,
720015183,60,$120K +,6,4601,88,3,3,0,0.0006132442,,
778236858,54,Unknown,4,5547,87,1,3,0,0.0064069107,,
789095958,50,$60K - $80K,4,2497,42,3,2,1,0.9900636,,
713736333,41,$40K - $60K,1,1829,41,3,2,1,0.99955946,0.30989,Low priority
717836733,49,Less than $40K,6,4274,81,2,3,0,0.0004839722,,
712619808,47,Less than $40K,3,4265,87,2,0,0,0.00038072656,,
712221408,42,$40K - $60K,5,4767,82,3,0,0,0.0005235384,,
714213708,35,Less than $40K,4,2178,45,3,0,1,0.9605038,,
720289533,47,Unknown,5,4536,85,2,0,0,0.00026939515,,
709469658,47,$80K - $120K,3,4353,75,1,3,0,0.0004424643,,
772323033,44,Less than $40K,3,4363,78,2,3,0,0.00050041097,,
742572558,32,Unknown,5,4905,82,3,3,0,0.00084801164,,
718848183,50,$80K - $120K,6,4613,82,1,3,0,0.00026107777,,
719034183,46,Less than $40K,5,5490,86,1,0,0,0.00031580942,,
720142308,52,Less than $40K,5,2360,56,3,2,1,0.96477735,,
771872733,38,$60K - $80K,5,4666,69,2,3,0,0.0030945174,,
718816158,44,Less than $40K,3,3851,87,3,0,0,0.00037542428,,
720003558,43,Less than $40K,4,5653,79,4,0,0,0.0057021617,,
818993508,52,Less than $40K,4,5021,75,4,0,0,0.004718779,,
715672458,47,$60K - $80K,6,4557,71,3,0,0,0.0021096999,,
789820308,50,Less than $40K,3,3913,47,2,0,0,0.056142088,,
819688458,44,Less than $40K,6,2646,39,3,2,1,0.998899,,
710785383,49,Less than $40K,3,2394,55,3,3,1,0.89392555,,
712837233,46,$120K +,3,3671,55,1,2,0,0.0059529087,,
713597658,36,Less than $40K,3,2021,57,3,0,1,0.119333096,,
713953383,50,$60K - $80K,4,2214,41,3,2,1,0.9939412,,
716891583,41,Less than $40K,5,4537,60,2,0,0,0.0007638016,,
716510658,50,Less than $40K,4,2526,41,3,0,1,0.9860195,,
708125733,46,Less than $40K,4,4311,77,3,3,0,0.0008275073,,
716484333,46,Less than $40K,6,4410,84,1,0,0,0.0002179611,,
708519108,46,Unknown,3,2041,57,3,0,1,0.75265336,,
719740008,51,Less than $40K,3,2584,49,3,2,1,0.9781773,,
717087858,51,$40K - $60K,3,4253,74,3,0,0,0.0014380538,,
711605208,61,$80K - $120K,3,1958,47,3,2,1,0.8728741,,
714882258,38,Unknown,6,4583,67,1,0,0,0.0005802681,,
792300858,44,$40K - $60K,3,4178,75,2,0,0,0.0009695081,,
766550808,45,$40K - $60K,3,4430,72,6,0,0,0.005327652,,
718941183,48,Less than $40K,5,4376,87,2,0,0,0.0005423643,,
708516558,37,Less than $40K,3,4159,83,2,0,0,0.00017362706,,
709350783,63,Less than $40K,6,4712,76,1,3,0,0.00020207047,,
771230508,46,$40K - $60K,4,4717,80,1,3,0,0.00045373358,,
710978058,50,$40K - $60K,6,4651,71,2,3,0,0.005976207,,
713405133,51,$120K +,5,4976,93,2,0,0,0.00044439285,,
710723958,43,Unknown,5,5016,86,1,3,0,0.00039146983,,
823840458,47,Unknown,4,4542,82,2,0,0,0.00032362062,,
791754258,49,Unknown,4,4342,73,3,0,0,0.00043405686,,
789472833,42,Less than $40K,3,4377,64,3,0,0,0.005353245,,
711099408,35,Less than $40K,5,4657,76,2,0,0,0.0008221548,,
745853283,38,Unknown,3,5198,75,1,3,0,0.0064689484,,
717790233,37,$40K - $60K,3,4730,80,2,0,0,0.0005220404,,
818791833,42,Less than $40K,4,4750,76,2,0,0,0.0013462694,,
714981483,50,Unknown,4,5137,81,2,0,0,0.0011665819,,
719373558,42,Less than $40K,6,4308,75,1,3,0,0.0003365021,,
823609383,43,$40K - $60K,4,4528,83,1,3,0,0.00026636204,,
714408933,44,$80K - $120K,4,2249,51,2,3,1,0.97466046,,
713661933,44,Less than $40K,5,4835,70,1,3,0,0.0013480798,,
716218908,48,Unknown,6,2635,43,1,3,0,0.20318829,,
818710233,41,$40K - $60K,6,4382,70,2,0,0,0.0014982597,,
719463708,47,$40K - $60K,5,4471,80,1,0,0,0.00013696855,,
817958733,42,Unknown,6,4025,73,1,3,0,0.00036893223,,
708397008,54,Unknown,3,4326,67,2,3,0,0.0018907215,,
720547533,47,Unknown,3,4346,90,2,3,0,0.0011753696,,
708780783,43,$40K - $60K,4,4739,76,3,0,0,0.0016002466,,
758178558,44,Unknown,3,4127,89,2,3,0,0.0003183584,,
716237508,44,Unknown,4,4501,64,3,0,0,0.085248835,,
714735033,45,Less than $40K,4,4376,84,2,3,0,0.00073923124,,
709726158,40,Less than $40K,5,5196,92,3,0,0,0.00011796666,,
770909433,50,$40K - $60K,6,4946,75,2,0,0,0.0025615725,,
822121608,46,$60K - $80K,3,4759,81,3,3,0,0.0017075285,,
717278808,37,Less than $40K,4,3511,56,2,3,0,0.038479324,,
712640583,60,Unknown,4,4950,70,1,3,0,0.0024014362,,
716099958,39,$40K - $60K,3,3348,50,3,2,1,0.98396456,,
788772708,50,Unknown,5,4432,61,1,3,0,0.018691076,,
712795833,34,Less than $40K,2,2270,40,2,2,1,0.99357444,0.41492638,Test
718892283,43,$40K - $60K,3,4771,78,2,3,0,0.0036811505,,
720294258,40,Less than $40K,4,4635,82,2,3,0,0.0007732449,,
721181883,30,Unknown,4,4710,75,2,3,0,0.019993639,,
712098033,38,Unknown,3,4945,78,3,3,0,0.0010917245,,
712593933,40,$40K - $60K,3,2249,42,3,2,1,0.9949774,,
711343233,53,Less than $40K,3,4551,65,1,0,0,0.00069055427,,
712394283,44,Less than $40K,4,5109,79,3,0,0,0.00040358273,,
790021233,52,Less than $40K,3,4287,84,3,0,0,0.000235383,,
711890808,42,Less than $40K,4,4267,72,2,0,0,0.00053423643,,
714164808,42,$40K - $60K,4,2056,54,3,2,1,0.96374524,,
825850383,53,Unknown,4,4303,77,2,3,0,0.0010701611,,
789533133,45,$60K - $80K,5,4389,82,1,3,0,0.00013089954,,
779523258,34,$40K - $60K,6,4610,78,2,3,0,0.0014617585,,
719617758,56,Less than $40K,3,4610,76,1,0,0,0.000278636,,
779858058,34,Less than $40K,4,4530,72,1,3,0,0.010368876,,
710423358,35,Unknown,4,5249,81,3,0,0,0.0011825919,,
710500983,43,$80K - $120K,2,1779,35,4,2,1,0.9950028,0.39373425,Low priority
711851583,50,$120K +,6,4794,77,2,3,0,0.007911082,,
779405133,40,Less than $40K,4,4387,79,3,3,0,0.0006055673,,
719410083,49,Less than $40K,4,4807,56,3,0,0,0.0066217445,,
796196733,52,$40K - $60K,4,4389,80,2,3,0,0.0013914919,,
711904008,40,$60K - $80K,4,2203,41,3,2,1,0.9865926,,
717666783,56,Less than $40K,1,2354,49,3,0,1,0.9311488,0.55761737,Priority
719911458,49,Less than $40K,4,4396,78,2,0,0,0.00032447267,,
787506558,50,$60K - $80K,4,4509,71,1,3,0,0.00066246476,,
719046558,39,$60K - $80K,6,4313,62,3,0,0,0.0047752494,,
708291633,33,Unknown,3,5097,79,3,0,0,0.0030150083,,
720731808,52,Less than $40K,2,3068,53,3,2,1,0.9356424,0.41494888,Test
745124658,42,Less than $40K,5,4838,70,2,0,0,0.001511607,,
789907533,49,$80K - $120K,4,3100,54,2,2,1,0.42213017,,
716466483,44,$40K - $60K,3,4624,87,3,0,0,0.00052882405,,
715919283,39,$40K - $60K,3,2201,31,2,2,1,0.9993179,,
756736008,45,Less than $40K,3,4450,62,2,0,0,0.0047148503,,
772857558,47,$60K - $80K,4,4618,94,2,0,0,0.0007392146,,
709246683,62,Unknown,5,3603,69,1,3,0,0.00023432408,,
714559458,46,$60K - $80K,4,1953,48,2,3,1,0.9839665,,
778405458,52,Unknown,6,4633,80,1,3,0,0.00023405034,,
772150983,48,Less than $40K,4,2635,40,2,0,1,0.9869326,,
715128408,49,Less than $40K,5,4482,67,3,0,0,0.0023890634,,
717856983,42,Unknown,3,4515,76,2,0,0,0.00040652062,,
778231983,49,$40K - $60K,6,4792,65,2,3,0,0.017223436,,
823908858,51,$80K - $120K,4,4816,81,3,3,0,0.0023019821,,
798011733,53,Less than $40K,4,4574,81,1,0,0,0.00026494343,,
717945108,49,$40K - $60K,6,5095,77,1,0,0,0.00036624025,,
712560558,55,Less than $40K,5,4660,87,2,3,0,0.0005810917,,
711391308,46,$40K - $60K,6,4584,92,3,0,0,0.0002854379,,
717688233,34,$40K - $60K,6,4760,69,1,3,0,0.00058791944,,
721093608,44,$40K - $60K,5,4548,64,1,3,0,0.006038157,,
712669983,39,$80K - $120K,5,4347,75,3,3,0,0.0026647865,,
790017858,47,$40K - $60K,6,4598,67,1,3,0,0.0015620675,,
712012758,49,Less than $40K,5,4195,81,1,0,0,0.00016351459,,
720249183,46,Unknown,5,4503,90,2,3,0,0.00074699003,,
821813058,42,$80K - $120K,4,4862,77,2,3,0,0.0012635618,,
778152108,31,Less than $40K,4,4986,83,2,0,0,0.00045564762,,
720563958,48,Unknown,6,4445,92,1,3,0,0.00017799462,,
719633508,52,Less than $40K,3,4875,86,1,3,0,0.00022129461,,
716689383,39,$40K - $60K,4,3964,77,1,3,0,0.0003207071,,
711420258,43,Less than $40K,5,4432,71,3,3,0,0.0017600751,,
713177808,57,Less than $40K,5,5405,87,1,3,0,0.019542022,,
708897408,46,$60K - $80K,4,4719,73,2,0,0,0.0015291382,,
710855508,45,Less than $40K,4,4327,70,3,0,0,0.0007108549,,
710115108,45,$40K - $60K,5,4568,76,2,3,0,0.0010538222,,
713920158,41,Unknown,2,1591,30,3,3,1,0.98367035,0.3981411,Low priority
715303608,46,Less than $40K,5,4253,81,2,0,0,0.00045297775,,
710897133,51,Less than $40K,5,4464,85,2,0,0,0.00039240147,,
772813458,48,Unknown,3,4264,63,1,3,0,0.00080368377,,
712998033,37,$120K +,3,2109,44,2,2,1,0.9814435,,
712843983,41,Less than $40K,3,2288,45,3,2,1,0.9977102,,
717947508,47,$80K - $120K,5,5262,83,1,0,0,0.00026180188,,
719279208,35,Less than $40K,3,4946,73,1,0,0,0.00037516328,,
711365133,43,$60K - $80K,4,5100,76,3,0,0,0.0014961018,,
720328008,57,$40K - $60K,3,4518,88,1,0,0,7.41798e-05,,
718183833,30,Less than $40K,4,4322,68,2,3,0,0.0015052181,,
717985158,47,$40K - $60K,3,4267,81,3,0,0,0.00039449852,,
771928608,34,$60K - $80K,6,4110,74,1,0,0,0.00023221187,,
713355708,41,Unknown,4,5238,84,6,0,0,0.0015943783,,
816761433,36,$80K - $120K,5,5291,96,2,3,0,0.0007230851,,
714245358,47,Less than $40K,3,3935,77,3,0,0,0.0003737356,,
716313858,53,Less than $40K,6,4560,84,4,3,0,0.00017663612,,
714868608,52,Less than $40K,6,4105,76,3,0,0,0.0008364772,,
717273333,49,$80K - $120K,3,4575,84,2,3,0,0.0013103163,,
711631158,52,Less than $40K,6,4664,77,2,0,0,0.00034433528,,
714127383,48,Unknown,3,2185,48,3,0,1,0.9953141,,
790204983,46,Unknown,4,4507,93,5,2,0,0.0007938713,,
822051858,26,Less than $40K,3,4535,82,1,3,0,0.00011371872,,
715144383,40,Unknown,3,4413,83,3,3,0,0.00083614286,,
717971208,39,Less than $40K,3,3647,69,3,3,0,0.0017906579,,
718829358,40,$40K - $60K,3,4977,76,1,0,0,0.00024527544,,
779380908,51,$80K - $120K,4,1709,37,3,2,1,0.815285,,
714144258,43,Less than $40K,6,4430,66,2,0,0,0.012078784,,
797666358,46,$40K - $60K,6,4452,65,3,0,0,0.0011984085,,
709965858,46,$120K +,4,4609,80,3,3,0,0.0012810517,,
779980758,58,$60K - $80K,6,4744,73,2,3,0,0.00034442326,,
811775883,46,$60K - $80K,4,4734,96,2,0,0,0.00054432766,,
799720158,50,$80K - $120K,3,4726,86,3,0,0,0.0009864776,,
713011683,37,Unknown,4,2055,43,2,2,1,0.995666,,
713503983,55,$40K - $60K,5,3623,71,1,0,0,0.00026151352,,
712137033,52,Unknown,5,4725,63,1,0,0,0.009610464,,
715910883,48,Less than $40K,5,4532,94,4,0,0,0.00066467596,,
718142958,46,$60K - $80K,3,5623,94,3,3,0,0.0014143917,,
719359458,49,Less than $40K,6,4527,66,3,3,0,0.0047606146,,
714869958,55,$120K +,6,3949,71,2,3,0,0.0011649494,,
771163533,52,$40K - $60K,3,4617,79,2,0,0,0.00054504955,,
709028208,44,Unknown,6,3361,63,3,3,0,0.012693286,,
719834208,42,$60K - $80K,6,4264,81,1,0,0,0.00012185859,,
779305008,41,Less than $40K,3,4949,76,2,0,0,0.0004121432,,
714506583,48,Less than $40K,4,4601,78,3,3,0,0.0008530009,,
712677633,42,Unknown,3,2307,28,3,2,1,0.99748397,,
708450033,43,Less than $40K,6,5298,79,2,0,0,0.0015352251,,
719606133,42,$60K - $80K,3,4656,88,2,0,0,0.0006389387,,
789772983,49,$80K - $120K,3,3798,56,3,3,0,0.0145690935,,
720656883,50,Less than $40K,3,4600,69,3,3,0,0.0017334437,,
718108758,43,$60K - $80K,3,4538,86,1,3,0,0.00047994463,,
709408983,54,$120K +,3,5078,91,2,3,0,0.00077989843,,
771592458,48,Less than $40K,6,4880,79,2,0,0,0.00042525574,,
778932633,57,Less than $40K,5,4897,83,3,0,0,0.00045727627,,
708669408,54,$60K - $80K,6,4637,75,1,3,0,0.0026198744,,
779947908,56,$120K +,3,4327,66,3,0,0,0.001974945,,
716007708,48,$120K +,3,4814,73,1,3,0,0.0010361,,
767574108,49,Less than $40K,4,4094,64,3,0,0,0.0064168903,,
720777558,46,Less than $40K,6,4519,79,2,0,0,0.0005157721,,
816841083,58,Less than $40K,4,4867,90,3,0,0,0.0004606698,,
778849908,59,Less than $40K,3,4697,81,3,0,0,0.0010625088,,
708745983,37,$40K - $60K,4,4686,81,2,0,0,0.0009577054,,
713381433,38,Less than $40K,3,1868,30,3,2,1,0.97088325,,
779404383,47,Unknown,6,4427,76,2,3,0,0.00064293516,,
718607883,41,$80K - $120K,4,4831,81,2,3,0,0.014210986,,
710542983,48,Less than $40K,4,5033,87,6,3,0,0.00033017067,,
709769283,36,Unknown,6,4162,70,3,3,0,0.00087227736,,
721253508,40,$80K - $120K,6,4754,84,3,3,0,0.0009663477,,
801037833,38,$80K - $120K,6,4236,87,2,0,0,0.00051338,,
711452583,43,Unknown,6,4575,60,5,0,0,0.021154642,,
716697708,61,Unknown,3,3121,56,2,2,1,0.12072652,,
708176208,48,$40K - $60K,4,4199,80,4,3,0,0.0011210851,,
716474358,43,Less than $40K,5,4853,74,3,0,0,0.0030050217,,
713121408,38,$80K - $120K,5,4372,69,3,0,0,0.0016069097,,
794567133,52,Less than $40K,5,4897,70,2,0,0,0.0019847674,,
717609633,44,$120K +,6,4139,58,2,3,0,0.008242718,,
708899283,40,Unknown,3,4917,81,3,0,0,0.00047313847,,
772415808,48,$40K - $60K,3,4219,78,3,3,0,0.0020601617,,
716176683,46,$80K - $120K,5,4460,78,1,0,0,0.00015385127,,
709245783,44,Unknown,5,4543,90,1,3,0,0.00015470538,,
720507108,42,Less than $40K,3,2339,41,3,2,1,0.99889934,,
716751858,34,Less than $40K,2,2597,40,3,2,1,0.99765116,0.3895684,Low priority
712829808,39,$60K - $80K,4,2031,40,3,2,1,0.98944736,,
711900033,57,Unknown,5,5242,81,2,3,0,0.0013065689,,
712566258,40,Unknown,6,4486,77,3,3,0,0.0004476266,,
712732908,36,$80K - $120K,5,4116,84,3,0,0,0.0004000522,,
717908208,43,Less than $40K,6,4859,82,1,0,0,0.00016551226,,
826136283,38,Less than $40K,3,4352,66,3,0,0,0.0008983005,,
778714833,36,Unknown,4,4890,92,3,0,0,0.0005766093,,
779302233,40,Less than $40K,4,2502,45,2,2,1,0.9944266,,
778659108,51,Unknown,6,4718,81,2,3,0,0.001091685,,
720374808,41,Less than $40K,6,4641,78,3,0,0,0.0013862216,,
719592483,43,Unknown,6,4825,77,6,0,0,0.011605689,,
714702033,43,Less than $40K,5,5446,75,3,0,0,0.020731824,,
717042333,53,Less than $40K,3,2836,48,3,2,1,0.99348056,,
779122908,55,$40K - $60K,5,4511,82,1,0,0,0.0001754427,,
710676483,38,Less than $40K,4,4064,77,2,3,0,0.0011545264,,
827712108,42,Less than $40K,5,4432,72,1,0,0,0.0003496335,,
769200858,34,Less than $40K,3,4626,86,2,3,0,0.0010076031,,
779114283,40,Less than $40K,3,4528,65,1,0,0,0.0006043622,,
771061008,40,$40K - $60K,4,2659,56,2,3,1,0.9334343,,
716201133,35,Less than $40K,4,4279,76,3,3,0,0.0011015723,,
817968783,51,Less than $40K,6,4670,70,3,0,0,0.0019444692,,
826480308,53,$80K - $120K,5,5489,74,2,3,0,0.024959294,,
720307683,43,Less than $40K,3,4484,78,2,0,0,0.0003319131,,
709618308,46,$40K - $60K,4,3838,48,3,3,0,0.34477526,,
710119233,37,$120K +,5,4186,63,2,3,0,0.0029403877,,
789419658,47,Unknown,3,4503,89,2,3,0,0.0006265169,,
789800358,45,Less than $40K,6,4730,78,1,0,0,0.00020092177,,
715466133,50,Unknown,3,4374,75,3,0,0,0.0014711181,,
717659883,46,Unknown,3,3541,64,3,0,0,0.004797732,,
781942983,50,$120K +,5,5010,88,3,3,0,0.003343207,,
712755783,49,$40K - $60K,3,3886,77,2,3,0,0.0008318729,,
779551533,54,Less than $40K,4,4857,92,3,3,0,0.00051828666,,
714405183,47,Less than $40K,4,4295,60,2,0,0,0.006102066,,
801783108,46,$120K +,6,4833,69,3,3,0,0.005159195,,
779839758,47,Unknown,3,4634,92,2,3,0,0.00048533553,,
820648608,46,Less than $40K,3,4153,79,1,0,0,0.00012336823,,
787587033,42,Less than $40K,3,4463,87,1,0,0,0.00011116631,,
813967983,44,$40K - $60K,4,4471,71,1,0,0,0.00066787883,,
718067658,53,Unknown,6,4223,79,3,3,0,0.0010513193,,
709952658,46,Less than $40K,6,4460,62,3,0,0,0.048688363,,
720824883,48,Less than $40K,3,2483,50,1,0,1,0.92755175,,
789631908,51,$60K - $80K,3,4690,85,1,0,0,0.0006441176,,
789089958,57,$60K - $80K,5,3662,81,2,3,0,0.0014535908,,
715847058,59,Less than $40K,3,2462,40,3,0,1,0.99502313,,
721256808,35,Less than $40K,6,4365,86,1,0,0,0.0003501831,,
721269108,45,Less than $40K,5,4504,87,3,0,0,0.0005341348,,
712770408,42,Less than $40K,6,2285,40,3,2,1,0.9963922,,
767958933,40,$40K - $60K,3,3993,77,2,3,0,0.0005105046,,
779866458,40,Less than $40K,6,3513,67,1,3,0,0.000529263,,
721246833,47,Less than $40K,6,4636,70,2,0,0,0.0010507856,,
710752233,43,$40K - $60K,3,2742,49,2,0,1,0.9570379,,
709813008,44,Less than $40K,5,4509,93,3,0,0,0.00040607614,,
710219658,48,Unknown,4,4633,74,3,0,0,0.0017963167,,
789121233,53,Less than $40K,5,4609,76,1,0,0,0.0002581255,,
715146558,34,Less than $40K,1,2325,56,3,2,1,0.9827267,0.6305581,Priority
720205608,52,Unknown,6,4487,77,1,3,0,0.00038801137,,
778606308,45,$80K - $120K,2,3016,51,2,2,1,0.92696995,0.56884676,Priority
710438358,42,Less than $40K,4,2152,43,3,2,1,0.997387,,
712562433,48,Less than $40K,3,2316,43,3,2,1,0.9936753,,
718186233,34,Less than $40K,4,3989,71,2,3,0,0.0014578375,,
713717283,40,$40K - $60K,3,1738,32,3,0,1,0.98916197,,
713822208,42,$60K - $80K,3,1870,45,3,2,1,0.9830503,,
710466633,55,Less than $40K,5,4755,76,1,3,0,0.0002544117,,
711153783,44,Less than $40K,5,4173,70,3,3,0,0.0008190294,,
718230933,45,Less than $40K,5,1253,29,2,2,1,0.95068926,,
788885133,57,Less than $40K,6,3912,63,1,3,0,0.0065150256,,
711637458,44,Less than $40K,2,2523,45,3,2,1,0.9977418,0.45490167,Test
719532108,40,Less than $40K,4,4491,68,2,0,0,0.0008054874,,
757643733,42,Less than $40K,6,4916,79,3,3,0,0.0048290617,,
715122858,55,$40K - $60K,5,5052,81,3,3,0,0.0035547584,,
708384033,45,Less than $40K,3,2466,39,3,0,1,0.99740416,,
708273858,40,$120K +,3,3734,80,2,3,0,0.0011062319,,
803952408,52,Less than $40K,6,3987,77,3,0,0,0.001134751,,
778394358,46,Less than $40K,4,4347,88,3,0,0,0.00022812637,,
713180433,56,Unknown,5,4837,87,3,0,0,0.004049608,,
787458783,49,Less than $40K,5,4784,83,3,0,0,0.0007081925,,
720315933,53,Less than $40K,3,5136,76,2,0,0,0.0006549612,,
713677158,31,Unknown,2,2126,45,2,2,1,0.99486333,0.34091187,Low priority
739828308,55,$120K +,5,3906,68,2,0,0,0.00070781633,,
720959058,44,Unknown,5,4412,67,3,3,0,0.019296784,,
718090233,56,Unknown,3,2804,37,3,2,1,0.9809584,,
789939558,54,Unknown,5,5112,87,3,0,0,0.0011895853,,
714169908,53,Less than $40K,5,4921,82,2,0,0,0.0003027303,,
796145133,46,Unknown,3,4528,86,2,3,0,0.0007695819,,
789233808,38,Unknown,6,4568,74,2,0,0,0.0014158976,,
709071408,56,$40K - $60K,4,4949,74,2,0,0,0.00082331465,,
815830083,53,Less than $40K,6,4253,72,2,0,0,0.0006023748,,
715932708,41,$60K - $80K,4,4365,75,3,3,0,0.0010782214,,
715281933,43,Less than $40K,3,4401,73,3,3,0,0.001293092,,
787529583,41,$40K - $60K,5,2561,61,2,3,1,0.9688306,,
717446208,62,Less than $40K,6,5083,69,2,0,0,0.0014666058,,
715236783,42,$40K - $60K,4,4792,87,3,0,0,0.0046058693,,
804583833,56,Unknown,4,4316,87,1,0,0,0.00011282525,,
713772333,45,Less than $40K,4,1979,38,3,2,1,0.9948596,,
715321983,33,$40K - $60K,4,4314,75,2,0,0,0.00072780834,,
717773433,57,Less than $40K,6,5464,98,1,3,0,0.0005345601,,
778632933,49,Less than $40K,6,4702,79,1,0,0,0.00012977331,,
808527183,46,Less than $40K,4,4669,94,1,0,0,0.000105693296,,
714514008,38,Unknown,3,1982,43,3,2,1,0.9979746,,
711669258,50,Unknown,2,2381,47,3,2,1,0.99460405,0.56116676,Priority
797218233,51,Less than $40K,5,4550,82,1,3,0,0.0003005155,,
710612583,52,$60K - $80K,6,5037,80,3,0,0,0.00043646354,,
712613808,45,Unknown,3,4283,69,3,2,0,0.0025316374,,
807173358,56,Less than $40K,4,5416,76,2,3,0,0.017337669,,
778349883,56,Less than $40K,4,4188,75,3,0,0,0.00066098745,,
720592533,41,$80K - $120K,3,2535,44,3,2,1,0.9818039,,
714668433,51,Less than $40K,4,4122,67,3,0,0,0.0016757988,,
720967233,43,Less than $40K,4,4901,88,1,0,0,0.00032249736,,
718629858,42,Unknown,5,4597,89,5,3,0,0.0007944018,,
737962608,48,Less than $40K,4,4550,78,3,0,0,0.0070236283,,
778207083,53,$80K - $120K,3,2153,39,3,2,1,0.9476868,,
778781508,44,Unknown,4,2455,41,3,2,1,0.99056315,,
714142158,59,Less than $40K,2,3882,92,2,0,0,0.0001357668,0.7743237,Priority
715390608,45,Less than $40K,5,5311,81,3,0,0,0.006517647,,
715243458,45,$40K - $60K,5,5047,94,3,0,0,0.0004549933,,
715418508,51,$120K +,2,4399,72,1,3,0,0.0012685299,0.65574384,Priority
711164508,49,Unknown,1,3941,71,3,3,0,0.0013849312,0.6744525,Priority
713239308,43,Unknown,2,4640,85,3,0,0,0.001391419,0.4085287,Low priority
712323183,38,$80K - $120K,2,3738,63,2,3,0,0.1174027,0.5173378,Test
797410983,45,Unknown,1,5020,83,2,0,0,0.0006512623,0.4237892,Test
721167783,54,$80K - $120K,1,4272,69,3,0,0,0.016473545,0.7297647,Priority
712130058,44,Unknown,3,2415,41,3,2,1,0.99820566,,
714060408,57,Unknown,3,4210,82,1,0,0,0.00011300128,,
715515333,51,$120K +,2,4024,92,1,3,0,0.000100980185,0.3435034,Low priority
806970033,48,$40K - $60K,2,4588,77,2,0,0,0.00031232118,0.79849887,Priority
817337958,48,Less than $40K,2,3796,74,1,3,0,0.00056465913,0.57328427,Priority
788132208,53,$40K - $60K,3,5070,70,2,0,0,0.0009724272,,
812653383,55,$40K - $60K,3,4729,92,3,0,0,0.00032850093,,
709762908,52,Unknown,2,4991,78,2,0,0,0.00063260033,0.2475365,Low priority
717114708,34,$40K - $60K,3,4414,77,3,0,0,0.00058977713,,
767388783,43,$60K - $80K,3,4601,66,3,3,0,0.012259675,,
794719983,44,Less than $40K,2,2576,42,2,0,1,0.9989759,0.46427444,Test
778378983,54,Less than $40K,5,2476,42,2,0,1,0.9813023,,
773275083,49,Unknown,2,4765,79,3,3,0,0.0004181034,0.4664591,Test
719971458,49,$80K - $120K,2,4213,74,3,3,0,0.0010859511,0.34919092,Low priority
721001883,41,$60K - $80K,3,3357,47,1,0,0,0.041854072,,
778245633,43,Unknown,3,4356,70,3,0,0,0.0008793192,,
718535733,40,Less than $40K,3,4928,79,3,0,0,0.0011044781,,
711909933,54,$80K - $120K,3,4815,83,3,3,0,0.00092388765,,
709253433,50,$40K - $60K,2,2448,58,1,2,0,0.22430743,0.41457903,Test
719797758,56,Less than $40K,3,4922,84,1,0,0,0.0007697282,,
789420933,39,Less than $40K,3,4130,87,1,3,0,0.00025207878,,
709850508,33,Less than $40K,3,2917,37,2,2,1,0.976553,,
715335558,43,Less than $40K,2,4191,81,1,0,0,0.00016759503,0.6379722,Priority
711516783,47,$40K - $60K,2,5441,91,1,0,0,9.641055e-05,0.21258272,Low priority
798917883,42,Less than $40K,2,4620,76,3,0,0,0.0045211143,0.15554054,Low priority
721525758,45,$80K - $120K,2,4928,77,2,0,0,0.00094850705,0.46000126,Test
716249508,48,$40K - $60K,3,4243,85,2,3,0,0.009546658,,
716953083,53,Unknown,3,4228,81,2,0,0,0.0002801399,,
712448658,52,Less than $40K,3,2281,55,3,2,1,0.96382713,,
711766758,42,Less than $40K,3,4373,67,2,0,0,0.0011775952,,
709432833,53,Less than $40K,2,4859,73,2,0,0,0.001614256,0.24844275,Low priority
719964933,50,Less than $40K,3,4550,78,2,3,0,0.00095137744,,
719857008,37,$40K - $60K,3,4531,81,3,0,0,0.00023325969,,
758340108,39,Less than $40K,3,3906,78,3,3,0,0.0005963387,,
708276183,52,Less than $40K,2,1554,35,4,2,1,0.9980166,0.05716563,Low priority
716481408,38,Less than $40K,3,4769,76,1,3,0,0.0003030364,,
720590058,51,$40K - $60K,3,2839,47,3,2,1,0.83870596,,
789347133,38,$40K - $60K,2,4690,79,1,0,0,0.0005877925,0.40806895,Low priority
719112258,42,$60K - $80K,3,4692,79,3,0,0,0.0011350429,,
717748608,35,Less than $40K,3,2252,51,2,0,1,0.9222133,,
710740008,57,$80K - $120K,3,5140,82,1,0,0,0.00016310457,,
716694108,42,$120K +,2,2682,48,3,2,1,0.9950389,0.28850716,Low priority
719372583,57,$120K +,2,4077,90,2,3,0,0.00026288017,0.6439331,Priority
719981508,37,Unknown,2,2574,51,2,2,1,0.9949891,0.61781496,Priority
751350558,57,Less than $40K,3,4770,85,2,3,0,0.0006139582,,
715123983,43,Less than $40K,3,5848,81,2,0,0,0.049585115,,
709250508,63,Less than $40K,3,4877,88,1,3,0,0.000769719,,
716754783,43,$120K +,3,2229,44,2,2,1,0.9501852,,
719025333,48,$40K - $60K,3,3513,59,2,3,0,0.011402864,,
718566858,46,Less than $40K,3,5005,79,2,3,0,0.0010083652,,
710675508,40,Unknown,2,5149,98,3,0,0,0.00034093682,0.40369105,Low priority
818729208,52,$60K - $80K,3,4525,77,3,2,0,0.002215443,,
709068183,53,$60K - $80K,3,4709,87,3,3,0,0.0052454113,,
715358283,57,Less than $40K,2,4509,73,3,0,0,0.0015817938,0.61528593,Priority
710966433,50,Less than $40K,3,3785,67,2,0,0,0.0014714279,,
708575058,46,$40K - $60K,2,3300,58,3,2,1,0.83238,0.7167434,Priority
713929533,36,Less than $40K,2,2060,52,2,2,1,0.9987023,0.3458888,Low priority
714087258,49,Less than $40K,2,5156,72,3,3,0,0.0035207574,0.5292075,Test
756383283,38,Less than $40K,3,4170,80,1,0,0,0.000507798,,
720766908,40,Less than $40K,2,2814,37,2,2,1,0.9987198,0.29783428,Low priority
718133733,44,Less than $40K,3,4100,76,1,3,0,0.00013577158,,
720823458,59,Less than $40K,2,4658,85,6,0,0,0.0014084787,0.57232076,Priority
720027258,53,Less than $40K,3,4978,73,1,3,0,0.0027473476,,
807604233,54,$80K - $120K,2,5044,81,3,2,0,0.013917344,0.5270696,Test
801786483,51,$80K - $120K,3,4930,89,2,3,0,0.002292473,,
789138258,45,Less than $40K,2,4799,83,3,0,0,0.0007503637,0.47502762,Test
805524708,52,Less than $40K,3,2599,50,3,0,1,0.9887449,,
779642733,42,Less than $40K,3,4823,77,1,0,0,0.0002764764,,
771735933,48,$80K - $120K,2,4731,82,1,3,0,0.00032625065,0.48252743,Test
789917208,40,Less than $40K,2,5087,69,3,0,0,0.005754291,0.36707366,Low priority
779608083,55,Less than $40K,2,3681,62,2,0,0,0.025702437,0.6570603,Priority
711287733,45,$40K - $60K,3,3856,74,2,3,0,0.001384658,,
774675933,40,$80K - $120K,2,3510,62,1,2,0,0.0033522723,0.43464002,Test
716741508,33,Less than $40K,2,4460,65,1,0,0,0.0058012693,0.36418828,Low priority
721106133,57,Unknown,3,5104,82,4,0,0,0.00053001445,,
716698608,51,$80K - $120K,2,4441,87,1,3,0,0.0007163416,0.28387085,Low priority
716299608,58,Less than $40K,2,1990,31,2,2,1,0.99957746,0.19535246,Low priority
718116933,53,Less than $40K,2,4704,79,3,0,0,0.00045938362,0.4778465,Test
720513333,46,$80K - $120K,2,4878,78,1,2,0,0.0004877809,0.29298064,Low priority
802460433,57,Unknown,2,2607,37,5,2,1,0.9993575,0.41312805,Test
720482583,52,Unknown,3,4598,69,3,3,0,0.0016519128,,
719584608,40,$40K - $60K,3,4215,79,1,3,0,0.00021150368,,
709477233,37,Unknown,3,4287,79,2,0,0,0.00015753567,,
719512983,47,Less than $40K,3,2295,51,3,2,1,0.99844736,,
714923583,38,Less than $40K,2,1924,48,3,2,1,0.9834389,0.35093626,Low priority
779397183,42,Less than $40K,2,4068,61,1,3,0,0.031840917,0.584005,Priority
714671658,38,Less than $40K,2,4268,85,5,0,0,0.00017213113,0.6389497,Priority
779218233,47,Less than $40K,2,4115,75,3,3,0,0.007103807,0.6419566,Priority
713456583,45,$80K - $120K,3,3247,70,2,3,0,0.0015910229,,
790221633,44,$40K - $60K,3,4627,77,3,0,0,0.0038101133,,
721299483,47,$80K - $120K,2,4168,71,1,3,0,0.0006978511,0.46895716,Test
711701958,48,$60K - $80K,3,4175,63,3,2,0,0.008078791,,
783573408,42,$40K - $60K,3,5267,83,1,0,0,0.00032121537,,
709641933,42,$40K - $60K,3,4504,84,1,0,0,0.00023970469,,
718755483,44,$60K - $80K,3,5082,86,2,3,0,0.0012391455,,
720914358,46,Less than $40K,3,4894,84,2,3,0,0.0008483737,,
714811533,39,$60K - $80K,3,5910,91,2,3,0,0.0021675786,,
719898108,57,$40K - $60K,2,5322,79,3,3,0,0.038537234,0.35059884,Low priority
720719883,54,Unknown,3,2535,55,3,2,1,0.9747419,,
780338733,50,Less than $40K,2,5102,83,1,3,0,0.0002173746,0.2544131,Low priority
709810458,56,Less than $40K,3,4241,72,2,0,0,0.00018298982,,
821356083,54,$40K - $60K,3,4830,87,1,3,0,0.000729763,,
793428408,50,Less than $40K,2,5235,76,2,0,0,0.0009659441,0.35768306,Low priority
746453583,56,$40K - $60K,2,4498,85,2,0,0,0.00041195526,0.31427312,Low priority
771799008,61,Unknown,3,4871,79,3,0,0,0.00096871314,,
719075883,38,$40K - $60K,2,3904,66,3,0,0,0.0033236502,0.34391573,Low priority
714986583,55,Less than $40K,3,5025,62,2,3,0,0.027873157,,
753233733,38,$80K - $120K,3,3781,61,3,0,0,0.0038162626,,
806914158,38,$40K - $60K,4,2134,34,3,2,1,0.97125334,,
812671758,47,Unknown,3,2458,44,5,2,1,0.9959629,,
789191358,55,$80K - $120K,2,4035,80,3,0,0,0.0005721805,0.516643,Test
772111083,50,$80K - $120K,3,4338,75,3,3,0,0.0012478835,,
714961383,48,Less than $40K,3,4182,81,3,0,0,0.0004557836,,
817288458,33,Less than $40K,3,5859,82,2,3,0,0.046030916,,
719163108,44,$120K +,2,4076,62,2,2,0,0.025854776,0.6797954,Priority
713922183,52,$120K +,3,4461,73,2,0,0,0.0010748616,,
716443608,46,Less than $40K,2,4050,78,3,3,0,0.00091942673,0.592521,Priority
827953683,41,$60K - $80K,1,5369,75,2,1,0,0.018292086,0.36468676,Low priority
789678483,50,Less than $40K,1,4773,77,3,3,0,0.0040584276,0.46506563,Test
793630083,39,$120K +,1,1804,34,3,2,1,0.9995982,0.11970975,Low priority
756306183,42,Less than $40K,2,4897,71,1,0,0,0.0016999956,0.20749713,Low priority
736893108,33,Less than $40K,2,4196,87,3,3,0,0.0006622135,0.38220906,Low priority
712900308,44,Less than $40K,4,2078,37,3,2,1,0.9983581,,
798045708,42,$40K - $60K,2,4182,76,1,3,0,0.0003439183,0.38252166,Low priority
715657833,52,Less than $40K,2,4956,89,3,0,0,0.0005033471,0.25388017,Low priority
712111608,59,Less than $40K,1,4919,72,1,3,0,0.003031724,0.48908272,Test
711792783,45,$40K - $60K,1,4479,80,1,0,0,0.00012456947,0.5317556,Test
716067333,61,Unknown,2,4553,84,3,3,0,0.0016389888,0.5027285,Test
780660183,43,Less than $40K,2,2613,46,3,3,1,0.99193186,0.4812705,Test
720761208,59,$120K +,2,2496,41,4,2,1,0.9987552,0.4361619,Test
788794758,46,$40K - $60K,2,2061,38,2,2,1,0.9966942,0.33983734,Low priority
711150333,40,Less than $40K,5,2857,40,3,2,1,0.9942773,,
714418158,63,Less than $40K,2,3527,69,2,3,0,0.0039266637,0.66691554,Priority
713634108,45,Unknown,1,4293,66,2,0,0,0.009557161,0.5386086,Test
717231558,49,Less than $40K,2,4851,74,2,0,0,0.0027338904,0.5647198,Priority
711589758,42,$60K - $80K,1,3967,75,2,0,0,0.0019233248,0.7070526,Priority
787481208,46,Less than $40K,1,5006,78,3,0,0,0.001989453,0.5204047,Test
715516458,42,$40K - $60K,5,2602,43,3,0,1,0.995839,,
714998508,53,$120K +,2,5326,62,2,0,0,0.059223995,0.41521513,Test
713328108,60,Less than $40K,2,5189,79,2,0,0,0.00038348167,0.29200256,Low priority
716229108,55,Less than $40K,2,4674,84,3,0,0,0.0016420449,0.45842448,Test
820925433,50,Less than $40K,2,4751,81,3,0,0,0.00052436435,0.41361505,Test
816129258,34,Less than $40K,2,4837,74,3,0,0,0.0059897252,0.48689234,Test
808903308,54,$40K - $60K,4,2519,35,3,2,1,0.99961036,,
713809833,42,Unknown,2,4684,86,3,3,0,0.001508244,0.48458722,Test
713542008,48,Less than $40K,1,4236,83,2,3,0,0.00066755107,0.49718556,Test
717385083,46,$120K +,2,4813,87,2,3,0,0.000986888,0.3654975,Low priority
708652908,47,Less than $40K,1,4498,81,6,0,0,0.0003233181,0.47394124,Test
715644633,42,$40K - $60K,1,5212,88,2,0,0,0.0022041984,0.36018106,Low priority
708761733,52,Unknown,2,4419,63,2,3,0,0.029098542,0.48494938,Test
714600258,45,$60K - $80K,1,3645,70,2,3,0,0.0013115504,0.70928687,Priority
823566408,44,Less than $40K,2,4625,93,2,3,0,0.00052408135,0.47155687,Test
713373708,54,Less than $40K,2,2464,57,3,2,1,0.998071,0.5075298,Test
708307533,42,$60K - $80K,1,4129,81,2,3,0,0.001255842,0.7400563,Priority
820085808,54,Less than $40K,1,4692,86,1,0,0,0.00015029889,0.41038185,Low priority
716685033,38,$40K - $60K,1,5344,82,1,1,0,0.0034291998,0.32761854,Low priority
713063958,51,$80K - $120K,1,5010,85,1,1,0,0.00029299632,0.35463935,Low priority
708371733,41,Less than $40K,1,4931,81,1,3,0,0.009593514,0.35848346,Low priority
780277458,52,Less than $40K,2,4503,89,2,0,0,0.0006877548,0.2539246,Low priority
797232183,42,Less than $40K,2,5020,75,1,0,0,0.0007470506,0.39381385,Low priority
720789933,46,Unknown,2,5027,82,1,3,0,0.00037811126,0.56439406,Priority
808281483,46,Less than $40K,2,4249,76,3,0,0,0.0005061062,0.25028557,Low priority
712968708,55,$40K - $60K,2,5167,78,3,0,0,0.000748638,0.3039039,Low priority
711263058,29,Less than $40K,1,4660,80,1,0,0,0.00014475702,0.4615581,Test
788813658,62,Unknown,2,4755,88,2,3,0,0.0030947544,0.39919308,Low priority
721444758,47,Less than $40K,1,4980,78,3,0,0,0.0026455112,0.40278444,Low priority
711448983,47,Less than $40K,2,2313,37,2,0,1,0.9955106,0.4105179,Low priority
712664658,35,Less than $40K,2,2549,54,2,3,1,0.98682225,0.5637689,Priority
714237033,42,Unknown,6,2299,39,2,2,1,0.97946656,,
718370733,48,Unknown,2,4504,90,3,3,0,0.0012789913,0.48317847,Test
713726958,40,Less than $40K,5,2191,38,2,2,1,0.9986528,,
794160408,46,Unknown,1,4747,73,1,0,0,0.001251191,0.55684453,Priority
716009883,41,$40K - $60K,1,4245,74,3,3,0,0.002936304,0.67080706,Priority
711873033,35,Unknown,4,2549,56,2,3,1,0.91155,,
712715208,52,$80K - $120K,1,2387,51,3,2,1,0.9955402,0.39202437,Low priority
778899708,56,$40K - $60K,2,2919,47,2,2,1,0.9976513,0.22520193,Low priority
771865908,48,Unknown,4,2532,48,2,2,1,0.98304063,,
716273133,41,Less than $40K,2,4853,78,2,3,0,0.0013360311,0.491098,Test
709927458,38,$40K - $60K,1,4042,77,3,3,0,0.0005108721,0.5583128,Priority
715162608,48,Less than $40K,4,2499,38,2,2,1,0.9800969,,
719862258,38,Unknown,2,5015,90,3,3,0,0.00076565193,0.55022085,Test
788719533,53,$80K - $120K,1,4060,61,2,3,0,0.073703006,0.4762425,Test
715566408,45,Less than $40K,1,4404,77,2,0,0,0.00043829388,0.5292213,Test
717359208,57,Less than $40K,2,4037,72,3,0,0,0.0012320464,0.5253277,Test
721410858,54,Less than $40K,1,4512,90,3,0,0,9.828471e-05,0.53439766,Test
779420583,45,Less than $40K,2,4662,70,1,0,0,0.0004570967,0.49656102,Test
714222183,38,$40K - $60K,1,4874,78,1,0,0,0.0001698813,0.5431389,Test
709079883,45,Less than $40K,5,2729,38,3,2,1,0.9911238,,
721406658,32,Less than $40K,6,2479,43,3,2,1,0.99660975,,
713782608,46,$40K - $60K,1,5329,83,3,0,0,0.0012905495,0.5017462,Test
720236433,41,$80K - $120K,1,4379,67,2,0,0,0.0057317135,0.67104095,Priority
785106933,51,Unknown,2,4505,71,2,0,0,0.0011684218,0.43030506,Test
716673258,60,Less than $40K,1,3977,83,1,0,0,0.000111409434,0.5116402,Test
708341958,31,Less than $40K,2,4480,86,2,0,0,0.00031436872,0.33226922,Low priority
797150733,44,$40K - $60K,5,1754,39,2,2,1,0.9115883,,
718279983,49,Unknown,1,4770,74,3,0,0,0.020827144,0.43210667,Test
718548558,53,Less than $40K,1,4272,70,1,0,0,0.00036085362,0.5886103,Priority
780360558,33,Less than $40K,2,4698,87,2,3,0,0.0011166784,0.34672144,Low priority
715012833,46,Less than $40K,1,4858,77,3,0,0,0.0063027847,0.47831032,Test
772388508,43,Unknown,2,5028,80,3,3,0,0.0013364264,0.35103667,Low priority
788199858,42,Unknown,1,5758,87,3,1,0,0.01978193,0.16986261,Low priority
769578108,40,$60K - $80K,2,4001,76,2,3,0,0.0005285242,0.51532793,Test
719843958,46,$120K +,2,4874,79,3,0,0,0.00066265353,0.47612038,Test
767197983,52,Less than $40K,1,5938,83,1,1,0,0.1279036,0.21196768,Low priority
711874833,45,$40K - $60K,1,5497,88,3,1,0,0.010636948,0.18115471,Low priority
714930333,39,$80K - $120K,2,2476,49,3,2,1,0.98487353,0.56320214,Priority
720989133,41,Less than $40K,2,4596,82,1,0,0,0.00014166467,0.5150842,Test
720893958,49,Less than $40K,1,4215,53,3,0,0,0.07403632,0.44842985,Test
769709058,60,$60K - $80K,1,4228,63,2,2,0,0.15813819,0.52178085,Test
711005583,37,$80K - $120K,1,5110,76,2,3,0,0.0014326348,0.60260546,Priority
826548708,50,$80K - $120K,2,4637,91,3,3,0,0.00094331853,0.4094907,Low priority
711093408,46,Less than $40K,2,4815,83,3,0,0,0.00093682983,0.4437469,Test
712831908,59,$40K - $60K,2,4556,81,2,3,0,0.0014073832,0.4725725,Test
780222408,49,Less than $40K,1,4444,83,3,0,0,0.0056943023,0.36600962,Low priority
714181008,35,Less than $40K,1,4509,71,2,0,0,0.0015322443,0.5090764,Test
772346358,52,Less than $40K,2,5047,79,1,3,0,0.00035570897,0.4994291,Test
717489033,27,Less than $40K,6,2641,40,1,2,1,0.14490384,,
710969433,41,Less than $40K,2,4230,68,2,0,0,0.0019948026,0.6138349,Priority
715807383,45,$40K - $60K,1,5248,89,3,1,0,0.029506706,0.21436088,Low priority
711807333,37,Less than $40K,1,3948,84,1,3,0,0.00022104177,0.42161134,Test
816086508,47,Less than $40K,1,4624,73,3,2,0,0.005971623,0.59902453,Priority
714424533,41,Less than $40K,6,2156,37,2,2,1,0.996775,,
779536233,47,$40K - $60K,1,4669,83,1,0,0,0.00040390354,0.40832582,Low priority
710794983,41,Unknown,2,4705,78,1,3,0,0.00066258473,0.5356495,Test
779890833,51,Less than $40K,2,4866,65,1,3,0,0.01135189,0.48031658,Test
779837808,53,$40K - $60K,1,5012,85,4,0,0,0.0066049597,0.47054785,Test
713748708,46,Less than $40K,1,1757,44,2,2,1,0.99963427,0.22806752,Low priority
709123908,43,$40K - $60K,2,4874,82,3,3,0,0.0055698007,0.46458992,Test
816476658,54,Unknown,2,2921,44,4,0,1,0.997389,0.14995852,Low priority
743800833,53,$40K - $60K,2,4505,85,1,0,0,0.00018442549,0.35618111,Low priority
806415183,51,Unknown,1,4534,83,3,3,0,0.0020436156,0.46429253,Test
794054058,50,Less than $40K,1,4010,59,1,3,0,0.34190586,0.47366697,Test
771907158,54,$120K +,1,4667,88,1,0,0,0.00039321126,0.46459436,Test
815789883,46,Less than $40K,1,4728,81,3,0,0,0.00096250046,0.44281688,Test
712177908,50,Less than $40K,1,4310,75,3,0,0,0.00089059613,0.4258343,Test
711234783,44,Less than $40K,5,2621,45,2,2,1,0.99725926,,
793379058,48,Less than $40K,2,5084,82,2,0,0,0.00034786062,0.3140965,Low priority
720480183,45,Less than $40K,1,4882,80,2,0,0,0.00042110536,0.34395307,Low priority
712974558,56,Less than $40K,1,4546,89,3,1,0,0.0013620373,0.494602,Test
717409533,36,Less than $40K,1,2824,43,2,0,1,0.9956001,0.36140457,Low priority
712200033,44,Less than $40K,1,4983,78,3,3,0,0.0052398182,0.45462525,Test
713563383,50,Less than $40K,1,3862,80,3,0,0,0.0005938429,0.6236831,Priority
802795608,54,Less than $40K,1,4981,82,3,0,0,0.0008160512,0.4135026,Test
787452333,39,Less than $40K,2,2870,36,2,3,1,0.99891865,0.34581554,Low priority
709520058,53,$120K +,4,2028,43,2,2,1,0.9854569,,
819690933,56,$80K - $120K,2,4059,80,3,3,0,0.0015072139,0.73635083,Priority
820694133,60,Unknown,4,2412,38,1,2,1,0.97231436,,
711800658,42,Less than $40K,2,2465,42,3,2,1,0.9996068,0.3174236,Low priority
717722958,43,$80K - $120K,1,4277,71,3,0,0,0.0024567822,0.6512121,Priority
712279683,44,$60K - $80K,2,2740,52,3,2,1,0.981146,0.48300436,Test
716606733,33,$40K - $60K,2,4833,85,2,0,0,0.00029627245,0.4393604,Test
716060358,53,$40K - $60K,2,4952,82,2,3,0,0.0050615156,0.55232507,Test
709158333,44,$60K - $80K,2,4244,96,2,3,0,0.0004701622,0.52466655,Test
721113333,54,Less than $40K,1,4751,93,2,1,0,0.0005110859,0.37018996,Low priority
712620858,34,Unknown,1,4572,60,2,3,0,0.110861026,0.49239507,Test
712855683,50,Less than $40K,1,4906,89,2,1,0,0.00070809934,0.47841752,Test
715463133,40,$120K +,1,3699,64,1,2,0,0.004014857,0.5358322,Test
716551533,47,Unknown,2,4779,86,1,0,0,0.00016894197,0.36359856,Low priority
771220758,40,Unknown,1,4614,83,1,0,0,9.523194e-05,0.42473894,Test
709920258,41,$40K - $60K,1,4531,73,1,3,0,0.0018990898,0.5772803,Priority
708959583,47,$60K - $80K,1,3415,84,2,3,0,0.000952591,0.51068383,Test
712510833,44,$40K - $60K,2,4121,81,3,3,0,0.001240536,0.55770195,Priority
710840433,34,$40K - $60K,2,3339,51,1,3,0,0.097185746,0.5284738,Test
712853358,39,Less than $40K,2,2216,44,3,3,1,0.9979963,0.42542043,Test
788502858,58,$80K - $120K,2,4431,68,2,3,0,0.0028038064,0.5553165,Priority
721139808,42,Less than $40K,1,3889,80,2,0,0,0.00035025322,0.50731564,Test
711375558,48,$40K - $60K,2,4540,78,3,0,0,0.0010409431,0.45720676,Test
713798958,38,Less than $40K,2,4643,87,3,0,0,0.00028561213,0.33212036,Low priority
709362033,52,Less than $40K,1,2253,48,5,2,1,0.9992762,0.30189556,Low priority
719860308,42,Less than $40K,2,2418,48,3,2,1,0.9970995,0.48807186,Test
714443058,43,Less than $40K,5,1664,39,2,2,1,0.99319637,,
716315508,37,$40K - $60K,2,1339,32,2,2,1,0.9932748,0.14373504,Low priority
717651333,55,Less than $40K,1,4562,67,3,0,0,0.0036792168,0.643136,Priority
798489258,59,Unknown,1,5557,82,3,1,0,0.015471758,0.32033652,Low priority
710742408,53,Less than $40K,2,4518,93,1,0,0,8.069662e-05,0.23465699,Low priority
812089383,41,$80K - $120K,1,4426,88,2,0,0,0.00044541518,0.5079653,Test
711968358,55,Less than $40K,1,4153,77,2,0,0,0.00024641133,0.38637757,Low priority
794227308,56,$80K - $120K,1,4493,79,1,3,0,0.0002755107,0.43119964,Test
719845908,52,Less than $40K,2,4803,83,1,3,0,0.00086558744,0.6096096,Priority
716851908,58,$40K - $60K,1,4784,70,3,0,0,0.0033166995,0.39073578,Low priority
720599658,49,$40K - $60K,2,5104,75,2,3,0,0.0032562762,0.44139695,Test
720401658,53,Less than $40K,5,1985,38,3,2,1,0.8454499,,
827442858,56,$80K - $120K,2,3719,69,3,3,0,0.0023247635,0.63014114,Priority
779034708,60,Unknown,1,4939,71,3,3,0,0.0065242206,0.39337334,Low priority
718806783,46,Unknown,2,2629,41,3,3,1,0.99806744,0.49799582,Test
714484008,49,Less than $40K,4,2138,41,3,2,1,0.9986922,,
719176308,43,$80K - $120K,6,2120,43,3,2,1,0.9646189,,
769662033,45,Less than $40K,2,5025,85,2,3,0,0.0009232813,0.37765816,Low priority
721020858,34,Unknown,2,4220,66,2,0,0,0.004349707,0.491173,Test
714630858,36,Less than $40K,2,2383,39,3,2,1,0.9994023,0.325935,Low priority
710838108,45,$80K - $120K,1,4317,72,4,0,0,0.0018599312,0.5433253,Test
712662783,43,Unknown,1,2577,57,2,2,1,0.9989428,0.38113773,Low priority
713160258,54,Less than $40K,1,4349,90,2,0,0,0.00017429469,0.3599597,Low priority
778163508,37,Unknown,2,4938,70,1,3,0,0.0019870158,0.5397159,Test
713785608,49,Less than $40K,1,4918,63,2,3,0,0.5436207,0.5680278,Priority
779905008,54,$40K - $60K,2,2660,41,2,2,1,0.99949443,0.28442368,Low priority
789491058,43,Less than $40K,2,4570,82,3,3,0,0.000933839,0.46523032,Test
793736958,49,$120K +,1,4410,86,2,3,0,0.00029012075,0.45495582,Test
720961383,47,Unknown,2,2907,60,3,2,1,0.90488744,0.6725127,Priority
714202008,53,Less than $40K,6,2115,42,3,0,1,0.987604,,
721479108,52,$120K +,1,3332,64,1,3,0,0.016798282,0.66000247,Priority
715549158,29,Less than $40K,2,4769,84,2,3,0,0.0005485812,0.3764213,Low priority
710308983,50,Less than $40K,1,4148,83,1,0,0,0.00023357483,0.46394578,Test
710981583,44,$40K - $60K,2,5131,86,1,3,0,0.0005107141,0.30951115,Low priority
712704933,49,$40K - $60K,4,2227,41,3,2,1,0.99608,,
716165508,51,$60K - $80K,2,4498,94,1,3,0,0.00017235811,0.4031359,Low priority
710630583,47,$60K - $80K,2,3738,77,1,0,0,0.00012325899,0.46536437,Test
709571958,58,Less than $40K,1,4401,65,1,3,0,0.051930033,0.4804877,Test
790115358,39,Less than $40K,2,4588,77,1,0,0,0.0008113563,0.5722491,Priority
715904433,42,$40K - $60K,1,2055,46,3,2,1,0.99939096,0.34153152,Low priority
709078908,48,Less than $40K,1,4926,89,2,0,0,0.0005071592,0.44628394,Test
717541308,61,Less than $40K,2,4838,85,2,0,0,0.00032012365,0.4849735,Test
779916408,39,Unknown,1,4934,70,3,3,0,0.004367295,0.5334768,Test
714979383,56,$60K - $80K,1,5255,77,2,0,0,0.00057004235,0.29577425,Low priority
711691608,46,Less than $40K,2,2450,49,3,0,1,0.99740547,0.4708277,Test
788930358,42,$40K - $60K,2,3891,81,2,0,0,0.0003131047,0.563543,Priority
716351208,48,Less than $40K,1,4175,77,3,0,0,0.0042943675,0.3379417,Low priority
708266883,34,Less than $40K,1,2312,35,2,2,1,0.9992867,0.31463793,Low priority
718858683,42,Less than $40K,2,4511,76,3,3,0,0.0010173566,0.46367633,Test
771617883,54,$40K - $60K,1,4904,82,2,0,0,0.0004309433,0.5265514,Test
718001508,41,Less than $40K,1,4377,84,1,0,0,8.356765e-05,0.42586446,Test
708995283,50,Unknown,1,4871,75,1,3,0,0.0011642327,0.49830323,Test
721173183,57,Unknown,2,4984,85,1,0,0,0.00022100743,0.5107435,Test
711102858,48,Unknown,4,1618,34,2,2,1,0.9635243,,
711722808,51,Less than $40K,5,2520,40,3,2,1,0.9989581,,
787466808,35,Less than $40K,2,5329,82,2,0,0,0.0021249813,0.28637266,Low priority
716116383,45,Less than $40K,1,4682,77,2,0,0,0.004849281,0.38112152,Low priority
713257083,46,$40K - $60K,1,4343,66,3,0,0,0.00486175,0.64661616,Priority
772661808,56,$120K +,2,5051,83,1,3,0,0.00027564153,0.45838255,Test
713382558,57,Less than $40K,1,4304,81,1,0,0,0.00026892297,0.5669939,Priority
717596883,58,$40K - $60K,4,5270,78,3,3,0,0.05502723,,
712993008,58,Less than $40K,4,4533,68,3,0,0,0.0013586825,,
824763783,59,Less than $40K,2,4251,76,2,0,0,0.0002707955,0.5568986,Priority
771730758,51,Unknown,4,4443,75,3,3,0,0.004179183,,
780265458,56,Less than $40K,4,4466,85,2,0,0,0.0004245431,,
714256758,50,$60K - $80K,3,4347,66,1,3,0,0.0014978417,,
710292333,44,Unknown,3,2618,52,3,2,1,0.97118956,,
712171158,42,Less than $40K,6,4986,79,1,3,0,0.0011570173,,
787339158,56,$80K - $120K,3,2361,41,6,2,1,0.99741286,,
788782008,49,Less than $40K,4,4146,69,3,3,0,0.004318106,,
714848958,47,Less than $40K,6,2315,43,2,2,1,0.99128705,,
714987633,42,$60K - $80K,2,4026,53,2,0,0,0.32955715,0.4608947,Test
717684858,50,$120K +,6,5002,60,3,2,0,0.1646604,,
767376483,27,Less than $40K,5,5176,91,3,3,0,0.00021956679,,
709901058,38,$40K - $60K,2,4185,80,2,0,0,0.00042629198,0.45173448,Test
823149483,52,$40K - $60K,1,4643,76,5,2,0,0.0029072326,0.5834809,Priority
780073158,59,Less than $40K,2,4455,85,1,3,0,0.00014436472,0.45870942,Test
779998083,33,$40K - $60K,1,4069,66,2,3,0,0.007614419,0.44226828,Test
713144208,51,Unknown,1,2053,49,4,2,1,0.99649847,0.33923227,Low priority
771594783,56,Unknown,2,2264,37,4,2,1,0.99914753,0.3694372,Low priority
816613158,48,Less than $40K,2,4117,69,3,0,0,0.0017861137,0.5870562,Priority
770774133,53,$80K - $120K,1,4826,70,2,2,0,0.0034161343,0.51470995,Test
712300683,41,Less than $40K,2,4897,96,2,3,0,0.00046224322,0.36954996,Low priority
714536208,50,Less than $40K,1,4203,73,2,0,0,0.00088710303,0.5048227,Test
784880958,34,$40K - $60K,2,3776,84,3,0,0,0.00038932485,0.50919896,Test
713784558,59,$40K - $60K,1,4833,77,2,3,0,0.0023378092,0.489362,Test
719305608,57,Less than $40K,4,2447,47,3,0,1,0.92442393,,
720190083,56,Less than $40K,1,2509,47,3,2,1,0.9995215,0.2711624,Low priority
708323208,49,Less than $40K,4,2241,36,2,2,1,0.99651587,,
781183233,44,Less than $40K,2,3805,79,1,0,0,0.00010300887,0.6238616,Priority
718825908,60,Unknown,1,4575,78,1,0,0,0.00023417332,0.4170513,Test
716963283,47,Less than $40K,2,2751,49,2,0,1,0.94878817,0.3701788,Low priority
714924483,60,Less than $40K,2,4226,92,3,0,0,0.00035076932,0.3414848,Low priority
779922183,52,Less than $40K,2,4758,81,2,0,0,0.0003712359,0.34487045,Low priority
719449533,49,$40K - $60K,1,2386,49,2,0,1,0.99111605,0.37188214,Low priority
712559058,54,$80K - $120K,1,4765,76,3,3,0,0.000999575,0.5514615,Test
717853233,41,$80K - $120K,1,4772,76,1,3,0,0.00064561015,0.44408816,Test
790069233,45,Less than $40K,2,4289,72,1,3,0,0.000656047,0.66597724,Priority
794576058,42,$80K - $120K,1,4070,76,2,2,0,0.0007298287,0.5367124,Test
779877858,53,Less than $40K,2,4428,80,3,0,0,0.0005593461,0.6571169,Priority
772334133,53,Unknown,2,4583,86,1,3,0,0.00075434026,0.3620858,Low priority
714139308,53,$60K - $80K,2,4722,81,5,3,0,0.0016933742,0.5445027,Test
806634783,38,Less than $40K,1,4267,75,3,0,0,0.0018211112,0.5817359,Priority
720101658,26,Less than $40K,2,4614,70,1,3,0,0.0011370357,0.30774933,Low priority
719925483,46,$80K - $120K,2,4531,88,1,0,0,0.00014122082,0.42249945,Test
719572833,57,$40K - $60K,2,5440,83,2,0,0,0.0013319002,0.48527402,Test
720729108,32,Less than $40K,1,5373,87,2,1,0,0.0038612264,0.16940486,Low priority
819214233,43,Less than $40K,2,5138,84,2,3,0,0.0008667929,0.36571845,Low priority
718896108,48,Less than $40K,2,5014,84,1,3,0,0.00033498043,0.47731864,Test
713723433,52,Less than $40K,1,4188,79,1,3,0,0.00040787202,0.61329776,Priority
708514383,38,Unknown,2,4314,81,1,3,0,0.00012141065,0.5924347,Priority
716961033,48,Less than $40K,1,3630,78,3,0,0,0.0016210976,0.41701865,Test
778819083,41,$40K - $60K,1,2264,47,3,2,1,0.9991184,0.39123884,Low priority
714773508,54,$40K - $60K,6,2532,43,4,2,1,0.9987841,,
814181433,46,$40K - $60K,1,4242,64,3,0,0,0.032515418,0.5649593,Priority
711984633,36,Less than $40K,1,4373,89,2,0,0,0.00045365814,0.5912836,Priority
710662158,41,$120K +,1,2051,41,3,2,0,0.75984913,0.4135555,Test
711356733,45,Less than $40K,2,4667,90,2,3,0,0.0036848073,0.42763934,Test
711456108,46,$40K - $60K,5,2488,44,3,0,1,0.9885627,,
780727833,51,Less than $40K,1,4526,95,4,0,0,0.0013940074,0.21759579,Low priority
771471708,44,Less than $40K,2,5097,77,1,0,0,0.0004726332,0.4196941,Test
714320358,38,Less than $40K,2,4126,56,1,0,0,0.03747129,0.63495123,Priority
720700008,50,Less than $40K,1,4686,81,1,0,0,0.0001695368,0.39013857,Low priority
713027058,46,Less than $40K,2,2595,31,2,2,1,0.9992792,0.26602554,Low priority
778228458,52,Less than $40K,2,4943,70,3,0,0,0.0570051,0.45612225,Test
781137783,40,Less than $40K,1,2478,43,3,2,1,0.9989827,0.3660622,Low priority
719821908,38,Less than $40K,2,2752,43,1,2,1,0.99649745,0.48035488,Test
720537633,44,Less than $40K,2,4961,85,3,0,0,0.0011898096,0.4135517,Test
712378983,54,$80K - $120K,5,2599,61,6,2,1,0.17526376,,
763681908,34,Less than $40K,1,5674,78,2,3,0,0.22035013,0.26783428,Low priority
721164483,46,$40K - $60K,2,4894,84,1,0,0,0.0002676716,0.35686916,Low priority
715447008,50,Less than $40K,2,5119,83,3,0,0,0.0014544736,0.405937,Low priority
769676358,38,$60K - $80K,1,5066,76,1,0,0,0.00020936981,0.31427157,Low priority
710487033,44,$40K - $60K,2,4445,78,3,3,0,0.0010179874,0.5108363,Test
714197133,51,$40K - $60K,2,2811,52,3,2,1,0.99303,0.26372296,Low priority
718488783,40,$40K - $60K,2,4821,66,2,0,0,0.018648984,0.6253308,Priority
715663458,51,Less than $40K,2,5016,88,3,3,0,0.0013210367,0.34147263,Low priority
717865008,51,$40K - $60K,2,4425,81,1,3,0,0.00023316251,0.45845762,Test
771400608,56,Unknown,2,4727,76,1,3,0,0.0006772585,0.4696959,Test
708148158,39,Unknown,2,4207,86,3,3,0,0.0008479446,0.33263224,Low priority
720589008,47,Unknown,1,4317,83,3,0,0,0.0007563489,0.54392123,Test
784795083,31,Less than $40K,2,4794,73,1,3,0,0.0027736826,0.4758452,Test
809844108,48,$60K - $80K,2,4775,78,1,3,0,0.0007194822,0.51888347,Test
711521958,51,Less than $40K,2,4660,68,2,0,0,0.0014716535,0.3446746,Low priority
711833508,47,$40K - $60K,2,4643,89,3,3,0,0.0010482336,0.3852699,Low priority
713146683,35,Unknown,2,5473,79,3,3,0,0.5266811,0.42375383,Test
716968683,46,Unknown,2,5157,72,2,3,0,0.0033289287,0.3333688,Low priority
716279508,48,$80K - $120K,2,2639,46,3,0,1,0.99453837,0.5617431,Priority
771336783,51,Less than $40K,1,4351,81,3,0,0,0.00027939628,0.5684843,Priority
717502083,41,$120K +,4,2718,44,2,2,1,0.9886757,,
714843483,57,Unknown,1,5063,83,1,3,0,0.00032996896,0.3334889,Low priority
709745508,58,$40K - $60K,1,2140,40,4,2,1,0.9993525,0.27798587,Low priority
711382458,43,$60K - $80K,2,2389,49,3,2,1,0.9974256,0.42363644,Test
712190358,48,Less than $40K,1,5199,73,3,0,0,0.0016742502,0.24474838,Low priority
788805858,49,$40K - $60K,2,4997,89,3,0,0,0.00033998225,0.4291923,Test
709102458,47,$80K - $120K,4,2607,41,3,2,1,0.99694496,,
712533708,43,$80K - $120K,2,4894,85,2,3,0,0.0039318013,0.43705997,Test
720326733,55,$120K +,2,3761,58,3,3,0,0.22267388,0.6898497,Priority
713605908,49,$120K +,1,3863,69,1,3,0,0.0003127091,0.66120756,Priority
711598533,43,$60K - $80K,1,3607,75,2,0,0,0.0022279022,0.4629039,Test
795855258,48,Less than $40K,2,5045,82,3,3,0,0.00092287856,0.4204597,Test
826783233,57,Less than $40K,1,4750,89,3,0,0,0.0005783979,0.3093249,Low priority
789228108,56,Unknown,2,4378,86,2,3,0,0.00034330212,0.4595456,Test
785230083,50,$60K - $80K,1,4905,80,2,0,0,0.0006856113,0.678248,Priority
807946833,44,Less than $40K,6,2771,36,3,2,1,0.99889934,,
711011508,43,Less than $40K,1,4387,91,3,0,0,0.0002067039,0.50243366,Test
718632933,58,Less than $40K,1,4731,71,5,3,0,0.0048375684,0.5269207,Test
717284133,53,Less than $40K,1,4520,84,2,0,0,0.00085878844,0.42050833,Test
711701058,48,Less than $40K,2,4892,94,2,1,0,0.00051466515,0.7069189,Priority
712228458,50,$120K +,2,4302,63,3,3,0,0.038510185,0.62795556,Priority
717146208,59,Less than $40K,1,2828,50,4,0,1,0.984634,0.20317931,Low priority
719028783,42,Less than $40K,2,4486,74,3,3,0,0.0086068,0.53966695,Test
713274183,45,Less than $40K,1,4182,85,1,3,0,0.0001530388,0.55852836,Priority
789218433,33,$40K - $60K,2,4528,86,3,3,0,0.0011118392,0.2833749,Low priority
790139583,39,Less than $40K,2,4386,64,2,0,0,0.005290681,0.6200171,Priority
720218658,40,Unknown,2,4501,96,3,3,0,0.0020693748,0.19421671,Low priority
747074058,47,Unknown,1,4758,81,3,1,0,0.00040278115,0.31610736,Low priority
719170683,38,$80K - $120K,2,4401,73,2,3,0,0.0029125328,0.6582474,Priority
708753633,45,$40K - $60K,2,4462,77,1,3,0,0.00028683688,0.47359648,Test
710780883,48,$40K - $60K,1,4610,78,2,0,0,0.00044156535,0.61177707,Priority
785237958,45,$60K - $80K,2,2661,35,3,2,1,0.9989981,0.25745896,Low priority
711333933,56,$40K - $60K,2,4586,72,1,0,0,0.0005766571,0.61111146,Priority
710797833,50,Less than $40K,1,4360,95,3,0,0,0.0004208413,0.5283617,Test
720154533,53,Less than $40K,2,5063,78,3,0,0,0.001129479,0.45460078,Test
719123958,40,$60K - $80K,2,2137,45,2,2,1,0.987122,0.53648037,Test
780942633,49,Unknown,2,3552,68,1,0,0,0.0008025695,0.44889578,Test
720034983,26,Less than $40K,2,4258,68,1,3,0,0.00083369605,0.2587632,Low priority
717307158,48,Less than $40K,2,5331,79,1,0,0,0.0006312766,0.3039523,Low priority
708876183,51,$60K - $80K,2,3722,69,3,3,0,0.005132616,0.70888793,Priority
712660308,44,Less than $40K,2,2472,40,3,2,1,0.99961996,0.34763506,Low priority
715958583,56,Less than $40K,1,3588,63,2,0,0,0.029380932,0.709438,Priority
771546708,46,Less than $40K,2,5013,81,2,3,0,0.0009953362,0.4402884,Test
711252258,54,Less than $40K,1,4148,54,3,0,0,0.45201728,0.53193074,Test
772585008,48,Unknown,2,5111,90,3,0,0,0.00095123926,0.41461325,Test
751143858,59,Unknown,2,4636,91,1,3,0,0.0004502836,0.28054082,Low priority
708824958,50,Less than $40K,2,4265,63,1,3,0,0.034453254,0.45378414,Test
819612933,52,$80K - $120K,1,5472,70,3,2,0,0.87395626,0.53035796,Test
712804383,56,Less than $40K,1,4684,82,1,0,0,0.0002024286,0.33942384,Low priority
790149483,42,$40K - $60K,2,4195,89,3,3,0,0.0006155637,0.6639417,Priority
712121508,43,$60K - $80K,1,5200,89,2,1,0,0.0002088371,0.17204495,Low priority
778853358,59,Less than $40K,1,4783,91,3,1,0,0.002340443,0.36305186,Low priority
716512383,39,Less than $40K,1,4817,87,3,0,0,0.0011153091,0.20886853,Low priority
823548858,53,Unknown,5,2585,48,5,2,1,0.98730797,,
712144158,53,Less than $40K,6,2164,45,6,2,1,0.9039387,,
824560758,35,Less than $40K,1,2475,61,3,2,1,0.99201035,0.52838135,Test
757710783,36,Less than $40K,4,2516,63,2,2,1,0.92211366,,
713081583,51,Less than $40K,2,4647,86,2,0,0,0.0010686854,0.35954347,Low priority
710481333,50,Less than $40K,5,2272,57,3,2,1,0.85749084,,
721060083,42,Unknown,1,4653,71,1,3,0,0.0008724893,0.4968814,Test
713759583,54,Less than $40K,1,4883,71,1,0,0,0.000870389,0.5779374,Priority
717547383,43,Less than $40K,2,4233,77,3,0,0,0.0007786631,0.4371696,Test
711683358,46,Less than $40K,2,2135,44,3,2,1,0.9989054,0.2990629,Low priority
710044308,40,$40K - $60K,2,2480,47,2,0,0,0.78616524,0.57169,Priority
713101383,44,$40K - $60K,1,5402,87,1,1,0,0.00227019,0.20014155,Low priority
757685733,43,Less than $40K,1,5066,75,2,0,0,0.0019929486,0.28430867,Low priority
717823383,56,$60K - $80K,1,4268,81,1,0,0,0.00015348759,0.5266231,Test
796029483,49,Less than $40K,2,3890,78,3,0,0,0.0008036497,0.5931852,Priority
710099358,60,$40K - $60K,2,4935,92,3,3,0,0.0029932314,0.5740302,Priority
713872008,49,Less than $40K,1,4656,72,3,0,0,0.0012053037,0.61348677,Priority
788802483,47,Less than $40K,2,4766,87,2,0,0,0.0008045538,0.40644225,Low priority
817988433,56,$60K - $80K,2,4097,78,2,3,0,0.00097009854,0.49671328,Test
823554783,44,Unknown,2,5022,85,1,3,0,0.0009413129,0.50109774,Test
710643183,42,Less than $40K,2,4163,83,2,0,0,0.00048360397,0.3968303,Low priority
779859558,54,Less than $40K,2,2398,29,2,2,1,0.9983296,0.44048178,Test
798238008,36,Less than $40K,2,4644,85,1,3,0,0.00057864795,0.50707006,Test
811974483,56,$40K - $60K,1,5110,86,3,0,0,0.0007285356,0.40002456,Low priority
778471758,52,Less than $40K,1,4663,85,3,0,0,0.0016052834,0.3772851,Low priority
718513233,59,$120K +,1,4740,78,3,3,0,0.002359873,0.6886711,Priority
718147233,44,$40K - $60K,2,4999,95,2,1,0,0.0009268483,0.12242923,Low priority
713700258,55,Unknown,1,4644,79,3,0,0,0.0015222237,0.45646665,Test
780670083,39,$40K - $60K,1,2596,48,2,3,1,0.99214786,0.5557517,Priority
711438033,57,Less than $40K,1,5750,73,3,3,0,0.14371268,0.41316056,Test
712253058,48,Less than $40K,1,4189,83,2,0,0,0.00035258042,0.48328868,Test
713519508,47,$60K - $80K,1,5065,80,1,0,0,0.000100172554,0.36404622,Low priority
789992733,50,Less than $40K,1,4937,75,1,0,0,0.00051971764,0.52619845,Test
710110683,52,$60K - $80K,1,4844,83,1,3,0,0.00037065413,0.5130744,Test
720260433,46,$40K - $60K,2,5577,95,3,0,0,0.0013785476,0.13591099,Low priority
714148758,34,Less than $40K,2,5228,68,3,0,0,0.009721399,0.5789168,Priority
715522233,45,Less than $40K,1,4878,92,6,0,0,0.00043300694,0.47201633,Test
712790358,39,Unknown,6,2219,44,3,2,1,0.97094035,,
714943233,49,$40K - $60K,2,3911,80,2,0,0,0.00039114268,0.74270415,Priority
789579033,43,$40K - $60K,2,5021,84,3,0,0,0.0018233835,0.34699607,Low priority
708952758,41,Less than $40K,2,4887,76,1,0,0,0.00016818255,0.5093064,Test
721374033,53,$40K - $60K,2,4341,69,3,0,0,0.002545513,0.58658093,Priority
808891983,42,Less than $40K,2,4042,60,3,3,0,0.06804198,0.58562696,Priority
794516508,43,Less than $40K,2,4838,81,2,3,0,0.0011080513,0.35761702,Low priority
714032883,45,$40K - $60K,1,4598,80,1,3,0,0.0004928177,0.5819982,Priority
778722033,44,Less than $40K,2,5626,77,2,0,0,0.002564847,0.16952477,Low priority
823578483,44,Less than $40K,2,4429,78,1,0,0,0.00022016655,0.48592016,Test
715148658,51,Less than $40K,1,4684,86,3,1,0,0.0016951251,0.35658512,Low priority
709669533,38,Less than $40K,2,4488,88,3,0,0,0.006270744,0.285241,Low priority
787467858,43,$80K - $120K,1,4081,54,1,2,0,0.090490654,0.36883327,Low priority
708671733,48,$60K - $80K,2,4091,71,3,0,0,0.0015782545,0.6176619,Priority
709790058,53,$120K +,1,4985,87,1,1,0,0.00028037027,0.3119916,Low priority
712714008,39,$40K - $60K,2,4714,81,3,0,0,0.0006644438,0.47642228,Test
715191258,47,Unknown,1,4138,64,2,0,0,0.02296373,0.4946154,Test
757722708,42,$60K - $80K,1,4246,83,3,3,0,0.0009894925,0.5702073,Priority
718086783,50,$120K +,2,4738,56,2,3,0,0.7692145,0.69697946,Priority
815253708,46,Less than $40K,1,4144,73,2,0,0,0.0010226117,0.568134,Priority
715083633,33,Less than $40K,2,5271,76,2,0,0,0.0010295038,0.22650076,Low priority
792098883,37,$120K +,2,3696,82,1,0,0,0.00015359784,0.49455854,Test
711873858,43,$60K - $80K,2,4667,91,3,0,0,0.00070302247,0.5540939,Priority
713931258,56,Less than $40K,2,1988,42,3,2,1,0.99933076,0.19803877,Low priority
787591008,42,$60K - $80K,2,4955,83,1,0,0,0.0002268523,0.47240728,Test
801518958,56,Unknown,2,4139,69,3,3,0,0.0063769324,0.5663422,Priority
713068833,44,Less than $40K,2,4687,85,2,0,0,0.00050235563,0.62658864,Priority
710566533,40,$60K - $80K,1,4159,67,3,0,0,0.0022381437,0.56470895,Priority
789151983,43,$40K - $60K,2,5244,87,3,3,0,0.002385596,0.39708453,Low priority
766673433,45,$80K - $120K,2,4512,80,3,0,0,0.00172991,0.4979406,Test
807589908,47,Less than $40K,1,4189,80,2,0,0,0.00047362584,0.4872205,Test
708190158,38,Less than $40K,2,2750,41,3,0,1,0.94394374,0.32904336,Low priority
784895358,49,Less than $40K,5,2870,49,3,2,1,0.98318005,,
710090133,62,Less than $40K,1,3908,80,3,0,0,0.000723699,0.52572715,Test
799242033,45,$80K - $120K,2,4598,86,3,0,0,0.00045698934,0.28198633,Low priority
719377383,40,$60K - $80K,1,4957,90,2,1,0,0.00040792042,0.42921442,Test
710371683,51,$60K - $80K,2,4097,67,1,0,0,0.0012603765,0.61850744,Priority
719926683,41,$60K - $80K,2,4754,77,2,3,0,0.00079617556,0.64827055,Priority
793597833,49,Less than $40K,1,4466,69,3,0,0,0.0019256466,0.6119536,Priority
713739708,61,$60K - $80K,1,4479,71,3,0,0,0.004300488,0.40795267,Low priority
709389558,33,Less than $40K,1,4641,85,3,3,0,0.0006003973,0.4278968,Test
811907583,45,Unknown,1,4240,67,2,2,0,0.013273643,0.3704548,Low priority
709087983,35,Less than $40K,2,5020,94,2,3,0,0.0005124535,0.20171504,Low priority
712774908,41,Less than $40K,2,5111,83,2,0,0,0.00029750654,0.466796,Test
820639908,48,Unknown,1,4378,81,2,0,0,0.00037468344,0.8053952,Priority
713497983,49,$60K - $80K,1,3459,53,2,3,0,0.61370075,0.47695413,Test
713489358,52,Less than $40K,2,3763,82,3,3,0,0.0015606842,0.53727067,Test
711381183,51,$40K - $60K,2,4485,85,3,0,0,0.00048569788,0.46851733,Test
814989933,45,Less than $40K,1,5575,73,2,0,0,0.0044757165,0.24580498,Low priority
711847833,42,Less than $40K,2,4833,71,2,0,0,0.0015356542,0.5466485,Test
772837083,41,$120K +,2,3906,87,3,3,0,0.0016995498,0.7749349,Priority
713652783,30,Less than $40K,1,5568,90,1,0,0,0.050771255,0.1744322,Low priority
719202708,54,Less than $40K,2,4633,84,2,3,0,0.0015042645,0.5114421,Test
714566133,60,Less than $40K,1,4621,91,2,0,0,0.0003224159,0.3908351,Low priority
717553683,52,Less than $40K,1,4608,61,1,0,0,0.025960939,0.6332497,Priority
814987983,37,$40K - $60K,2,4835,77,1,3,0,0.0011221499,0.52355725,Test
789588933,44,$60K - $80K,1,3912,79,1,3,0,0.0001656858,0.5570949,Priority
714317058,52,$60K - $80K,2,3946,63,3,0,0,0.21167476,0.6014664,Priority
772271508,46,Unknown,2,2320,42,3,2,1,0.99952817,0.34081042,Low priority
716366208,45,Unknown,2,5221,82,1,3,0,0.032692194,0.4372892,Test
710971908,43,$60K - $80K,2,4898,80,3,0,0,0.0010220206,0.59468764,Priority
711412533,40,Less than $40K,6,2416,45,3,2,1,0.8668029,,
720593583,39,Less than $40K,1,5152,90,2,1,0,0.00074494485,0.30180535,Low priority
720165258,44,Less than $40K,2,5357,91,3,0,0,0.00333796,0.32902908,Low priority
716147658,49,Unknown,2,4739,86,3,0,0,0.00056674145,0.3883053,Low priority
778436283,41,Less than $40K,2,4015,76,3,0,0,0.00047004636,0.41929144,Test
711492258,50,$60K - $80K,2,5298,71,1,0,0,0.00016274866,0.3877196,Low priority
771106458,54,Less than $40K,1,4609,61,5,0,0,0.086550824,0.50405174,Test
713183508,39,Unknown,1,4861,82,3,0,0,0.0011189241,0.4987729,Test
710832108,52,$40K - $60K,2,4552,81,3,3,0,0.008397879,0.6758557,Priority
719940483,51,$40K - $60K,2,4841,88,2,0,0,0.0003000171,0.4362815,Test
715207458,46,Less than $40K,2,4802,90,2,0,0,0.00040260094,0.2222021,Low priority
716839983,48,$120K +,2,4520,75,3,3,0,0.006548757,0.5080699,Test
781073733,50,$120K +,1,4793,88,3,1,0,0.011871425,0.53258353,Test
757594083,52,Unknown,2,4530,74,4,3,0,0.0019193818,0.5047033,Test
764496708,54,Unknown,2,4961,82,3,3,0,0.0019008974,0.49474937,Test
714080433,40,$40K - $60K,2,4758,67,3,0,0,0.015999377,0.5248431,Test
757675158,47,$40K - $60K,2,4904,85,2,0,0,0.0004969328,0.35445306,Low priority
715361433,53,Less than $40K,2,4194,78,2,0,0,0.00027614948,0.4802966,Test
778191933,45,$120K +,2,2305,42,3,2,1,0.99917585,0.39285582,Low priority
718792758,35,Unknown,2,5121,80,3,3,0,0.0012655305,0.46151432,Test
709738008,48,$40K - $60K,1,5033,81,6,0,0,0.0010724666,0.44967076,Test
799020258,44,$60K - $80K,2,4797,82,1,3,0,0.0016270765,0.50437725,Test
718152333,41,Unknown,2,3607,51,3,2,1,0.98948085,0.47349447,Test
716324583,42,Unknown,1,4577,81,4,0,0,0.00048000616,0.36907074,Low priority
720887058,51,Unknown,1,4753,87,2,1,0,0.003816533,0.36908972,Low priority
714825408,45,$40K - $60K,2,4971,65,3,0,0,0.15742496,0.23804633,Low priority
788620083,50,Less than $40K,2,4563,89,2,0,0,0.00022337971,0.49843907,Test
719490108,54,Less than $40K,1,4854,74,3,0,0,0.0035334257,0.50462604,Test
709044183,47,Unknown,1,3995,64,3,2,0,0.06428726,0.43964198,Test
756944133,52,Less than $40K,1,4452,89,1,0,0,0.00014345863,0.37628534,Low priority
785285883,49,Less than $40K,6,2622,53,3,2,1,0.973477,,
779770683,47,$40K - $60K,2,5047,79,3,3,0,0.0015794797,0.38226333,Low priority
718510983,54,$40K - $60K,1,3720,89,3,3,0,0.0013901024,0.36115327,Low priority
710322033,52,Less than $40K,1,4515,77,1,0,0,0.0001442021,0.48777807,Test
710560008,46,Less than $40K,1,4588,75,3,0,0,0.00035785313,0.24197592,Low priority
711298458,39,Less than $40K,5,2338,40,2,2,1,0.99151456,,
789164283,55,Less than $40K,1,4726,87,1,0,0,0.00014686295,0.38303268,Low priority
715773783,44,$40K - $60K,2,2558,38,3,2,1,0.99889094,0.42891547,Test
779158533,43,Less than $40K,2,4774,74,3,0,0,0.001303101,0.49507633,Test
720463833,42,$60K - $80K,1,5022,76,1,3,0,0.00031117306,0.48967016,Test
712747758,50,Less than $40K,2,2037,43,2,2,1,0.998782,0.28192574,Low priority
771067308,38,$40K - $60K,1,5616,73,1,0,0,0.007651325,0.2727195,Low priority
750995508,41,$60K - $80K,1,1679,29,3,2,1,0.9900115,0.4333369,Test
716171358,51,$40K - $60K,2,4460,85,3,0,0,0.0007634855,0.46320277,Test
794637333,44,Less than $40K,2,3881,77,2,3,0,0.0012653454,0.57155526,Priority
718437033,46,$60K - $80K,4,2527,38,3,0,1,0.9885986,,
718492908,38,Less than $40K,1,4636,86,2,0,0,0.0006151995,0.3749208,Low priority
716033508,46,$60K - $80K,1,4514,66,3,3,0,0.0017612306,0.45476738,Test
717603858,54,$40K - $60K,1,4325,77,2,3,0,0.0005709939,0.47555038,Test
714741933,42,$60K - $80K,1,4033,76,1,3,0,0.00020891715,0.540665,Test
716558283,30,Less than $40K,2,5247,84,2,0,0,0.00059626315,0.37179226,Low priority
719022558,49,Less than $40K,1,5106,74,3,0,0,0.004176284,0.6625696,Priority
717334233,54,$40K - $60K,1,4804,79,3,3,0,0.007627098,0.4317055,Test
709222008,41,$80K - $120K,1,2422,41,3,2,1,0.998743,0.46559158,Test
719192808,51,$120K +,2,4674,71,1,0,0,0.00037157116,0.4266388,Test
719281533,37,Less than $40K,2,5076,84,1,0,0,0.00035401862,0.3586595,Low priority
710877108,44,Less than $40K,1,4171,75,1,0,0,0.00040608118,0.33793908,Low priority
714155283,46,Unknown,2,4861,77,3,3,0,0.00089917093,0.40417132,Low priority
771214083,45,$60K - $80K,1,4891,65,2,3,0,0.038465194,0.57888645,Priority
770581983,55,$40K - $60K,1,4885,88,1,1,0,0.000333638,0.51072997,Test
718742808,55,$40K - $60K,2,2877,49,4,2,1,0.9969117,0.49835333,Test
710257683,50,$120K +,1,4520,73,2,3,0,0.0028766037,0.48798576,Test
721426383,36,Less than $40K,4,2424,40,3,3,1,0.9961553,,
721041483,45,$60K - $80K,1,2032,39,2,2,1,0.99759835,0.35051295,Low priority
719922558,45,$40K - $60K,2,5346,84,2,3,0,0.0100742625,0.22527997,Low priority
715072533,41,$40K - $60K,2,4456,75,6,3,0,0.0037063793,0.5304336,Test
716214108,44,$60K - $80K,1,4892,80,2,3,0,0.003538192,0.50362474,Test
772216833,47,Less than $40K,1,4510,88,2,0,0,0.00028508925,0.36756784,Low priority
708553008,38,$40K - $60K,1,4711,64,2,0,0,0.014971342,0.55976164,Priority
778880358,49,$40K - $60K,1,4208,71,3,0,0,0.0010558773,0.5988177,Priority
720258183,39,$40K - $60K,2,5421,75,3,0,0,0.01959828,0.21018082,Low priority
720689583,50,$40K - $60K,1,5657,91,3,0,0,0.0012449542,0.15454613,Low priority
758168133,50,$40K - $60K,2,4325,86,3,3,0,0.00069022866,0.4441674,Test
716322783,47,Less than $40K,2,4538,74,2,0,0,0.0011457987,0.47869697,Test
711118083,54,Less than $40K,1,4504,80,2,0,0,0.00023112315,0.5665989,Priority
709591533,46,Less than $40K,1,3474,60,1,0,0,0.009718021,0.6991967,Priority
794556333,43,Unknown,1,5236,77,3,0,0,0.00293318,0.5286776,Test
771630783,42,Unknown,1,4786,87,1,0,0,0.00016729695,0.38740107,Low priority
708672708,49,$80K - $120K,2,3990,65,3,3,0,0.035100393,0.37141204,Low priority
715590258,45,$40K - $60K,1,4700,69,1,0,0,0.00054316205,0.52175677,Test
714241083,49,Unknown,1,4349,58,1,0,0,0.020749468,0.5644901,Priority
708416433,41,Less than $40K,4,2499,41,3,2,1,0.997945,,
779183958,45,Less than $40K,1,2469,38,3,2,1,0.99986434,0.23722124,Low priority
709061658,44,Less than $40K,2,4534,87,2,0,0,0.00049350265,0.4320896,Test
717384183,58,Less than $40K,1,4863,79,3,0,0,0.00049227173,0.21580243,Low priority
778921908,42,$60K - $80K,2,4559,80,3,3,0,0.001147065,0.37984666,Low priority
714745608,51,Less than $40K,2,5524,71,4,0,0,0.023506304,0.20198223,Low priority
709200633,55,Unknown,1,5443,73,4,3,0,0.251714,0.49310282,Test
714714558,37,$40K - $60K,1,4698,75,3,0,0,0.0022766038,0.40423784,Low priority
801363633,60,Unknown,1,5200,81,2,0,0,0.0010461954,0.46730474,Test
778847808,42,$40K - $60K,1,4911,82,2,0,0,0.00070346176,0.44386578,Test
713015433,50,Less than $40K,2,4543,71,4,0,0,0.0030571946,0.5119301,Test
711666708,52,Unknown,1,2888,50,3,0,1,0.9878995,0.4298068,Test
809631483,42,$80K - $120K,1,4452,83,1,3,0,0.00023744708,0.6144025,Priority
808967883,48,Less than $40K,1,5069,76,1,0,0,9.6535936e-05,0.2793028,Low priority
710532258,48,Less than $40K,1,4906,83,1,0,0,0.00014245466,0.5440804,Test
812235108,44,Less than $40K,2,4301,58,3,3,0,0.07552394,0.42815483,Test
817293258,44,$40K - $60K,1,4017,63,1,0,0,0.036389865,0.47306874,Test
714695883,45,Less than $40K,1,4071,75,2,0,0,0.0019795632,0.5420928,Test
738062658,57,$80K - $120K,2,4231,62,3,2,0,0.18378238,0.70912355,Priority
709518858,50,Less than $40K,1,4891,87,1,3,0,0.0006265834,0.5152269,Test
819634233,46,Less than $40K,5,1507,33,2,2,1,0.9775892,,
711272058,40,Unknown,1,4216,71,3,0,0,0.0013203061,0.5507299,Test
716262708,51,Less than $40K,1,4447,71,3,0,0,0.0014363923,0.5817384,Priority
708928008,34,$40K - $60K,2,4035,87,3,3,0,0.00090405904,0.6005798,Priority
765755283,48,Unknown,1,4588,74,1,3,0,0.0020544922,0.53312963,Test
711922158,57,Less than $40K,1,5109,62,3,2,0,0.14451005,0.43988174,Test
773177358,48,Unknown,1,5372,93,2,1,0,0.002088984,0.18815282,Low priority
779638983,47,Less than $40K,2,4592,83,3,0,0,0.0005164925,0.4585005,Test
708723858,48,Less than $40K,1,3843,67,1,0,0,0.0014391869,0.6692812,Priority
712184133,41,Less than $40K,2,5089,80,3,0,0,0.00052199466,0.3884194,Low priority
709948233,47,Unknown,1,5347,87,4,0,0,0.001215014,0.24917722,Low priority
709415583,37,Less than $40K,1,4490,66,1,3,0,0.0014184228,0.56160474,Priority
714005508,45,Unknown,2,4323,64,2,0,0,0.011509104,0.49393064,Test
712407033,26,Unknown,1,4174,59,2,3,0,0.07620426,0.23643471,Low priority
716333283,58,Less than $40K,1,5269,80,2,0,0,0.0009879217,0.43970174,Test
715534083,46,Unknown,2,4043,73,3,0,0,0.000765714,0.49773568,Test
789492558,49,Less than $40K,1,4926,82,2,0,0,0.00040520242,0.4288654,Test
770929383,41,$60K - $80K,2,4828,82,1,3,0,0.0003062758,0.34846157,Low priority
708890133,46,Unknown,2,4659,74,2,3,0,0.0028166894,0.49215114,Test
788595183,42,$40K - $60K,1,3499,80,1,0,0,0.0001919555,0.5630545,Priority
713167383,57,Less than $40K,1,5154,81,2,0,0,0.00052316446,0.41962427,Test
717704433,48,Unknown,1,4313,85,2,1,0,0.0010676307,0.53408414,Test
718590183,58,Less than $40K,1,5067,69,3,0,0,0.0034780204,0.48319998,Test
719019483,46,Less than $40K,2,4266,63,3,3,0,0.023050914,0.6898937,Priority
710401458,53,$80K - $120K,2,4350,76,2,3,0,0.0015629833,0.5991974,Priority
720783558,58,Unknown,2,4937,73,3,3,0,0.006541663,0.6619923,Priority
772364358,54,Less than $40K,1,4413,80,1,3,0,0.00026639912,0.7141253,Priority
719868183,42,$40K - $60K,5,2843,42,3,2,1,0.9986363,,
709388058,43,Less than $40K,2,4906,80,3,0,0,0.0005540155,0.53421557,Test
717004533,35,Less than $40K,2,4544,81,3,3,0,0.0007312943,0.47643086,Test
714969183,46,Less than $40K,2,4117,76,3,0,0,0.00046239793,0.50130796,Test
720837708,42,Less than $40K,1,5103,94,2,1,0,0.0022882377,0.16305456,Low priority
759947433,53,$120K +,1,4812,81,2,3,0,0.002534312,0.62133694,Priority
767404083,52,$60K - $80K,2,2355,47,3,2,1,0.9975937,0.40471917,Low priority
781926633,48,$40K - $60K,1,4675,88,3,0,0,0.0015610385,0.26583648,Low priority
772127508,31,Less than $40K,6,2614,49,2,3,1,0.94132453,,
720518283,50,$60K - $80K,1,5483,77,3,0,0,0.0011490237,0.23318493,Low priority
715380483,54,Less than $40K,2,4462,75,3,3,0,0.0033767617,0.5613752,Priority
789296133,35,Unknown,1,4601,65,1,3,0,0.013674131,0.61796314,Priority
711029358,41,Less than $40K,2,5011,61,3,0,0,0.08831388,0.58815116,Priority
712615008,46,$120K +,1,3457,66,3,2,0,0.08702253,0.75396997,Priority
816826008,41,Less than $40K,1,4630,84,1,0,0,0.00014605268,0.46220127,Test
715488483,49,Less than $40K,1,4575,75,3,3,0,0.00489403,0.51482403,Test
717759783,47,Unknown,1,5298,72,3,3,0,0.09835714,0.430232,Test
796083783,55,Unknown,1,2278,57,0,2,1,0.998243,0.5347967,Test
709925733,32,Less than $40K,1,5099,80,3,0,0,0.00040765436,0.28375274,Low priority
715309083,50,Less than $40K,2,4851,87,3,3,0,0.0012392239,0.4342576,Test
778441533,45,Unknown,6,2240,34,2,2,1,0.9277249,,
715891533,45,Less than $40K,1,5458,84,2,0,0,0.0010715318,0.40418312,Low priority
788848458,40,$40K - $60K,1,5089,71,1,0,0,0.0015993387,0.4064797,Low priority
708399858,45,Less than $40K,2,4747,77,2,0,0,0.00058528356,0.3385649,Low priority
711944733,45,Less than $40K,1,5401,93,2,0,0,0.0005298768,0.25980753,Low priority
712683633,32,Less than $40K,5,2464,37,3,2,1,0.9959266,,
785487783,59,$40K - $60K,2,5350,96,2,0,0,8.781371e-05,0.14341484,Low priority
718951683,48,Less than $40K,2,4763,83,3,0,0,0.0011721288,0.3213144,Low priority
718329183,57,$40K - $60K,1,3943,75,3,0,0,0.01227479,0.5473833,Test
788960658,42,Less than $40K,1,4649,88,2,0,0,0.00030297283,0.41320103,Test
713120433,55,$40K - $60K,2,4569,82,2,0,0,0.000684338,0.49061042,Test
720980958,43,Less than $40K,1,4797,87,3,1,0,0.0028709525,0.5210431,Test
709606158,37,Less than $40K,1,4878,86,3,1,0,0.0031424013,0.5324559,Test
714168183,48,Unknown,1,4629,77,3,0,0,0.0009940937,0.42014846,Test
712524858,34,Less than $40K,1,4314,74,6,0,0,0.0007621951,0.5871611,Priority
815072283,50,Less than $40K,1,5110,75,3,0,0,0.0011253152,0.3739932,Low priority
715980258,36,Less than $40K,1,4811,77,2,0,0,0.001507404,0.22640985,Low priority
788715483,44,Less than $40K,2,4805,86,2,0,0,0.00097181636,0.46620452,Test
809276808,47,$80K - $120K,1,4678,83,1,3,0,0.00066253985,0.5815381,Priority
708885558,56,Less than $40K,1,2220,45,5,2,1,0.99826556,0.41799644,Test
789373683,45,Less than $40K,1,4976,70,2,0,0,0.0020922748,0.4837586,Test
714216858,35,Unknown,2,4679,85,1,3,0,0.000273336,0.4905466,Test
719150658,51,Unknown,2,2977,46,3,2,1,0.9955379,0.26582342,Low priority
712302783,38,Less than $40K,2,4426,76,3,3,0,0.0012136381,0.7223154,Priority
799717458,42,Less than $40K,2,4025,74,3,0,0,0.0031480154,0.53985125,Test
716354883,59,Unknown,2,3048,53,3,2,1,0.8802708,0.42581996,Test
719601708,45,$60K - $80K,1,5052,61,1,3,0,0.034461934,0.42000413,Test
720150858,34,$80K - $120K,6,2932,44,2,3,1,0.9361198,,
824915208,44,Unknown,2,5169,82,1,3,0,0.000364899,0.26785704,Low priority
798777708,54,$40K - $60K,2,5237,75,4,0,0,0.07212489,0.45809555,Test
805229133,46,$80K - $120K,1,4514,70,2,3,0,0.009010942,0.57555556,Priority
716365233,53,Less than $40K,1,4881,75,3,0,0,0.0067735864,0.39519268,Low priority
796544133,54,$120K +,1,4468,84,3,0,0,0.0003665303,0.47377783,Test
778143183,47,$60K - $80K,2,5098,58,2,3,0,0.43502212,0.3036353,Low priority
717011958,43,$40K - $60K,2,4494,82,1,3,0,0.00018560159,0.36766064,Low priority
778264008,41,$40K - $60K,2,4699,77,1,0,0,0.0007809916,0.37475616,Low priority
789507408,48,Unknown,2,5203,90,6,3,0,0.0013085852,0.28284672,Low priority
788842008,50,Less than $40K,2,5173,87,2,0,0,0.0017132349,0.36830196,Low priority
714742758,42,Less than $40K,2,4751,87,2,0,0,0.000710274,0.38056234,Low priority
717742908,44,$40K - $60K,1,4520,74,1,3,0,0.0032066095,0.5846149,Priority
712874433,45,Less than $40K,2,5413,90,1,3,0,0.00018257086,0.22218093,Low priority
711092658,39,Unknown,2,2862,52,2,2,1,0.96259,0.5791737,Priority
720299283,46,$60K - $80K,2,4380,80,2,3,0,0.000993432,0.6112896,Priority
719237058,39,$60K - $80K,2,4498,96,2,0,0,0.00067592144,0.2104745,Low priority
719671383,40,Less than $40K,2,4109,70,3,3,0,0.0035525023,0.6335953,Priority
788290383,43,$40K - $60K,2,4436,83,6,0,0,0.0011023165,0.54964525,Test
779701983,49,$40K - $60K,1,4643,80,3,0,0,0.0012140597,0.50975686,Test
779247483,46,Unknown,5,2754,55,2,2,1,0.9929715,,
767093133,52,Unknown,2,4191,80,2,3,0,0.0010863205,0.5220768,Test
717979008,48,Less than $40K,2,4833,81,2,0,0,0.0004228054,0.44298807,Test
712132383,44,$80K - $120K,2,5056,82,2,0,0,0.0008566292,0.39341474,Low priority
772306383,57,Less than $40K,5,2299,42,3,2,1,0.9988187,,
714469008,40,$40K - $60K,1,5115,84,3,0,0,0.0005270271,0.35083082,Low priority
812446158,54,Less than $40K,2,4869,65,2,2,0,0.17466417,0.5073642,Test
779401233,47,$40K - $60K,1,5216,78,1,3,0,0.0004732138,0.31686738,Low priority
784994883,26,Less than $40K,2,4746,75,2,0,0,0.0021731704,0.1981722,Low priority
721080183,33,$40K - $60K,2,4613,82,2,3,0,0.002600285,0.39363304,Low priority
712572858,38,$80K - $120K,2,3831,45,1,0,0,0.20044787,0.5040317,Test
719759733,59,$40K - $60K,2,2851,49,4,2,1,0.9981021,0.41365594,Test
780371433,35,Unknown,2,4725,83,3,0,0,0.0004672347,0.49904385,Test
822170733,45,Less than $40K,6,2401,54,3,0,1,0.96909773,,
708224133,61,$40K - $60K,1,4431,71,2,0,0,0.0010824028,0.5759429,Priority
719299533,55,Less than $40K,2,2954,42,3,2,1,0.9976387,0.49931946,Test
780633483,58,$40K - $60K,2,4962,81,2,0,0,0.00033520308,0.5266055,Test
771356508,41,Less than $40K,2,4500,71,3,0,0,0.00069852883,0.51551926,Test
823629333,42,$40K - $60K,1,4220,50,4,3,0,0.2768292,0.4282773,Test
712961658,45,Less than $40K,1,5321,78,1,0,0,0.00081703387,0.15434031,Low priority
710464683,45,Less than $40K,2,5578,89,3,0,0,0.0030414693,0.14266412,Low priority
716688183,51,Less than $40K,4,2878,45,3,0,1,0.98754275,,
789082758,40,Less than $40K,1,4981,90,3,0,0,0.0006385743,0.40897122,Low priority
709140858,57,Less than $40K,1,5112,82,3,0,0,0.00031835565,0.38512415,Low priority
822127008,50,Unknown,2,4351,79,2,3,0,0.0007055252,0.57617897,Priority
720496158,53,$60K - $80K,1,4031,82,2,3,0,0.00012583545,0.49538782,Test
774588633,45,Less than $40K,2,4928,84,2,3,0,0.0011621187,0.5073811,Test
788465583,42,$40K - $60K,2,3029,52,3,2,0,0.8754558,0.5813783,Priority
741517458,49,Less than $40K,2,1874,40,4,0,1,0.9956807,0.37437665,Low priority
709935708,55,$40K - $60K,2,4291,77,1,0,0,0.0002708043,0.51861984,Test
721112508,48,Less than $40K,2,4834,80,3,3,0,0.003765401,0.4693332,Test
720734583,44,Less than $40K,1,5039,82,3,0,0,0.0011025413,0.54321164,Test
772286658,63,$60K - $80K,6,2083,56,4,2,1,0.9424737,,
807149058,48,Less than $40K,1,4752,80,1,0,0,0.00036336778,0.34269542,Low priority
771045708,41,Less than $40K,2,2801,51,3,0,1,0.9669055,0.6119996,Priority
711733308,45,Less than $40K,2,4930,91,2,3,0,0.00049096334,0.46619976,Test
710518308,54,Less than $40K,1,4155,85,4,3,0,0.0017773736,0.4115552,Test
716586408,48,Less than $40K,1,4187,86,1,3,0,0.00017014571,0.47506735,Test
713152383,40,Less than $40K,1,4405,82,1,0,0,0.00018063548,0.28234094,Low priority
771935283,47,$40K - $60K,1,5217,88,2,0,0,0.0010900883,0.25188354,Low priority
720460083,45,Unknown,1,2198,42,2,2,1,0.9992168,0.22052674,Low priority
825838908,39,Less than $40K,1,4846,92,5,1,0,0.00047009633,0.4253459,Test
709082808,53,Less than $40K,2,5092,95,3,0,0,0.00052699697,0.19911219,Low priority
710937783,53,$40K - $60K,1,5313,68,3,0,0,0.020671068,0.16956873,Low priority
789540108,29,Less than $40K,2,4761,75,1,0,0,0.00073469226,0.3778221,Low priority
709824633,44,Less than $40K,2,5064,80,5,0,0,0.0011122667,0.33877587,Low priority
717874533,46,$40K - $60K,5,1968,51,2,3,1,0.884453,,
712571883,40,Less than $40K,1,4677,58,3,3,0,0.54357874,0.58793664,Priority
716926758,40,Less than $40K,2,4268,91,6,3,0,0.0002518621,0.36930045,Low priority
716181858,42,$40K - $60K,1,4633,67,2,3,0,0.018625502,0.5951141,Priority
779613933,38,Less than $40K,1,5045,86,3,0,0,0.0002752316,0.4721134,Test
712136058,54,Unknown,1,2643,50,3,2,1,0.99630594,0.40790823,Low priority
709678608,49,$80K - $120K,2,4269,69,3,2,0,0.004859451,0.6112413,Priority
714276408,52,$40K - $60K,2,2264,39,3,0,1,0.99831057,0.47517973,Test
719953383,38,Less than $40K,2,4564,79,3,3,0,0.0005256011,0.5339017,Test
718795083,44,Unknown,2,5337,85,1,0,0,0.0003684377,0.30739897,Low priority
720503508,44,Less than $40K,1,5220,75,2,3,0,0.010657271,0.44109347,Test
770762133,52,Unknown,2,5034,79,1,0,0,0.0005540924,0.39979213,Low priority
713555133,56,Less than $40K,4,2424,40,3,2,1,0.9984486,,
711232608,47,Less than $40K,2,2235,35,3,2,1,0.9990068,0.4520509,Test
780322908,52,Less than $40K,1,4431,67,2,3,0,0.0062005604,0.5203899,Test
708207783,50,Less than $40K,1,4680,80,3,3,0,0.0011205855,0.54192096,Test
719590458,44,Less than $40K,6,3120,46,3,2,1,0.98290133,,
778679883,39,$60K - $80K,1,3645,76,2,3,0,0.0016203392,0.44545656,Test
780230208,53,$40K - $60K,2,4766,75,3,0,0,0.0006808975,0.30362684,Low priority
827703258,42,$60K - $80K,2,4674,66,2,3,0,0.031681355,0.5820959,Priority
807379833,48,$40K - $60K,2,2563,34,3,2,1,0.99909747,0.26691014,Low priority
711178383,47,$80K - $120K,1,4146,64,3,3,0,0.013431446,0.5763935,Priority
712203333,51,$80K - $120K,1,4691,76,2,3,0,0.00090736593,0.38003823,Low priority
709261383,56,$40K - $60K,2,4970,81,3,0,0,0.0009881746,0.4792718,Test
715829358,33,$40K - $60K,1,4794,88,2,0,0,0.0007677854,0.36437994,Low priority
713213133,36,$40K - $60K,2,4972,76,2,3,0,0.0008913794,0.4750043,Test
778860783,57,$120K +,1,2836,41,2,2,1,0.9940256,0.36009768,Low priority
779442783,39,Less than $40K,1,4445,89,2,0,0,0.0006383513,0.3210864,Low priority
780008358,59,$60K - $80K,2,2598,47,6,2,1,0.99481356,0.55505705,Priority
721274208,41,Less than $40K,4,2408,38,3,0,1,0.99468476,,
714076683,29,Less than $40K,2,2461,54,1,0,1,0.5901128,0.3602225,Low priority
788791383,39,$40K - $60K,1,4850,70,2,3,0,0.021639477,0.5172199,Test
709459608,47,$40K - $60K,1,5390,87,3,1,0,0.007202171,0.17538753,Low priority
711560058,49,$60K - $80K,2,4806,83,3,0,0,0.0016668736,0.44421893,Test
717657333,43,Less than $40K,1,4783,65,3,2,0,0.06107607,0.5613035,Priority
812218908,46,Less than $40K,2,2899,51,3,0,1,0.98528415,0.46773314,Test
787482033,60,$80K - $120K,1,2251,27,5,2,1,0.99905723,0.24902736,Low priority
779141658,48,$80K - $120K,1,4989,78,3,0,0,0.0013560292,0.53751516,Test
813810333,50,$60K - $80K,6,2703,54,4,3,1,0.8876943,,
789613083,47,$60K - $80K,2,5108,81,3,3,0,0.0030735985,0.38613242,Low priority
794540883,56,$40K - $60K,1,4776,87,2,0,0,0.0011076106,0.42035475,Test
811889808,43,$80K - $120K,3,7279,83,5,1,0,0.0033665996,,
720509433,51,Less than $40K,2,3776,70,1,0,0,0.00059230474,0.41813165,Test
715091208,42,$80K - $120K,2,8512,94,3,1,0,0.010635538,0.038915798,Low priority
719269308,49,Less than $40K,3,7418,90,1,0,0,0.001051094,,
718200333,47,Less than $40K,3,7471,87,3,0,0,0.00060420326,,
713487633,44,$80K - $120K,3,7663,91,4,1,0,0.0012573333,,
789363408,44,$120K +,3,7427,83,1,1,0,0.0018004469,,
713916708,53,$120K +,3,7758,98,1,1,0,0.0004965054,,
823833483,41,$40K - $60K,3,7904,83,3,1,0,0.01702708,,
717756258,49,$120K +,3,7761,84,6,2,0,0.012793717,,
712879158,49,$60K - $80K,2,7693,70,2,1,0,0.4614014,0.1317531,Low priority
709474683,42,Less than $40K,3,8442,95,2,1,0,0.0019328854,,
772313358,50,$80K - $120K,3,8693,91,3,1,0,0.01743094,,
711856683,51,$40K - $60K,2,7352,80,3,0,0,0.003554765,0.067349285,Low priority
718530258,52,Less than $40K,3,7249,86,1,0,0,0.00039276338,,
716288208,48,$60K - $80K,2,7549,77,1,1,0,0.15450348,0.07167065,Low priority
718712583,44,$80K - $120K,3,8092,80,1,1,0,0.028473897,,
806432433,40,$40K - $60K,2,8006,88,1,0,0,0.000386474,0.026437273,Low priority
720074583,42,$80K - $120K,2,7380,76,1,1,0,0.009725679,0.045143463,Low priority
768848658,43,Unknown,2,7823,87,3,1,0,0.085973285,0.045496985,Low priority
709895508,42,Less than $40K,2,7434,92,2,1,0,0.00164702,0.023467422,Low priority
711542358,42,Less than $40K,2,7471,88,3,1,0,0.004449444,0.024653414,Low priority
718773333,51,Less than $40K,3,7548,89,2,1,0,0.022996292,,
816832383,61,Less than $40K,3,6932,75,2,0,0,0.04585222,,
714042108,59,$40K - $60K,3,7302,86,2,1,0,0.0056610247,,
714664683,46,Less than $40K,3,8178,91,3,1,0,0.006484204,,
713894358,51,$80K - $120K,2,7889,98,3,1,0,0.0022935257,0.012129268,Low priority
715436883,48,Less than $40K,2,7719,86,2,0,0,0.0033622044,0.018927468,Low priority
715260558,44,$40K - $60K,3,7674,80,2,3,0,0.068057775,,
713664258,56,$40K - $60K,2,7359,85,2,1,0,0.003493209,0.011329948,Low priority
713364783,42,Less than $40K,3,8108,85,3,1,0,0.0071185804,,
718078008,40,$60K - $80K,3,7494,85,2,1,0,0.09455471,,
798546408,61,Less than $40K,2,7553,104,3,1,0,0.0012976088,0.012832674,Low priority
779018508,45,$80K - $120K,2,7179,93,2,1,0,0.0007382118,0.019070538,Low priority
802668333,49,$80K - $120K,2,3512,50,3,0,1,0.8867097,0.4332977,Test
718320933,47,$60K - $80K,2,8257,96,3,1,0,0.0028008297,0.017274052,Low priority
789016983,45,Less than $40K,2,7834,86,5,1,0,0.043241207,0.027271796,Low priority
713907633,43,$60K - $80K,2,7791,84,1,1,0,0.003236871,0.026754726,Low priority
708474333,42,$60K - $80K,3,7906,87,3,1,0,0.017599335,,
778894233,42,$80K - $120K,3,7595,83,2,3,0,0.42734334,,
717244683,43,Unknown,3,7409,89,3,1,0,0.0028102826,,
711410958,40,$60K - $80K,2,7582,69,2,3,0,0.49236122,0.12177978,Low priority
799711833,50,Unknown,2,7910,95,1,1,0,0.0002391087,0.01730899,Low priority
714047733,53,$40K - $60K,2,7460,85,2,1,0,0.002791094,0.0122735305,Low priority
710061783,49,$40K - $60K,6,4517,59,1,2,1,0.04515419,,
711082908,44,$80K - $120K,3,8385,97,2,1,0,0.0035973915,,
721190358,49,$80K - $120K,2,7640,86,2,1,0,0.01270736,0.020113548,Low priority
712760208,42,Unknown,3,7921,93,2,1,0,0.0013021475,,
751563933,43,Less than $40K,3,7242,95,3,1,0,0.0022740208,,
815498733,51,Less than $40K,3,7643,85,2,0,0,0.008335192,,
718433508,40,Less than $40K,2,8097,88,5,0,0,0.0024369713,0.027783751,Low priority
720935658,57,Less than $40K,2,7709,89,2,1,0,0.0030746872,0.014756042,Low priority
714754533,51,$120K +,3,8012,87,2,1,0,0.0046486743,,
714713508,49,$80K - $120K,3,7836,87,3,1,0,0.004945444,,
715038033,61,Less than $40K,3,8216,80,3,1,0,0.1853585,,
809169858,62,$60K - $80K,2,7728,93,3,1,0,0.0016746217,0.023781683,Low priority
718379358,39,$80K - $120K,3,8453,90,1,1,0,0.025004052,,
779456508,52,$60K - $80K,2,7477,91,1,1,0,0.00132239,0.034568302,Low priority
708907833,38,Unknown,2,7866,84,2,1,0,0.17462125,0.09375835,Low priority
708693558,50,Less than $40K,3,7344,95,2,1,0,0.0006596184,,
718665933,43,$120K +,3,7437,86,1,1,0,0.0020949137,,
816073983,53,Less than $40K,2,7957,88,2,1,0,0.005122169,0.018807387,Low priority
715851333,42,$60K - $80K,2,7376,97,3,1,0,0.0012823647,0.0116624,Low priority
712884408,43,Unknown,3,7939,95,2,1,0,0.00037576657,,
715404783,43,Less than $40K,3,7546,88,3,1,0,0.0009230047,,
773356008,57,$60K - $80K,2,7960,86,3,1,0,0.016238734,0.012103777,Low priority
789525408,50,Less than $40K,3,7990,89,4,1,0,0.0077884546,,
721212258,48,$120K +,2,7403,88,3,1,0,0.050121024,0.021808209,Low priority
719625933,41,$120K +,2,8000,96,2,1,0,0.0012201879,0.016276369,Low priority
714304458,44,$60K - $80K,2,6800,78,2,3,0,0.63592833,0.09505111,Low priority
819975183,44,$40K - $60K,2,7391,75,1,1,0,0.04476341,0.04167039,Low priority
785515533,43,Less than $40K,3,8947,93,3,1,0,0.0035381836,,
720712533,51,$80K - $120K,2,7499,88,1,1,0,0.007151919,0.014007156,Low priority
709861008,47,$80K - $120K,3,8520,89,3,1,0,0.013538618,,
713911233,47,$40K - $60K,3,7584,85,2,1,0,0.008323981,,
712580958,38,$120K +,2,7399,91,1,1,0,8.743577e-05,0.026667235,Low priority
719473458,46,$40K - $60K,3,7205,84,2,3,0,0.007459782,,
711764733,41,$40K - $60K,3,7766,81,2,1,0,0.5334421,,
794124708,47,$80K - $120K,2,7053,69,2,3,0,0.2866096,0.25460944,Low priority
780707733,41,$80K - $120K,3,6832,87,3,3,0,0.0018859771,,
780620883,49,$40K - $60K,2,7381,98,1,1,0,0.00035417848,0.020714734,Low priority
720849708,44,$80K - $120K,3,7042,85,3,3,0,0.019763088,,
789312033,48,Less than $40K,3,4921,51,3,2,1,0.9789438,,
778742358,44,$60K - $80K,2,7517,76,2,1,0,0.55478114,0.08715273,Low priority
719658858,50,Unknown,3,7042,73,2,3,0,0.072874546,,
713425383,59,Less than $40K,2,4923,56,3,2,1,0.9778552,0.4384643,Test
770842833,49,Unknown,2,4777,51,3,2,1,0.98105866,0.21094179,Low priority
712029783,42,$80K - $120K,2,7836,93,2,1,0,0.0018942127,0.021085093,Low priority
718893333,52,$60K - $80K,3,7509,84,3,1,0,0.0039037366,,
711203658,46,$40K - $60K,3,7745,88,6,0,0,0.0012319296,,
718567758,41,$40K - $60K,3,7332,92,4,1,0,0.0011398668,,
771719283,39,Less than $40K,2,8854,92,1,1,0,0.0017196122,0.07877213,Low priority
717926358,46,Less than $40K,3,8328,78,1,1,0,0.04337978,,
779751258,45,Less than $40K,2,8423,82,1,1,0,0.0023307633,0.045610834,Low priority
774491958,53,$60K - $80K,2,8284,77,1,1,0,0.06574658,0.045740753,Low priority
713428833,42,$80K - $120K,2,7613,90,1,1,0,0.004644268,0.015710993,Low priority
714166833,44,Less than $40K,3,7796,77,3,3,0,0.3559248,,
809464608,47,Unknown,3,2691,42,3,2,1,0.9910313,,
789681708,46,$60K - $80K,3,7750,82,1,1,0,0.023566814,,
713102733,38,Less than $40K,2,8195,94,3,1,0,0.001003568,0.034371387,Low priority
715195383,46,Less than $40K,3,7649,101,2,0,0,0.00072193245,,
812408058,39,$120K +,2,7845,92,2,1,0,0.0011463856,0.010323031,Low priority
787226508,47,$60K - $80K,2,7192,82,3,1,0,0.016189598,0.023840966,Low priority
713537733,46,$60K - $80K,2,7582,95,2,1,0,0.0011898527,0.04171882,Low priority
715170183,45,$40K - $60K,2,7059,82,1,0,0,0.00088805275,0.022658141,Low priority
717109983,50,$40K - $60K,3,7768,83,2,0,0,0.002522139,,
713208033,43,Less than $40K,2,7679,64,3,3,0,0.120267496,0.10697664,Low priority
712788258,48,$40K - $60K,2,7265,80,2,0,0,0.0024731408,0.06808943,Low priority
758382183,50,Less than $40K,2,8186,93,3,1,0,0.014772889,0.035890643,Low priority
715469583,40,$40K - $60K,3,7782,88,1,0,0,0.00047400792,,
709235058,46,$40K - $60K,3,8032,88,2,1,0,0.005919346,,
714786483,45,$60K - $80K,2,7377,82,2,1,0,0.008753925,0.032873563,Low priority
713299758,53,Less than $40K,3,7422,87,3,1,0,0.0067353486,,
771912408,49,Less than $40K,3,7468,92,3,1,0,0.0012619453,,
721445658,52,Less than $40K,3,8162,89,3,1,0,0.012282076,,
719787633,47,$80K - $120K,3,7535,92,2,1,0,0.0010666202,,
713697933,47,$80K - $120K,3,7827,77,2,1,0,0.086119704,,
712208658,43,$60K - $80K,1,8126,95,2,1,0,0.0013009104,0.020567115,Low priority
708219108,49,$80K - $120K,2,7300,77,3,1,0,0.13793977,0.057603363,Low priority
709065483,40,$40K - $60K,2,7841,82,2,1,0,0.0056630247,0.032994844,Low priority
715237683,53,Less than $40K,1,7802,88,1,1,0,0.000963534,0.011572834,Low priority
712925808,51,$40K - $60K,2,4724,60,3,2,1,0.98002565,0.5354846,Test
788931558,46,$40K - $60K,1,7694,85,2,0,0,0.0022594118,0.114179984,Low priority
717521508,41,$80K - $120K,2,6932,87,2,1,0,0.00086051604,0.010298649,Low priority
713688933,42,Less than $40K,1,8020,74,1,1,0,0.07022221,0.06527507,Low priority
712405908,50,$120K +,1,7772,76,2,1,0,0.065326415,0.05107295,Low priority
789298833,51,$80K - $120K,1,7555,96,2,1,0,0.0040430343,0.020874318,Low priority
715729683,44,$120K +,1,7936,76,2,1,0,0.15039149,0.050396588,Low priority
717682233,49,$60K - $80K,1,7906,80,2,1,0,0.012141455,0.026319036,Low priority
712266633,51,$40K - $60K,2,8796,94,2,1,0,0.0077699344,0.04913121,Low priority
719272458,53,$40K - $60K,2,7962,89,1,1,0,0.0011411129,0.015972277,Low priority
780769308,49,Less than $40K,1,7685,85,3,1,0,0.010970959,0.01776901,Low priority
721468533,59,Unknown,1,7470,82,5,1,0,0.0130739715,0.04050642,Low priority
816615633,47,$40K - $60K,2,7075,89,3,0,0,0.0019204132,0.015110044,Low priority
720167508,50,$80K - $120K,1,7664,74,2,1,0,0.19350936,0.156372,Low priority
711152658,44,$120K +,2,7219,86,2,1,0,0.0035043543,0.011124992,Low priority
771772083,48,$60K - $80K,2,8424,84,1,1,0,0.15145725,0.07364144,Low priority
708419733,47,$60K - $80K,5,4739,55,3,2,1,0.98446953,,
709372608,43,$60K - $80K,1,7370,96,1,1,0,0.00034766417,0.03332994,Low priority
788907033,40,$80K - $120K,1,7321,73,3,1,0,0.061070625,0.05897391,Low priority
711136008,41,$80K - $120K,1,7641,93,1,1,0,0.0003385189,0.017660115,Low priority
716691783,46,Less than $40K,2,7689,84,2,1,0,0.036697183,0.01651399,Low priority
812618883,47,Unknown,1,7774,95,2,1,0,0.00042409898,0.008034089,Low priority
715908558,44,$60K - $80K,1,7566,88,1,1,0,0.00043762467,0.023035612,Low priority
718024908,52,Less than $40K,2,6993,97,1,1,0,0.00020737054,0.019396279,Low priority
709558608,39,$80K - $120K,2,7345,73,2,0,0,0.014807854,0.045094345,Low priority
824177733,53,Less than $40K,1,7682,90,2,1,0,0.0028488,0.014393499,Low priority
719784708,49,$80K - $120K,1,7409,89,2,1,0,0.0018451657,0.016330313,Low priority
717535083,52,Less than $40K,2,7153,84,2,1,0,0.0061456044,0.04525355,Low priority
712453308,46,$40K - $60K,2,7737,84,2,1,0,0.010377344,0.030100971,Low priority
721008933,44,$40K - $60K,1,7535,87,1,1,0,0.00067785836,0.019878466,Low priority
720859533,52,$40K - $60K,2,8426,105,1,1,0,0.00024985778,0.009490472,Low priority
789556533,52,$80K - $120K,2,8070,81,2,1,0,0.0880947,0.04373653,Low priority
717656433,50,Less than $40K,1,7199,83,2,1,0,0.0023347172,0.028856184,Low priority
792524358,55,$80K - $120K,2,7917,95,1,1,0,0.001770587,0.0137271155,Low priority
758211483,45,$60K - $80K,1,8778,85,2,1,0,0.40659544,0.04586891,Low priority
801380808,44,$80K - $120K,1,4847,49,2,3,1,0.9864804,0.3509408,Low priority
716329383,46,Less than $40K,4,4724,56,2,3,1,0.113597006,,
716871633,49,$120K +,2,7222,93,2,1,0,0.0007410093,0.015878925,Low priority
718491708,53,Unknown,2,7642,89,3,1,0,0.0066837277,0.018309623,Low priority
787502883,60,Unknown,1,7443,98,2,1,0,0.0007107286,0.011202734,Low priority
715183308,47,Unknown,2,7190,93,1,1,0,0.00035636046,0.011941931,Low priority
713872833,54,$40K - $60K,2,7302,80,1,1,0,0.0025794376,0.01969906,Low priority
708535158,39,$80K - $120K,1,8505,86,1,1,0,0.0030979323,0.029477295,Low priority
711658758,46,Less than $40K,6,7307,82,5,0,0,0.002395419,,
717248583,43,Less than $40K,4,7849,88,2,3,0,0.015877353,,
713087958,53,$120K +,3,7919,85,3,1,0,0.008476638,,
721495458,44,$60K - $80K,2,8094,96,1,1,0,0.00086913334,0.026371934,Low priority
786097158,48,$40K - $60K,2,8575,92,3,1,0,0.011363996,0.031849988,Low priority
712219083,41,$80K - $120K,1,7892,83,3,1,0,0.01090976,0.030026743,Low priority
715327683,45,Less than $40K,1,4996,55,3,0,1,0.9972555,0.41329038,Test
715624533,41,$40K - $60K,1,7730,97,2,1,0,0.0017349619,0.0128694475,Low priority
715599633,51,$80K - $120K,2,7686,89,3,1,0,0.10964758,0.017310198,Low priority
718958583,44,$80K - $120K,5,4506,59,3,0,1,0.015453341,,
717397983,39,$60K - $80K,2,7570,98,2,1,0,0.0019667877,0.027890267,Low priority
715037133,40,Less than $40K,1,7479,83,1,1,0,0.0014396659,0.03166439,Low priority
818767458,41,$120K +,2,7729,97,3,1,0,0.0016277473,0.021975309,Low priority
778863258,46,Unknown,1,4983,62,2,2,1,0.98830634,0.53454477,Test
712075083,50,$120K +,4,4830,50,3,2,1,0.9707761,,
711963183,50,Less than $40K,2,7588,98,3,1,0,0.0060168253,0.036284346,Low priority
720903258,48,$60K - $80K,2,4801,47,2,3,1,0.9973781,0.34330443,Low priority
772404633,49,$80K - $120K,1,7734,74,1,1,0,0.06380417,0.057777334,Low priority
713302758,49,$120K +,2,8160,92,4,1,0,0.010330034,0.029202405,Low priority
717859233,41,$80K - $120K,1,8362,82,3,1,0,0.17198126,0.055038154,Low priority
712955433,36,$40K - $60K,1,7223,90,2,1,0,0.0028121874,0.04011503,Low priority
718292283,52,$40K - $60K,1,8254,75,3,1,0,0.044875927,0.053518254,Low priority
713197308,42,$60K - $80K,1,7612,82,2,1,0,0.28330794,0.05390859,Low priority
789175683,49,Less than $40K,2,8352,71,3,1,0,0.71567315,0.18362664,Low priority
811700058,41,$60K - $80K,2,4822,57,3,2,1,0.9881081,0.33718336,Low priority
818476383,50,$120K +,2,7333,72,2,3,0,0.03140449,0.18532628,Low priority
720164358,53,$40K - $60K,1,4754,60,3,2,1,0.9915753,0.35379046,Low priority
710357208,49,$80K - $120K,2,7341,79,3,1,0,0.02968816,0.032891404,Low priority
711325308,46,$80K - $120K,4,4859,64,3,2,1,0.94830763,,
721486908,51,Less than $40K,1,7710,75,1,1,0,0.020628516,0.059085015,Low priority
711210633,51,$60K - $80K,2,8049,76,4,0,0,0.010635504,0.029893337,Low priority
712570458,51,Less than $40K,2,7890,75,1,1,0,0.27903864,0.15553199,Low priority
712058133,54,Less than $40K,1,7735,74,3,1,0,0.07367269,0.08320848,Low priority
708153558,46,$120K +,1,7936,101,2,1,0,0.0019602205,0.0113149695,Low priority
709893858,43,$40K - $60K,6,4633,58,2,3,1,0.62583095,,
709225758,48,Unknown,2,8213,86,1,1,0,0.005659704,0.020110475,Low priority
709984083,43,Less than $40K,2,7930,90,2,1,0,0.0072709653,0.021528281,Low priority
711854808,41,$120K +,2,4734,57,2,3,1,0.9822124,0.45377544,Test
822125283,49,$80K - $120K,2,7590,74,1,1,0,0.022995591,0.042238645,Low priority
717340608,51,Unknown,1,7703,104,1,1,0,0.000258524,0.012142651,Low priority
711084183,47,$40K - $60K,2,8211,80,2,1,0,0.048764277,0.07649052,Low priority
720891633,53,Less than $40K,6,4805,59,1,3,1,0.90016586,,
719607183,55,Unknown,2,7653,95,3,1,0,0.0015098492,0.01582806,Low priority
715839708,51,$120K +,2,7111,82,3,1,0,0.0097298585,0.015238487,Low priority
717008358,40,Less than $40K,1,7919,88,2,1,0,0.09673629,0.026163854,Low priority
769152783,60,Less than $40K,1,5043,53,6,2,1,0.9901648,0.2330663,Low priority
788240358,40,Unknown,2,8452,83,1,1,0,0.020548295,0.013689941,Low priority
716098683,46,Unknown,2,7985,93,3,1,0,0.0016317585,0.020885117,Low priority
802675983,42,Less than $40K,2,7872,80,3,1,0,0.017850125,0.026216665,Low priority
712716108,46,Less than $40K,1,7950,86,1,1,0,0.0010949695,0.022822954,Low priority
709238358,51,Unknown,1,7604,87,3,1,0,0.02383353,0.03462766,Low priority
708682908,43,Unknown,2,8644,87,2,1,0,0.056298155,0.072444424,Low priority
812794983,41,Less than $40K,2,7932,87,2,1,0,0.0044574016,0.024615785,Low priority
708968733,47,$80K - $120K,1,7926,83,3,1,0,0.33607355,0.025999086,Low priority
779315508,43,$40K - $60K,1,4638,48,2,3,1,0.96075267,0.47030365,Test
740065833,47,Less than $40K,1,8526,93,2,1,0,0.004959242,0.019983117,Low priority
721063533,51,$40K - $60K,1,7289,75,3,0,0,0.030351441,0.029953895,Low priority
718189908,44,$40K - $60K,2,7885,86,2,1,0,0.006389069,0.010716811,Low priority
780064983,44,$80K - $120K,2,7665,86,1,1,0,0.0059997444,0.0129887685,Low priority
770920908,39,$40K - $60K,1,8055,82,1,1,0,0.027244158,0.046238605,Low priority
718046433,53,Less than $40K,1,7342,86,2,1,0,0.0033503599,0.040526543,Low priority
711842508,45,$80K - $120K,2,7825,87,3,1,0,0.028733516,0.018271022,Low priority
772869033,47,$120K +,2,7283,89,4,1,0,0.016036827,0.017122634,Low priority
715298808,40,$40K - $60K,1,7570,88,3,1,0,0.001930271,0.014838199,Low priority
708877458,50,Unknown,2,8027,94,3,1,0,0.012739916,0.03309022,Low priority
787496733,47,Unknown,2,7724,79,1,1,0,0.014457218,0.046075046,Low priority
789469083,55,$80K - $120K,2,7855,81,1,1,0,0.5654903,0.025594575,Low priority
709497108,44,Less than $40K,2,8396,106,1,1,0,0.00011941875,0.01739828,Low priority
784819758,54,Unknown,1,7850,94,1,1,0,0.00024988828,0.010768748,Low priority
720412308,40,$80K - $120K,2,7635,75,1,1,0,0.011744545,0.036843695,Low priority
719178183,50,$80K - $120K,2,8186,85,3,1,0,0.074970506,0.017744524,Low priority
789560433,49,$60K - $80K,2,5147,53,4,2,1,0.99601054,0.29195815,Low priority
712931733,49,Less than $40K,1,7136,82,1,1,0,0.0008022334,0.022072457,Low priority
714417183,39,Less than $40K,1,7041,95,3,1,0,0.0007771635,0.02509859,Low priority
771097683,43,$120K +,1,4935,58,2,2,1,0.99331915,0.38589406,Low priority
713824983,43,Less than $40K,1,7697,98,1,1,0,0.000115499075,0.013227308,Low priority
715360458,45,Unknown,2,8113,90,3,1,0,0.006536852,0.0129470145,Low priority
711736083,47,Unknown,4,4885,54,3,2,1,0.9906839,,
714821433,45,Less than $40K,2,7587,80,1,1,0,0.010336992,0.03782496,Low priority
779263533,34,Unknown,2,7564,76,2,1,0,0.028203141,0.105655916,Low priority
773988708,52,$120K +,1,7512,81,2,1,0,0.006475538,0.021898082,Low priority
719623083,33,Less than $40K,2,8302,81,3,1,0,0.08615074,0.0717417,Low priority
718304583,43,$60K - $80K,1,4805,54,3,2,1,0.9816426,0.29363456,Low priority
720198183,42,$40K - $60K,1,8028,77,3,0,0,0.0044513433,0.03865611,Low priority
780545133,49,$80K - $120K,2,7333,91,3,1,0,0.0014995164,0.044883326,Low priority
711128433,55,$40K - $60K,1,7685,91,3,1,0,0.0032032004,0.0136755975,Low priority
789960783,39,Less than $40K,1,7702,81,2,1,0,0.01089822,0.032568008,Low priority
709556208,40,$40K - $60K,2,7586,94,1,1,0,0.00023093789,0.014825011,Low priority
712053033,46,$80K - $120K,1,8444,81,3,1,0,0.05181881,0.020586507,Low priority
794482158,46,$80K - $120K,2,7594,69,1,1,0,0.13058107,0.089384794,Low priority
780450708,58,$120K +,1,4864,48,3,2,1,0.9951815,0.20991135,Low priority
710016708,44,Less than $40K,1,7974,90,3,1,0,0.0063518616,0.017214116,Low priority
709434408,42,$40K - $60K,2,8417,95,1,1,0,0.0003706605,0.015341452,Low priority
778716783,50,$60K - $80K,1,7180,96,2,1,0,0.0008291644,0.012624724,Low priority
712447758,46,$80K - $120K,2,7998,82,2,1,0,0.031281885,0.020623801,Low priority
779435883,37,$80K - $120K,1,7899,79,2,1,0,0.06906009,0.087347075,Low priority
719918358,57,Less than $40K,2,7787,89,2,0,0,0.0066508553,0.027160192,Low priority
720474408,52,$40K - $60K,1,8427,87,2,1,0,0.027056102,0.025291696,Low priority
719401158,62,$40K - $60K,1,7739,97,2,1,0,0.007682945,0.020482274,Low priority
778430733,45,$60K - $80K,1,7855,82,5,1,0,0.0039012008,0.01230242,Low priority
717583908,57,$80K - $120K,1,7603,81,6,1,0,0.024262022,0.016242772,Low priority
823519458,44,Less than $40K,1,7123,94,1,1,0,0.0002121257,0.012170503,Low priority
712381683,42,Unknown,1,8281,80,4,1,0,0.117717035,0.03297287,Low priority
716045508,40,Less than $40K,2,7963,85,2,1,0,0.011004029,0.02273582,Low priority
820936533,47,Less than $40K,1,9331,93,3,1,0,0.0078089996,0.032980725,Low priority
721227258,51,$120K +,2,7520,79,5,1,0,0.004912214,0.03564109,Low priority
771304383,45,Less than $40K,1,7905,86,2,1,0,0.023505852,0.022953035,Low priority
717600483,50,$60K - $80K,2,7358,87,2,1,0,0.04913265,0.03151583,Low priority
778865583,46,Less than $40K,1,7510,89,2,1,0,0.0025896365,0.017611574,Low priority
709871658,47,Less than $40K,2,7729,86,3,1,0,0.013668035,0.015846983,Low priority
818280108,43,Less than $40K,1,7714,91,1,1,0,0.00044099515,0.041832156,Low priority
716350008,52,$40K - $60K,2,8235,102,2,1,0,0.0017690151,0.013759872,Low priority
778172583,46,Less than $40K,1,7023,86,3,1,0,0.008967608,0.014461038,Low priority
719121708,41,$60K - $80K,2,7685,92,3,1,0,0.003019673,0.032628108,Low priority
714342033,52,$120K +,2,4863,56,3,3,1,0.9958866,0.35154277,Low priority
788811558,52,Less than $40K,1,7847,65,3,0,0,0.11441367,0.34967634,Low priority
788943333,51,$80K - $120K,6,4810,55,2,2,1,0.80154043,,
719258433,49,$60K - $80K,2,7561,91,1,1,0,0.00024159026,0.012210985,Low priority
717895833,55,$120K +,2,8001,99,2,1,0,0.001171028,0.012690125,Low priority
711550983,46,$40K - $60K,1,8313,107,2,1,0,0.001869905,0.014143208,Low priority
714077583,43,$40K - $60K,2,4758,65,3,2,1,0.9757888,0.28478342,Low priority
720939933,46,Less than $40K,5,4684,56,3,2,1,0.9691079,,
716725008,49,$80K - $120K,2,7886,94,3,1,0,0.0011600566,0.016078679,Low priority
788824083,41,$120K +,2,8202,88,2,1,0,0.07894556,0.08205565,Low priority
716335983,37,$80K - $120K,1,7946,85,2,1,0,0.02014163,0.0405024,Low priority
719157933,51,$120K +,1,7850,85,3,1,0,0.0073099546,0.015346942,Low priority
716704158,50,$120K +,2,8087,86,3,1,0,0.025149785,0.011908422,Low priority
716258358,57,$60K - $80K,1,7009,82,1,1,0,0.0012759994,0.023915073,Low priority
827904183,40,$120K +,2,8104,83,2,1,0,0.049631536,0.04161542,Low priority
820394733,52,$120K +,2,7690,87,1,1,0,0.0015952353,0.013766558,Low priority
716574033,45,$40K - $60K,2,7149,86,2,1,0,0.0039930157,0.022035047,Low priority
736786908,48,Less than $40K,2,6984,85,2,1,0,0.010333686,0.016919712,Low priority
774099708,39,Less than $40K,2,7400,86,1,1,0,0.0028307133,0.056629937,Low priority
714282333,49,Less than $40K,1,7495,97,1,1,0,0.0009036849,0.019518126,Low priority
717471933,45,$40K - $60K,2,8202,89,2,1,0,0.012987851,0.023836799,Low priority
818316108,43,Less than $40K,2,8063,72,2,0,0,0.012816942,0.11542242,Low priority
709838508,45,$60K - $80K,2,7167,91,1,1,0,0.00023464246,0.01500946,Low priority
716212383,38,$120K +,5,4619,59,3,2,1,0.93906546,,
757667133,54,$80K - $120K,2,4738,53,2,2,1,0.99521893,0.22915411,Low priority
794571108,39,$40K - $60K,5,4691,63,2,2,1,0.9390561,,
711370458,49,Less than $40K,1,7685,84,2,1,0,0.005105686,0.025951283,Low priority
788528958,45,$120K +,1,8356,79,1,1,0,0.27844924,0.051441878,Low priority
716745408,54,$80K - $120K,1,7803,81,2,1,0,0.02597949,0.02172145,Low priority
771752508,40,Less than $40K,1,8571,84,1,1,0,0.18504043,0.07989622,Low priority
788916933,49,$60K - $80K,1,8095,81,2,1,0,0.057396393,0.020678423,Low priority
714938733,48,$80K - $120K,4,4890,49,2,2,1,0.98838615,,
761818758,43,Unknown,1,7206,86,1,1,0,0.0013921394,0.017285194,Low priority
714422058,42,$120K +,1,7119,86,2,1,0,0.005893479,0.018408393,Low priority
712191783,49,$120K +,1,7788,94,1,1,0,0.00021618717,0.009744149,Low priority
716319258,43,$120K +,1,7360,82,1,1,0,0.0018222661,0.050844427,Low priority
719813058,44,Less than $40K,2,8065,88,1,1,0,0.002947303,0.03486989,Low priority
712351908,45,$80K - $120K,1,8029,81,2,1,0,0.119635805,0.049949005,Low priority
716742483,38,Less than $40K,2,7525,100,3,1,0,0.0007863161,0.020503078,Low priority
708160008,44,$120K +,2,7412,84,2,1,0,0.0202525,0.014720942,Low priority
709269708,45,$120K +,2,7281,95,2,1,0,0.0012937314,0.005151506,Low priority
779098308,51,Unknown,1,7592,96,3,1,0,0.0037219299,0.018615738,Low priority
717257658,41,$80K - $120K,2,7971,84,2,1,0,0.01215026,0.059040762,Low priority
775112958,51,$60K - $80K,2,7781,72,3,1,0,0.93565995,0.16744035,Low priority
788812608,56,Less than $40K,1,8066,79,2,1,0,0.04209143,0.0343566,Low priority
711002058,42,$40K - $60K,1,7437,94,3,1,0,0.003327018,0.01783974,Low priority
716199408,52,Unknown,2,4907,53,3,0,1,0.997968,0.3705217,Low priority
718100808,49,Less than $40K,2,7395,100,3,1,0,0.00084862683,0.015341042,Low priority
790051758,50,$120K +,2,4800,53,1,2,1,0.98318636,0.2036671,Low priority
772430733,42,$120K +,1,7168,88,1,1,0,0.0007940718,0.013651287,Low priority
713460258,45,$40K - $60K,1,8987,89,1,1,0,0.056654416,0.044346582,Low priority
820036533,50,$80K - $120K,2,7223,87,1,1,0,0.002400461,0.014918419,Low priority
719785683,41,$80K - $120K,1,8332,102,2,1,0,0.0019400019,0.022665635,Low priority
711830433,44,Less than $40K,1,7677,87,2,1,0,0.00814438,0.016695205,Low priority
807393558,51,$120K +,2,4615,49,3,2,1,0.96615833,0.26212898,Low priority
718306308,48,$80K - $120K,1,8147,81,2,1,0,0.026981797,0.027653111,Low priority
772725408,40,$60K - $80K,2,7667,84,3,1,0,0.01757186,0.041605838,Low priority
711183558,49,$80K - $120K,2,8618,98,1,1,0,0.00019023966,0.028842423,Low priority
720317658,43,$80K - $120K,2,7916,82,2,1,0,0.016044151,0.036734074,Low priority
710596983,51,$80K - $120K,1,7481,96,3,1,0,0.008012483,0.0360189,Low priority
716986458,44,Unknown,1,7605,101,3,1,0,0.0016008043,0.012130479,Low priority
717382608,59,$60K - $80K,2,8780,86,2,1,0,0.26878217,0.07493809,Low priority
825767658,49,$60K - $80K,2,7711,80,3,1,0,0.18537769,0.060577743,Low priority
717513933,38,$120K +,2,7385,90,2,1,0,0.03606968,0.016846905,Low priority
789186858,52,$80K - $120K,2,7796,97,5,1,0,0.0020708032,0.012366226,Low priority
717658758,49,$120K +,2,7962,99,2,1,0,0.0068342653,0.012831961,Low priority
715575258,47,$40K - $60K,1,7823,93,6,1,0,0.0014768421,0.01733935,Low priority
714975633,51,Unknown,2,7558,85,1,1,0,0.00063677237,0.014180783,Low priority
715396983,46,$80K - $120K,2,8056,95,3,1,0,0.0017587107,0.014578153,Low priority
712624383,52,$80K - $120K,1,7707,99,1,1,0,0.00027294637,0.007916375,Low priority
721335558,57,Less than $40K,1,7544,101,2,1,0,0.00095787336,0.014881408,Low priority
711167808,40,$60K - $80K,4,4803,65,3,2,1,0.99391794,,
713761608,44,$60K - $80K,2,8450,90,3,1,0,0.039745785,0.022878502,Low priority
713367858,47,$40K - $60K,2,8042,85,2,0,0,0.017702661,0.018496757,Low priority
710489583,41,Less than $40K,1,7631,91,1,1,0,0.000321891,0.041918352,Low priority
720422358,42,$60K - $80K,1,7485,90,1,1,0,0.00047032113,0.012901804,Low priority
772098858,44,Unknown,1,7736,84,2,1,0,0.00714195,0.019102165,Low priority
789304983,44,$40K - $60K,2,8753,97,1,1,0,0.0008858648,0.032122694,Low priority
779257233,47,$120K +,2,7432,90,3,1,0,0.0016182585,0.016098304,Low priority
717579258,36,$40K - $60K,2,4782,50,3,2,1,0.98244375,0.23111685,Low priority
709418508,45,$60K - $80K,1,7508,93,2,1,0,0.0009014511,0.018821036,Low priority
778439883,50,$80K - $120K,1,7969,93,2,1,0,0.0019108007,0.02786492,Low priority
716063583,41,$60K - $80K,1,8642,85,2,1,0,0.17200753,0.06556403,Low priority
716609433,55,$120K +,5,4939,63,3,2,1,0.9647138,,
721053633,45,$40K - $60K,2,8904,101,2,1,0,0.0021334013,0.031902734,Low priority
711559008,40,$40K - $60K,2,9137,92,1,1,0,0.0017246249,0.031422473,Low priority
718698558,43,$80K - $120K,2,7739,106,2,1,0,0.0012465412,0.011897625,Low priority
770190258,49,Less than $40K,2,7678,93,1,1,0,0.0018128494,0.018877722,Low priority
709008708,47,Less than $40K,2,8316,92,1,1,0,0.0022898756,0.02868875,Low priority
823922208,49,$60K - $80K,1,7404,103,1,1,0,0.00011717226,0.021901136,Low priority
718457058,43,$40K - $60K,1,7801,74,1,0,0,0.009035509,0.05228591,Low priority
708472008,44,Less than $40K,2,7632,95,3,1,0,0.0017591319,0.012984899,Low priority
710395233,42,Unknown,2,8657,98,2,1,0,0.0050333403,0.031616643,Low priority
716732958,44,$40K - $60K,2,7925,90,2,1,0,0.0038892212,0.012584706,Low priority
780108408,52,$80K - $120K,1,7745,82,3,1,0,0.009784892,0.019533768,Low priority
720962208,42,$60K - $80K,2,4659,48,2,0,1,0.98254514,0.28497574,Low priority
714019083,40,Less than $40K,1,8426,102,1,1,0,0.0005551359,0.028031422,Low priority
721225083,54,Less than $40K,1,7680,89,2,1,0,0.0035363298,0.016050942,Low priority
819109308,62,$60K - $80K,1,8080,92,3,1,0,0.0072544045,0.018483581,Low priority
721029858,52,Less than $40K,2,8215,109,1,1,0,0.00013638052,0.013628141,Low priority
716762733,50,Less than $40K,2,8300,94,1,1,0,0.00034683308,0.012036172,Low priority
710260983,51,Less than $40K,2,8296,91,3,0,0,0.0027133387,0.019722706,Low priority
793608258,54,Less than $40K,1,4909,50,5,2,1,0.99790037,0.23249151,Low priority
719677758,39,$40K - $60K,2,8814,88,1,1,0,0.07417306,0.08830071,Low priority
771411408,50,$80K - $120K,2,4929,54,3,2,1,0.99364775,0.3455428,Low priority
794191008,46,$120K +,1,7552,87,2,1,0,0.0042693918,0.013388661,Low priority
708905733,45,$60K - $80K,1,7570,91,2,1,0,0.00056733866,0.021212105,Low priority
788327358,61,Unknown,1,8440,102,1,1,0,0.00029319417,0.014507574,Low priority
751974258,51,$120K +,2,7345,93,2,1,0,0.008768883,0.017501438,Low priority
805516608,50,$80K - $120K,2,7755,84,1,1,0,0.009050012,0.020806156,Low priority
720006333,48,$80K - $120K,4,4520,63,3,2,1,0.8495859,,
780114558,50,Less than $40K,2,12535,118,1,1,0,0.0007991373,0.0332017,Low priority
713090658,58,Unknown,1,8061,98,2,1,0,0.0005683234,0.01087416,Low priority
718889508,46,$60K - $80K,1,8256,99,3,1,0,0.007210706,0.021712268,Low priority
824799108,46,$40K - $60K,2,7498,90,2,1,0,0.002011613,0.018271487,Low priority
788618208,42,Less than $40K,2,8198,90,3,1,0,0.58187735,0.050632678,Low priority
713133258,38,$80K - $120K,2,8872,86,2,1,0,0.23337987,0.04747648,Low priority
717370533,40,$120K +,1,6453,89,2,1,0,0.0012405703,0.07379221,Low priority
720425508,43,$80K - $120K,1,8689,93,1,1,0,0.0047061606,0.089015774,Low priority
712948383,48,$60K - $80K,1,7396,100,6,1,0,0.006037467,0.010202643,Low priority
712839633,38,$80K - $120K,2,8871,97,1,1,0,0.00063706946,0.057626065,Low priority
820330008,46,$120K +,1,8231,98,1,1,0,0.0005046374,0.011309269,Low priority
826150608,44,$40K - $60K,1,8199,98,1,1,0,0.00048159075,0.039568663,Low priority
779187783,50,$80K - $120K,2,8436,77,3,1,0,0.27264518,0.086741306,Low priority
720809358,39,$40K - $60K,1,7776,98,1,1,0,0.00051505625,0.05604712,Low priority
714054408,50,$60K - $80K,1,8272,79,2,1,0,0.3283571,0.1847583,Low priority
789827208,41,Less than $40K,2,7768,92,3,1,0,0.0030205587,0.029828722,Low priority
718308558,49,Less than $40K,2,7688,93,6,0,0,0.00029639338,0.030483264,Low priority
801064833,42,$80K - $120K,1,7930,91,1,1,0,0.00023210011,0.01568056,Low priority
719838558,46,$60K - $80K,1,7432,92,1,1,0,0.00020244016,0.016830951,Low priority
714510483,44,$80K - $120K,2,7640,87,3,1,0,0.031642035,0.01592377,Low priority
718246458,53,$80K - $120K,2,8241,105,1,1,0,0.0002774008,0.024198864,Low priority
710822808,51,$80K - $120K,1,7854,89,3,1,0,0.008219549,0.017507384,Low priority
791730183,38,Less than $40K,2,5070,50,2,2,1,0.9980318,0.22047777,Low priority
709722858,50,$60K - $80K,2,8503,88,2,1,0,0.022035701,0.026896399,Low priority
712582983,47,Less than $40K,4,4729,54,3,3,1,0.7950952,,
714999483,38,$80K - $120K,2,9389,106,1,1,0,0.00068114157,0.050795805,Low priority
711388458,45,$60K - $80K,2,8591,99,5,1,0,0.0023051088,0.034476772,Low priority
796174983,52,$80K - $120K,2,7722,94,3,1,0,0.002137843,0.012021133,Low priority
712918083,44,Less than $40K,1,7527,88,3,1,0,0.0032494878,0.044397727,Low priority
715459158,35,Unknown,2,7821,97,1,1,0,0.0010437155,0.01913664,Low priority
712687083,44,$60K - $80K,1,7234,83,1,1,0,0.035821673,0.04187609,Low priority
713003358,40,$80K - $120K,2,4983,40,2,2,1,0.99571383,0.21065629,Low priority
812443458,57,$120K +,2,7794,94,3,1,0,0.03137535,0.0587705,Low priority
712984983,43,Less than $40K,1,7739,101,3,0,0,0.0029491913,0.04371049,Low priority
708826158,45,$40K - $60K,2,8608,100,2,1,0,0.0013242774,0.02786325,Low priority
788725608,44,Less than $40K,1,8387,102,2,1,0,0.0019881818,0.019835254,Low priority
717559533,47,$120K +,1,8212,100,3,1,0,0.0013226198,0.025558136,Low priority
720443358,50,$60K - $80K,1,6950,84,3,1,0,0.008971466,0.02094247,Low priority
806694333,44,Less than $40K,1,8268,73,1,1,0,0.0061653005,0.053501498,Low priority
709770408,51,$120K +,1,8652,98,1,1,0,0.0005755065,0.049764402,Low priority
718259433,45,Unknown,1,5460,63,4,3,1,0.9946683,0.37412676,Low priority
770705208,44,Less than $40K,1,7890,91,3,1,0,0.0036659858,0.027720567,Low priority
720655833,48,Less than $40K,2,4955,56,3,3,1,0.9775947,0.53391045,Test
797898858,40,Less than $40K,1,7288,88,2,1,0,0.0015508094,0.019444717,Low priority
779548008,50,$80K - $120K,1,7745,83,2,1,0,0.39374146,0.02712555,Low priority
718388733,38,Less than $40K,2,8677,96,3,1,0,0.0012653755,0.06527165,Low priority
711742758,43,$40K - $60K,2,5242,74,3,3,1,0.9143765,0.5206887,Test
757863258,45,Less than $40K,2,7480,84,2,1,0,0.008043126,0.0881254,Low priority
711947358,49,$120K +,2,7716,83,3,1,0,0.02334773,0.13633868,Low priority
712157958,44,$80K - $120K,1,4883,42,3,2,1,0.99798656,0.26515806,Low priority
814760358,53,$40K - $60K,2,7766,82,2,1,0,0.005600447,0.026353462,Low priority
710192283,46,$40K - $60K,1,8686,91,2,1,0,0.0012008728,0.03285336,Low priority
718977483,56,$80K - $120K,2,7209,91,3,1,0,0.00092369836,0.01896301,Low priority
712129158,63,$60K - $80K,2,7747,104,3,1,0,0.0021760552,0.029839689,Low priority
714880533,40,$40K - $60K,2,8669,99,2,1,0,0.0016207288,0.027323289,Low priority
808287408,45,$80K - $120K,1,8420,100,2,1,0,0.00081543124,0.04808269,Low priority
709619433,52,$120K +,1,8604,108,2,1,0,0.0022131663,0.033497103,Low priority
708881583,50,$40K - $60K,1,8752,95,3,1,0,0.0045123664,0.032190863,Low priority
711332883,62,$60K - $80K,2,5294,73,3,2,1,0.9081748,0.40889478,Low priority
717696333,44,$120K +,4,5425,60,3,3,1,0.9809286,,
820587258,45,Less than $40K,2,8637,94,5,1,0,0.052482698,0.072148524,Low priority
768733533,53,$80K - $120K,2,8851,88,3,0,0,0.034372013,0.06564522,Low priority
779779083,38,$40K - $60K,2,7872,103,2,1,0,0.004327446,0.0116524175,Low priority
720735408,44,$40K - $60K,1,8514,109,3,1,0,0.00282645,0.01426215,Low priority
819160158,42,$40K - $60K,2,8218,88,3,1,0,0.20780797,0.14341927,Low priority
804601833,44,$60K - $80K,1,7491,86,2,1,0,0.0032642798,0.030116983,Low priority
714823308,55,Less than $40K,2,7345,98,3,1,0,0.001133311,0.011556117,Low priority
711577458,52,Less than $40K,2,8087,95,2,1,0,0.0015436668,0.044947647,Low priority
787539333,48,$60K - $80K,1,7973,88,2,1,0,0.025142124,0.025063721,Low priority
716806383,48,$80K - $120K,1,9042,122,1,1,0,0.0003911535,0.029407257,Low priority
812230308,47,$40K - $60K,2,8444,100,3,1,0,0.0007056634,0.016927486,Low priority
778420383,49,$120K +,2,8609,109,3,1,0,0.0065824683,0.026621735,Low priority
774012933,47,$40K - $60K,1,9277,92,2,1,0,0.0019928378,0.028980846,Low priority
718756533,47,$80K - $120K,1,8963,105,2,1,0,0.0015854253,0.020758417,Low priority
812224983,56,$120K +,1,8037,100,1,1,0,0.000914886,0.023163686,Low priority
714284358,61,$40K - $60K,2,7037,82,1,0,0,0.00056782877,0.036013894,Low priority
709530408,45,$120K +,1,8007,96,3,1,0,0.0036091683,0.02395113,Low priority
750690258,49,Less than $40K,2,8220,103,3,1,0,0.0007944734,0.019083876,Low priority
716283108,44,Less than $40K,2,7986,88,2,1,0,0.0062511275,0.02698815,Low priority
718353633,50,$80K - $120K,2,5547,75,3,3,1,0.9785246,0.4134174,Test
718528833,51,$120K +,2,8879,101,3,1,0,0.0018056149,0.02227059,Low priority
718006608,44,Less than $40K,1,9081,100,3,1,0,0.004923055,0.056523472,Low priority
710569233,46,$80K - $120K,2,9185,100,1,1,0,0.00040347886,0.022464952,Low priority
718694658,41,$80K - $120K,2,7523,90,1,1,0,0.0005640924,0.018462926,Low priority
779293308,51,$60K - $80K,1,8305,103,3,1,0,0.000987967,0.02018165,Low priority
718276758,52,$40K - $60K,2,8226,97,1,1,0,0.0008702658,0.024621652,Low priority
712654233,39,$80K - $120K,1,8327,85,3,1,0,0.015154744,0.02891562,Low priority
719296383,38,$60K - $80K,1,7885,85,2,1,0,0.010754677,0.052185874,Low priority
808279158,51,$80K - $120K,1,8914,99,3,1,0,0.002720725,0.026698165,Low priority
780497958,41,$80K - $120K,1,7996,99,3,1,0,0.0013230955,0.01809593,Low priority
715519983,43,$60K - $80K,1,8751,94,1,1,0,0.0012891975,0.089803666,Low priority
708568983,40,$60K - $80K,2,8110,113,3,1,0,0.00079054147,0.018423317,Low priority
823648983,58,$80K - $120K,1,7960,112,3,1,0,0.0015574107,0.01168717,Low priority
789412458,44,$60K - $80K,6,4909,52,3,2,1,0.9665305,,
716837508,48,$60K - $80K,2,8695,95,2,1,0,0.005059228,0.042588543,Low priority
711249858,49,$80K - $120K,2,3315,47,3,2,1,0.978917,0.33679795,Low priority
712009083,48,$60K - $80K,2,8980,93,1,1,0,0.0011787455,0.035624925,Low priority
720522633,44,$40K - $60K,2,8150,106,1,1,0,0.0006522192,0.018927544,Low priority
713071383,54,Unknown,1,8554,99,3,1,0,0.0019365933,0.06556197,Low priority
712938258,45,Less than $40K,2,8328,94,1,1,0,0.001486098,0.037691496,Low priority
719071158,54,Unknown,2,3901,54,2,2,1,0.9051281,0.14188103,Low priority
709046958,46,$60K - $80K,2,9059,100,1,1,0,0.0002955756,0.033325292,Low priority
708748833,37,$40K - $60K,2,8920,105,2,1,0,0.005429788,0.021128431,Low priority
711364233,41,$60K - $80K,1,8888,104,1,1,0,0.0004316994,0.0068875533,Low priority
712645908,43,$60K - $80K,1,8804,111,3,1,0,0.0004823812,0.02597654,Low priority
708428958,39,$80K - $120K,1,9179,113,3,1,0,0.0101849325,0.040552534,Low priority
719714658,61,$60K - $80K,5,5272,62,3,3,1,0.9792594,,
720874983,51,$80K - $120K,1,8736,97,2,1,0,0.008270781,0.07122364,Low priority
719180958,48,$40K - $60K,2,9105,104,2,1,0,0.0110933,0.04981082,Low priority
710360583,46,$60K - $80K,1,8329,101,1,1,0,0.00017084769,0.019637913,Low priority
823848183,39,Less than $40K,1,8438,92,2,1,0,0.0033434583,0.026993617,Low priority
783121008,55,Less than $40K,1,8285,106,2,1,0,0.0018284433,0.01619164,Low priority
789529158,44,$60K - $80K,1,8553,88,1,1,0,0.037597988,0.06909184,Low priority
708500883,48,$40K - $60K,2,8379,106,3,1,0,0.00840563,0.021969043,Low priority
811965558,46,$40K - $60K,2,9406,106,3,1,0,0.026247913,0.034551896,Low priority
714383583,39,$40K - $60K,5,8646,97,3,3,0,0.0073738135,,
809425533,45,$40K - $60K,5,8097,105,2,3,0,0.005145876,,
716858433,43,Less than $40K,4,5372,75,3,3,1,0.9669827,,
812534958,40,$40K - $60K,2,8443,97,2,1,0,0.003106435,0.041185398,Low priority
714052158,49,$120K +,2,5366,68,3,3,1,0.823216,0.3871808,Low priority
780200208,39,$40K - $60K,2,8777,112,2,1,0,0.0016208845,0.03353195,Low priority
711458583,47,$60K - $80K,2,8582,106,1,1,0,0.00028480156,0.03650304,Low priority
826451433,42,$80K - $120K,2,8502,103,1,1,0,0.0004154221,0.030747663,Low priority
719740983,44,Less than $40K,1,8998,102,1,1,0,0.0008934912,0.044647604,Low priority
709019283,47,$80K - $120K,2,7867,100,3,1,0,0.0012839051,0.025351275,Low priority
710213508,63,$60K - $80K,2,8634,95,3,1,0,0.021281084,0.0588977,Low priority
710814633,49,$80K - $120K,1,8888,103,5,1,0,0.008029249,0.03832139,Low priority
775267158,43,$40K - $60K,2,8785,111,1,1,0,0.0006667074,0.026031097,Low priority
712268808,55,$120K +,2,8765,105,2,1,0,0.0033530453,0.032961726,Low priority
720178158,46,Less than $40K,5,5537,63,3,3,1,0.98033327,,
779805408,42,Less than $40K,1,8217,99,1,1,0,0.00093713065,0.021822963,Low priority
710958933,43,$40K - $60K,5,4866,56,3,3,1,0.83263004,,
720698883,51,$80K - $120K,2,5524,67,3,2,1,0.9935853,0.33632082,Low priority
780384483,49,$80K - $120K,2,5481,58,2,3,1,0.659306,0.37020373,Low priority
714190983,51,Unknown,2,5418,65,3,2,1,0.98582596,0.15735461,Low priority
713808633,31,Less than $40K,2,13794,127,2,1,0,0.0027725275,0.03880673,Low priority
710295858,43,$80K - $120K,2,8074,84,1,1,0,0.0041545527,0.032885488,Low priority
713209308,59,$60K - $80K,2,7971,97,3,1,0,0.0031795732,0.025098119,Low priority
788709408,41,Unknown,2,14771,127,3,1,0,0.004136401,0.066604726,Low priority
717757608,53,$120K +,2,8938,114,1,1,0,0.0009930851,0.03133424,Low priority
715300683,39,$80K - $120K,1,8271,94,1,1,0,0.0029226646,0.12715296,Low priority
711436983,57,$120K +,1,8596,102,2,1,0,0.003836219,0.020954333,Low priority
789582483,60,$40K - $60K,2,7699,101,3,1,0,0.002522043,0.0090978,Low priority
790168083,51,$80K - $120K,2,8438,100,2,1,0,0.0019548016,0.042082135,Low priority
742865883,46,$40K - $60K,4,5290,69,3,3,1,0.9500122,,
770848308,45,$60K - $80K,2,8773,105,2,1,0,0.0014278167,0.019656405,Low priority
713486583,41,$60K - $80K,2,8838,97,2,1,0,0.0010908699,0.04181952,Low priority
708697983,56,$120K +,2,8766,78,2,1,0,0.30713278,0.15717876,Low priority
823539558,39,Unknown,2,8360,94,2,1,0,0.003346534,0.05913989,Low priority
711339258,49,$40K - $60K,1,8255,86,3,1,0,0.073990665,0.03611146,Low priority
781171908,45,$40K - $60K,1,9497,106,3,1,0,0.0054981946,0.027965,Low priority
815582358,47,Less than $40K,2,8852,95,1,1,0,0.00039433627,0.022940638,Low priority
755212608,50,$40K - $60K,4,5468,71,3,3,1,0.9893833,,
716486508,45,$40K - $60K,6,5529,78,2,3,1,0.9337404,,
771674958,45,$40K - $60K,1,8135,97,3,1,0,0.0021682922,0.011947277,Low priority
787909158,40,Less than $40K,1,9523,105,3,1,0,0.0034165191,0.03425329,Low priority
717140733,52,Less than $40K,1,9065,85,3,1,0,0.21467113,0.07361687,Low priority
799468083,51,$40K - $60K,2,14373,97,2,1,0,0.0049803695,0.029836928,Low priority
718993533,44,$80K - $120K,2,8927,103,3,1,0,0.00065269525,0.037186332,Low priority
713870958,56,Unknown,2,8416,93,3,1,0,0.041519634,0.017808601,Low priority
709171308,30,$60K - $80K,1,13173,96,3,1,0,0.002612203,0.060341585,Low priority
798553158,62,Less than $40K,1,5470,72,2,3,1,0.9594484,0.27396083,Low priority
720819858,47,Less than $40K,1,8210,100,2,1,0,0.005810201,0.021719195,Low priority
815078433,42,Less than $40K,2,13363,99,1,1,0,0.0009920582,0.034154817,Low priority
710924658,52,$40K - $60K,1,9339,99,2,1,0,0.0015714009,0.019276781,Low priority
709883883,46,Unknown,2,8033,94,3,1,0,0.001613029,0.020853236,Low priority
718650258,54,Unknown,2,12956,97,3,1,0,0.0048685237,0.032694902,Low priority
711613308,58,$60K - $80K,2,2562,38,1,2,1,0.9911204,0.5088049,Test
718558758,34,$80K - $120K,1,3922,51,2,0,1,0.9200993,0.3249389,Low priority
718504233,43,Less than $40K,2,3423,48,2,0,1,0.91045016,0.382805,Low priority
709108533,49,$80K - $120K,2,15139,90,2,1,0,0.013468985,0.23570307,Low priority
713236458,55,$60K - $80K,2,8295,113,2,1,0,0.0043547754,0.012361707,Low priority
714352533,47,$40K - $60K,1,14132,103,2,1,0,0.0024403774,0.041195348,Low priority
717353433,50,Unknown,1,13015,104,3,1,0,0.002113862,0.034773104,Low priority
813804783,41,$40K - $60K,4,4399,54,3,3,1,0.78646713,,
771062733,44,Less than $40K,1,15511,101,2,1,0,0.002047706,0.1449689,Low priority
715649358,39,$60K - $80K,1,7786,81,2,1,1,0.9543567,0.10021938,Low priority
713552958,43,$60K - $80K,1,14833,114,3,1,0,0.0046718298,0.027982317,Low priority
715209333,32,$60K - $80K,1,13630,124,1,1,0,0.00020067212,0.163537,Low priority
769935783,40,$60K - $80K,2,14213,100,2,1,0,0.010814189,0.051624708,Low priority
815613033,49,Less than $40K,2,14276,96,2,1,0,0.003132131,0.04775868,Low priority
718732833,56,Less than $40K,4,3967,42,2,0,1,0.89807117,,
816328308,60,Less than $40K,2,14264,118,1,1,0,0.0029573082,0.1498827,Low priority
711814608,41,$40K - $60K,2,15423,110,1,1,0,0.000983902,0.06322508,Low priority
803216433,43,Less than $40K,6,4804,57,3,2,1,0.9316646,,
710694033,32,$40K - $60K,2,13400,104,1,1,0,0.0009972611,0.030499952,Low priority
709257708,47,Less than $40K,1,14965,127,1,1,0,0.000714997,0.04466679,Low priority
720174033,46,$80K - $120K,1,12871,104,3,1,0,0.0029350577,0.027895473,Low priority
820666083,41,$120K +,5,8646,85,3,3,1,0.9903971,,
712044558,51,Less than $40K,6,6408,70,2,3,1,0.8059155,,
713131158,58,$80K - $120K,1,8199,59,3,1,1,0.9884936,0.25512215,Low priority
803335008,48,Unknown,2,13945,107,3,1,0,0.004192191,0.030781522,Low priority
795869583,53,Less than $40K,1,15200,118,3,1,0,0.0023214777,0.07083509,Low priority
789535233,52,$80K - $120K,2,11603,109,1,1,0,0.0015405905,0.029188905,Low priority
716441058,45,Less than $40K,2,13820,99,5,1,0,0.003306694,0.06668594,Low priority
718113633,41,$120K +,1,5603,56,2,2,1,0.9973673,0.13913725,Low priority
708908883,37,Less than $40K,1,12603,106,3,1,0,0.002092693,0.12752108,Low priority
712152408,44,$60K - $80K,1,12478,97,2,1,0,0.0014732996,0.0531665,Low priority
708229308,49,Less than $40K,5,6059,71,2,3,1,0.96328694,,
715351983,32,Less than $40K,1,14334,97,3,1,0,0.00096036296,0.103471264,Low priority
798451908,36,Less than $40K,1,12403,120,3,1,0,0.008411009,0.024041237,Low priority
794962983,47,Less than $40K,1,14576,110,1,1,0,0.0014726038,0.06584264,Low priority
721000833,49,$60K - $80K,1,13324,110,3,1,0,0.003338774,0.05555583,Low priority
720086358,58,$120K +,2,14465,125,3,1,0,0.0012459743,0.07972842,Low priority
710064033,45,$40K - $60K,2,3555,42,2,2,1,0.99728596,0.36076546,Low priority
780588258,53,Less than $40K,1,14567,120,2,1,0,0.0012751871,0.05359991,Low priority
710833908,45,$80K - $120K,1,12896,100,3,1,0,0.0022568721,0.027166907,Low priority
714449283,44,$80K - $120K,1,13360,97,3,1,0,0.0016493918,0.079299286,Low priority
772339383,54,$40K - $60K,2,13787,121,5,1,0,0.0034252407,0.03745279,Low priority
721382208,38,$40K - $60K,2,13677,122,1,1,0,0.0005300142,0.020363117,Low priority
779349783,46,$60K - $80K,2,13119,104,2,1,0,0.0010507095,0.029714292,Low priority
789450408,41,Unknown,2,15106,91,5,1,0,0.0044432976,0.16024874,Low priority
709210833,48,$40K - $60K,1,14084,110,2,1,0,0.0019883031,0.0729985,Low priority
821752908,53,$60K - $80K,2,15078,117,3,1,0,0.0013305284,0.099628896,Low priority
789878283,39,$40K - $60K,2,13670,117,2,1,0,0.002849239,0.023961773,Low priority
709319658,48,Less than $40K,5,7681,71,3,2,1,0.9925041,,
719222133,41,$40K - $60K,2,13719,96,3,1,0,0.0030829725,0.05204852,Low priority
715551783,54,Unknown,1,14603,113,1,1,0,0.0003151697,0.085178286,Low priority
712718958,49,$40K - $60K,2,15019,101,1,1,0,0.00045390945,0.046799842,Low priority
709764483,61,$60K - $80K,1,4041,65,1,2,1,0.6723075,0.53179747,Test
783361533,41,$60K - $80K,2,14954,112,3,1,0,0.0045289346,0.033656158,Low priority
717942033,52,$120K +,1,14490,98,1,1,0,0.00034774753,0.04203534,Low priority
817908783,44,$120K +,2,14242,107,3,1,0,0.0015393464,0.025535498,Low priority
713708358,33,$40K - $60K,2,12429,111,3,1,0,0.0019379284,0.025603218,Low priority
713705358,37,$60K - $80K,2,13970,109,6,1,0,0.001856983,0.095118806,Low priority
789551883,52,$40K - $60K,1,14426,87,1,1,0,0.028429126,0.1211591,Low priority
812247033,51,Less than $40K,5,3281,39,5,2,1,0.9900593,,
717580458,43,$80K - $120K,2,7847,63,3,3,1,0.9958236,0.17795157,Low priority
780551733,54,Less than $40K,2,12592,117,2,1,0,0.0033076277,0.02612936,Low priority
719722308,31,Less than $40K,2,13109,114,1,1,0,0.0010437334,0.036825206,Low priority
718328283,40,Less than $40K,2,12631,100,1,1,0,0.0006001004,0.057504844,Low priority
826061508,49,Less than $40K,1,13090,102,3,1,0,0.0016890238,0.024567973,Low priority
715610733,60,$40K - $60K,6,8193,66,1,2,1,0.9640849,,
710161083,62,Less than $40K,6,6613,40,3,2,1,0.9988042,,
712464933,44,$80K - $120K,2,15203,114,2,1,0,0.011884331,0.04192267,Low priority
768181608,43,Less than $40K,2,13179,122,3,1,0,0.0012289516,0.03240589,Low priority
713869083,56,$80K - $120K,2,14901,92,2,1,0,0.0042425618,0.09482373,Low priority
711465333,35,$80K - $120K,2,12593,99,1,1,0,0.0009405795,0.06935619,Low priority
719924433,40,$40K - $60K,1,13452,107,2,1,0,0.010497944,0.04988458,Low priority
719248158,52,$60K - $80K,1,14533,108,3,1,0,0.004804969,0.018608369,Low priority
719944458,29,$40K - $60K,2,12510,96,3,1,0,0.0016660206,0.065670505,Low priority
715799808,52,$60K - $80K,4,6574,69,3,3,1,0.9836479,,
721264533,49,Less than $40K,1,15578,126,1,1,0,0.0010023486,0.09361683,Low priority
711838008,37,$60K - $80K,2,9322,77,3,1,1,0.99478525,0.3039099,Low priority
711826983,47,$40K - $60K,4,3240,38,3,2,1,0.9925452,,
719413383,32,$60K - $80K,2,14880,134,3,1,0,0.0033967057,0.0832024,Low priority
712990458,44,Unknown,2,13653,113,2,1,0,0.000652002,0.032639183,Low priority
789594108,47,$80K - $120K,1,14107,99,1,1,0,0.00077612844,0.02682551,Low priority
718764708,45,$120K +,1,14223,103,4,1,0,0.0014226361,0.1217091,Low priority
820271208,46,$60K - $80K,2,13791,103,2,1,0,0.0035285568,0.03350219,Low priority
708369633,34,Less than $40K,6,7031,67,3,3,1,0.928769,,
712055433,39,Less than $40K,2,14137,116,2,1,0,0.0024294518,0.050004043,Low priority
721114458,46,$120K +,1,14319,96,2,1,0,0.0031715247,0.044563193,Low priority
714959358,50,$80K - $120K,5,8045,71,3,3,1,0.9752622,,
708396033,45,Less than $40K,1,12257,101,2,1,0,0.0011912726,0.048860848,Low priority
719593608,56,$80K - $120K,6,7661,61,2,3,1,0.97822,,
715830558,50,$120K +,6,7454,81,2,3,1,0.96104896,,
716406483,30,$60K - $80K,1,13124,103,3,1,0,0.0036367138,0.05489303,Low priority
714941358,53,Less than $40K,2,7022,75,3,2,1,0.99849,0.10596796,Low priority
716088783,60,$80K - $120K,1,8169,65,4,1,1,0.9979424,0.18035966,Low priority
718458858,41,$80K - $120K,2,3526,53,3,2,1,0.9852706,0.35087222,Low priority
715754133,42,Less than $40K,2,13212,107,2,1,0,0.001161878,0.052218027,Low priority
715630983,31,Less than $40K,4,6317,77,2,3,1,0.9709327,,
712768983,51,$80K - $120K,6,8629,65,4,3,1,0.9993243,,
716881683,45,$80K - $120K,2,5567,51,3,0,1,0.9978677,0.25247514,Low priority
711108408,55,$60K - $80K,2,14244,96,1,1,0,0.00025936315,0.12074287,Low priority
717565233,51,$80K - $120K,2,13303,92,3,1,0,0.00416141,0.08693397,Low priority
789539058,28,Less than $40K,1,17064,116,1,1,0,0.001177933,0.11090033,Low priority
768643158,44,Less than $40K,2,13598,119,1,1,0,0.0011995399,0.05385329,Low priority
721530633,51,$40K - $60K,1,15209,104,1,1,0,0.00082332484,0.06386581,Low priority
721188033,48,Less than $40K,2,16171,112,3,1,0,0.006715135,0.11152304,Low priority
810261633,44,$60K - $80K,2,14991,95,2,1,0,0.003576858,0.1045284,Low priority
717529233,40,Less than $40K,4,4840,44,3,2,1,0.9982497,,
719365233,34,Less than $40K,1,15077,126,3,1,0,0.0032080107,0.0998066,Low priority
720943308,47,$60K - $80K,1,16202,120,1,1,0,0.0002871499,0.13092662,Low priority
714425283,50,Unknown,2,14703,119,3,1,0,0.01200958,0.08430512,Low priority
711794358,61,$80K - $120K,2,3119,53,4,2,1,0.9013305,0.45566803,Test
719683158,56,Less than $40K,2,7154,66,4,3,1,0.98884946,0.35701102,Low priority
709406733,46,$80K - $120K,2,13280,106,2,1,0,0.001040156,0.06196031,Low priority
708572658,49,$60K - $80K,1,15039,120,1,1,0,0.00030311788,0.064739615,Low priority
714001008,56,$120K +,1,13997,102,1,1,0,0.0007364036,0.18520433,Low priority
712833633,41,$40K - $60K,2,13866,98,1,1,0,0.00060170714,0.09726043,Low priority
716260833,56,Less than $40K,6,8331,63,3,0,1,0.9949812,,
708863733,35,$40K - $60K,1,13847,120,1,1,0,0.005319782,0.105110295,Low priority
717076458,40,$40K - $60K,1,14955,102,3,1,0,0.002054772,0.058319487,Low priority
712412958,41,$40K - $60K,1,14615,124,1,1,0,0.0011813624,0.12736906,Low priority
720535008,46,$80K - $120K,1,13764,104,2,1,0,0.0050148647,0.04386476,Low priority
711578658,56,$40K - $60K,1,13945,97,3,1,0,0.012316073,0.04355603,Low priority
709373883,37,$40K - $60K,1,15091,124,1,1,0,0.0029856197,0.11678837,Low priority
780730008,51,$120K +,2,13627,120,2,1,0,0.0020140728,0.033021215,Low priority
824816358,36,Less than $40K,2,14252,127,3,1,0,0.0044551995,0.032502953,Low priority
716106108,49,$120K +,2,13376,129,3,1,0,0.0048491335,0.061315972,Low priority
709807383,35,Less than $40K,1,15391,94,1,1,0,0.0003669812,0.1874959,Low priority
716430933,46,Less than $40K,2,13740,131,1,1,0,0.0021995103,0.048226573,Low priority
789866133,45,$40K - $60K,2,12867,118,3,1,0,0.008642707,0.017649027,Low priority
718634058,48,Unknown,2,14844,100,2,1,0,0.0034990031,0.06395753,Low priority
715129983,46,Unknown,1,15079,116,3,1,0,0.0074861986,0.0957245,Low priority
717177783,36,Less than $40K,1,15549,121,2,1,0,0.014370828,0.12639527,Low priority
719694408,30,Less than $40K,4,7996,80,3,2,1,0.9930133,,
806992533,49,Less than $40K,2,13092,102,1,1,0,0.00061780156,0.030846633,Low priority
718045008,31,Less than $40K,1,6639,71,2,3,1,0.9753128,0.19799133,Low priority
711010683,35,$40K - $60K,1,12941,131,2,1,0,0.001564006,0.06199053,Low priority
714759708,54,Unknown,2,13681,105,2,1,0,0.0013177426,0.077048175,Low priority
718801158,49,$40K - $60K,2,14455,96,2,1,0,0.003195287,0.07081354,Low priority
712256358,40,$60K - $80K,1,13672,110,3,1,0,0.0039096465,0.04553536,Low priority
779803008,41,Unknown,2,13854,124,2,1,0,0.0032862,0.08966533,Low priority
710968008,37,Less than $40K,2,14308,124,1,1,0,0.0007473019,0.06604844,Low priority
771584658,46,Unknown,1,13753,98,2,1,0,0.0018497233,0.04109488,Low priority
718102758,61,Less than $40K,2,14071,101,1,1,0,0.0006618538,0.029512644,Low priority
811076883,45,$40K - $60K,1,5056,63,4,2,1,0.8573064,0.45139223,Test
770970558,41,$80K - $120K,1,15180,103,2,1,0,0.0039542424,0.07659816,Low priority
758863383,47,Less than $40K,1,13090,104,3,1,0,0.0118477885,0.024838673,Low priority
716863458,44,$80K - $120K,2,8570,68,3,1,1,0.99911517,0.21460906,Low priority
766821033,61,$120K +,6,7976,74,3,3,1,0.81162125,,
814590483,45,$40K - $60K,1,12777,95,3,1,0,0.003032883,0.03529925,Low priority
773283108,31,$60K - $80K,1,15738,116,1,1,0,0.00042044552,0.02605824,Low priority
721006458,42,$120K +,2,14557,114,1,1,0,0.0006946453,0.0452662,Low priority
714615258,32,$40K - $60K,6,9330,64,3,0,1,0.959749,,
788687133,42,$80K - $120K,2,13678,125,3,1,0,0.0037910107,0.034660622,Low priority
820108008,49,$80K - $120K,2,14743,121,3,1,0,0.010565263,0.057750642,Low priority
717781608,52,Less than $40K,2,14082,99,2,1,0,0.0014814389,0.055908907,Low priority
720136458,39,$60K - $80K,2,14119,97,2,1,0,0.002065472,0.1921673,Low priority
716247708,51,$120K +,2,14149,103,2,1,0,0.0010736152,0.040375672,Low priority
714968208,52,$80K - $120K,2,13758,104,3,1,0,0.003360372,0.06670723,Low priority
719913783,40,$40K - $60K,2,13617,105,2,1,0,0.0013009654,0.04639889,Low priority
720621408,38,Less than $40K,2,14326,100,3,1,0,0.0036519524,0.20779307,Low priority
721169883,41,$60K - $80K,1,16161,109,3,1,0,0.005928815,0.06026976,Low priority
719324658,27,$80K - $120K,1,14716,112,1,1,0,0.00041118727,0.048423707,Low priority
714577233,50,$40K - $60K,2,15999,109,3,1,0,0.0050145313,0.21858507,Low priority
712367658,58,$80K - $120K,1,13830,112,3,1,0,0.00062612165,0.05385131,Low priority
803655333,53,$60K - $80K,1,12025,103,3,1,0,0.0044372333,0.044960946,Low priority
710455608,40,$80K - $120K,2,6644,61,3,3,1,0.98969674,0.28964227,Low priority
711328458,58,$80K - $120K,1,13988,127,1,1,0,0.00032085206,0.0416345,Low priority
708123033,41,Less than $40K,2,14511,105,1,1,0,0.0015523547,0.07022345,Low priority
713514633,59,$60K - $80K,2,8291,69,4,1,1,0.9889148,0.34455836,Low priority
710745633,53,$120K +,2,14074,112,3,1,0,0.002532666,0.04188025,Low priority
710374008,53,$80K - $120K,1,12906,100,1,1,0,0.00043274552,0.05492745,Low priority
772166058,31,$40K - $60K,1,13142,112,2,1,0,0.0027243036,0.022918157,Low priority
715017858,44,$120K +,2,14465,114,1,1,0,0.00027926126,0.03689821,Low priority
717571683,47,$40K - $60K,2,4536,61,3,2,1,0.970543,0.49720263,Test
743420208,47,Less than $40K,2,13816,121,2,1,0,0.0025558185,0.06025886,Low priority
716201883,46,$120K +,2,14696,114,2,1,0,0.005155251,0.06497859,Low priority
714593883,53,Less than $40K,1,13138,115,2,1,0,0.001483745,0.02743857,Low priority
711003483,40,$60K - $80K,2,15121,97,3,1,0,0.0014510294,0.027637677,Low priority
819628158,42,$60K - $80K,2,14544,116,3,1,0,0.0024507293,0.14723511,Low priority
712021233,33,$60K - $80K,5,9356,74,1,3,1,0.9987245,,
708573933,45,Less than $40K,2,14747,100,2,1,0,0.0023288368,0.17996211,Low priority
710758683,61,$40K - $60K,2,12980,82,3,1,0,0.05715548,0.045838676,Low priority
718288833,31,$40K - $60K,1,14643,127,3,1,0,0.004152188,0.041266467,Low priority
708873183,47,$60K - $80K,1,15473,128,3,1,0,0.010168506,0.20203872,Low priority
766224933,46,$80K - $120K,1,14428,119,1,1,0,0.00023696625,0.045641553,Low priority
771626283,54,$60K - $80K,1,15033,114,3,1,0,0.0028538217,0.03994801,Low priority
720372483,60,Less than $40K,1,14624,111,1,1,0,0.00023373614,0.14477956,Low priority
712916958,55,Unknown,5,7026,69,3,3,1,0.9789423,,
716124408,32,$120K +,2,7486,64,2,3,1,0.96295995,0.14533411,Low priority
714128283,49,Less than $40K,2,12493,113,3,1,0,0.0037382303,0.027546393,Low priority
708163758,41,$120K +,2,13085,139,4,1,0,0.002540711,0.014161544,Low priority
716979183,45,$60K - $80K,1,15527,106,1,1,0,0.00059776136,0.09834509,Low priority
716480358,45,$60K - $80K,2,13814,81,2,1,0,0.10832839,0.22144136,Low priority
800758233,30,$60K - $80K,6,8642,77,2,3,1,0.9956275,,
720413658,44,$120K +,2,15102,95,1,1,0,0.0006854665,0.07150479,Low priority
715832058,40,Less than $40K,2,14414,98,2,1,0,0.0013166706,0.18272813,Low priority
716323683,31,$80K - $120K,2,13177,106,3,1,0,0.001148639,0.04573252,Low priority
819616383,40,Less than $40K,2,14748,118,3,1,0,0.00094926014,0.1758463,Low priority
771069033,56,$60K - $80K,2,14084,91,2,1,0,0.001480112,0.1066476,Low priority
821241708,47,$80K - $120K,1,8670,74,4,1,1,0.99828714,0.09019544,Low priority
716987358,29,$60K - $80K,2,5660,59,1,3,1,0.99392515,0.18095462,Low priority
710300733,38,$120K +,2,13781,106,4,1,0,0.0060548326,0.038423017,Low priority
712497783,56,Less than $40K,1,14779,94,2,1,0,0.0022551375,0.074416794,Low priority
709259958,53,Less than $40K,1,9195,73,3,1,1,0.9886891,0.3009956,Low priority
716296833,56,$80K - $120K,2,14042,113,1,1,0,0.002614537,0.047896963,Low priority
715728108,27,Less than $40K,1,14330,131,1,1,0,0.0001810918,0.1072642,Low priority
771507258,38,Less than $40K,1,14474,118,2,1,0,0.0010109528,0.082098216,Low priority
713758758,48,Less than $40K,2,17628,109,2,1,0,0.0035423099,0.07558413,Low priority
779809908,44,Less than $40K,2,12739,96,2,1,0,0.010006109,0.055966444,Low priority
816310158,49,$60K - $80K,1,14500,106,3,1,0,0.014113255,0.024308765,Low priority
780349833,36,$40K - $60K,1,15236,120,1,1,0,0.001892761,0.17594641,Low priority
818235408,30,$60K - $80K,2,15634,118,3,1,0,0.0018376128,0.21128297,Low priority
709213458,42,$80K - $120K,1,7867,75,3,1,1,0.98555994,0.14674625,Low priority
719634408,51,$120K +,2,13534,104,2,1,0,0.0056293258,0.04320921,Low priority
709934808,59,$40K - $60K,2,13062,103,2,1,0,0.004201011,0.03009325,Low priority
712238958,45,Less than $40K,1,15571,115,2,1,0,0.005491951,0.071856305,Low priority
711813258,56,$60K - $80K,2,13633,116,1,1,0,0.00030695222,0.047149602,Low priority
789983133,31,$80K - $120K,2,14185,98,3,1,0,0.0011167789,0.07575307,Low priority
792139308,48,$40K - $60K,1,13345,114,2,1,0,0.0022260034,0.054408565,Low priority
718123608,32,$80K - $120K,2,16485,104,1,1,0,0.00024360023,0.21785437,Low priority
715369008,46,Less than $40K,1,15331,106,2,1,0,0.0044428967,0.30530295,Low priority
717556758,52,Less than $40K,1,14934,113,2,1,0,0.0016233202,0.034598894,Low priority
718252533,30,Less than $40K,5,7292,68,1,3,1,0.7174953,,
716340783,48,$80K - $120K,1,14441,105,1,1,0,0.00031173427,0.05433622,Low priority
717898758,55,Less than $40K,6,5838,74,3,3,1,0.9942425,,
825743583,39,Unknown,1,13796,121,3,1,0,0.001357329,0.15506311,Low priority
717711108,43,Less than $40K,1,14511,123,2,1,0,0.001454096,0.020731417,Low priority
789791808,43,$40K - $60K,2,14802,112,2,1,0,0.0062925788,0.030158902,Low priority
807971658,47,Less than $40K,1,13931,112,2,1,0,0.0063451272,0.03833522,Low priority
770220558,57,$60K - $80K,1,8004,82,6,1,1,0.9193971,0.03622516,Low priority
818239983,53,$80K - $120K,2,13016,118,1,1,0,0.0003822748,0.056950018,Low priority
712544358,48,$120K +,1,15552,108,4,1,0,0.009232122,0.060809653,Low priority
720306408,50,Less than $40K,2,12576,103,3,1,0,0.013673572,0.047245912,Low priority
721488858,53,$60K - $80K,1,14381,121,3,1,0,0.0071376543,0.053083334,Low priority
710771433,48,$80K - $120K,1,13991,125,3,1,0,0.0010935246,0.024689134,Low priority
708662583,41,$60K - $80K,1,8345,70,3,1,1,0.9951291,0.16078007,Low priority
717663033,51,$120K +,1,16428,123,2,1,0,0.007609225,0.090266585,Low priority
721524858,51,Less than $40K,1,13139,102,2,1,0,0.0013960027,0.092494495,Low priority
788778033,39,Less than $40K,1,15869,109,2,1,0,0.0012361383,0.12491271,Low priority
708649683,51,$60K - $80K,1,15472,122,3,1,0,0.0013860164,0.22749725,Low priority
708770883,43,$80K - $120K,2,15301,115,2,1,0,0.0013374494,0.04717774,Low priority
708152358,54,$80K - $120K,1,8019,57,3,1,1,0.96966493,0.2627613,Low priority
719210133,47,$60K - $80K,2,12779,103,3,1,0,0.0020223283,0.03753265,Low priority
714690633,51,Less than $40K,1,14212,116,3,1,0,0.001337529,0.036380477,Low priority
719719158,38,$80K - $120K,1,15584,114,3,1,0,0.002235982,0.15498902,Low priority
712690458,38,Less than $40K,1,15982,113,1,1,0,0.0010743518,0.05694945,Low priority
718758783,44,Less than $40K,2,15172,118,3,1,0,0.008611049,0.14042282,Low priority
716947083,32,$40K - $60K,2,14593,110,2,1,0,0.0013967062,0.0413476,Low priority
709075533,41,$80K - $120K,4,8607,90,3,3,1,0.9937324,,
712952283,50,$120K +,1,14474,121,1,1,0,0.0003123903,0.048249997,Low priority
718799958,60,Unknown,2,14336,106,3,1,0,0.005729529,0.051686984,Low priority
718663983,38,Less than $40K,2,13140,94,2,1,0,0.001590286,0.07108941,Low priority
789550458,59,$40K - $60K,1,14230,111,2,1,0,0.0019305889,0.023844028,Low priority
708226833,53,$120K +,1,13247,107,6,1,0,0.0040817806,0.036452234,Low priority
714361083,40,Less than $40K,4,5843,60,2,2,1,0.99896526,,
714608583,45,$120K +,2,8392,69,3,1,1,0.9903024,0.1444543,Low priority
710775483,53,$40K - $60K,2,14305,102,1,1,0,0.0010026419,0.038637802,Low priority
709410033,56,$80K - $120K,1,14952,118,1,1,0,0.0018257083,0.053894415,Low priority
717173358,60,$40K - $60K,1,14418,100,2,1,0,0.0012902238,0.049276423,Low priority
719773158,42,$80K - $120K,1,14270,97,3,1,0,0.00081056263,0.09913295,Low priority
771292233,48,Less than $40K,1,15867,103,1,1,0,0.007672436,0.09919186,Low priority
756371058,58,Less than $40K,1,15315,124,2,1,0,0.0018767419,0.10816034,Low priority
709476033,55,$120K +,2,14229,120,1,1,0,0.00039724642,0.044500966,Low priority
770560683,51,$120K +,2,13021,117,3,1,0,0.008552422,0.026291685,Low priority
788766933,46,$80K - $120K,1,14279,97,3,1,0,0.0049250713,0.032506637,Low priority
713550483,45,$60K - $80K,1,13767,96,5,1,0,0.0035945314,0.06572307,Low priority
709928358,40,$80K - $120K,1,8528,87,2,1,1,0.9795248,0.052714363,Low priority
713895633,56,$40K - $60K,2,14324,103,1,1,0,0.00096176344,0.0729548,Low priority
720471108,34,Unknown,2,12595,106,2,1,0,0.0010340366,0.028419891,Low priority
718192608,48,$60K - $80K,1,13819,106,1,1,0,0.000323352,0.05475977,Low priority
805485933,45,Less than $40K,2,14354,101,1,1,0,0.001477447,0.11952327,Low priority
712517808,42,$60K - $80K,2,14830,112,4,1,0,0.00085812504,0.059280545,Low priority
780604083,49,$60K - $80K,1,16422,110,2,1,0,0.0010648348,0.3129837,Low priority
715311183,35,$60K - $80K,2,13557,100,3,1,0,0.0011334604,0.03809116,Low priority
712265508,32,$40K - $60K,1,8363,65,1,1,1,0.9974994,0.08370112,Low priority
715051608,34,$60K - $80K,2,9183,51,3,1,1,0.996061,0.098750494,Low priority
757786608,33,$80K - $120K,2,16216,107,3,1,0,0.0028782755,0.05699513,Low priority
714303483,40,$40K - $60K,1,15039,130,2,1,0,0.0012968027,0.04566446,Low priority
718728108,43,$60K - $80K,1,14887,119,3,1,0,0.0013701937,0.018551778,Low priority
710019933,29,$40K - $60K,2,13720,119,3,1,0,0.0017585384,0.055639517,Low priority
812453283,42,$40K - $60K,2,13692,117,2,1,0,0.002289944,0.029818492,Low priority
717439983,48,$80K - $120K,1,8293,63,3,1,1,0.9937828,0.15459895,Low priority
714391683,39,$60K - $80K,4,8248,66,3,3,1,0.9848632,,
827901183,51,Less than $40K,2,14593,109,2,1,0,0.0011408846,0.06698163,Low priority
708841233,41,$80K - $120K,2,8193,72,3,1,1,0.98674774,0.15776497,Low priority
710663508,42,$40K - $60K,1,14763,99,2,1,0,0.0017957713,0.04975507,Low priority
716439258,32,$60K - $80K,1,13648,103,1,1,0,0.0007999063,0.028343404,Low priority
719610708,43,$120K +,5,14727,105,1,1,0,0.00078740105,,
715026258,50,$60K - $80K,1,13503,112,1,1,0,0.00036972054,0.052312378,Low priority
711706458,44,$80K - $120K,1,13311,110,2,1,0,0.0010147735,0.016001698,Low priority
712180308,36,$120K +,1,14755,123,3,1,0,0.0010757585,0.22830592,Low priority
802622733,44,$40K - $60K,1,14802,95,3,1,0,0.0050992835,0.08247566,Low priority
778832883,47,Less than $40K,1,13769,104,3,1,0,0.0023251527,0.15643272,Low priority
788671608,45,$40K - $60K,1,14393,107,2,1,0,0.0013773836,0.064300545,Low priority
718023708,53,$40K - $60K,2,14625,115,1,1,0,0.00046225908,0.030818535,Low priority
718692258,43,$60K - $80K,1,14402,110,3,1,0,0.0028693504,0.040023178,Low priority
718357458,48,$60K - $80K,2,15282,125,3,1,0,0.0014236037,0.14167963,Low priority
714003483,37,$60K - $80K,1,15293,129,3,1,0,0.011136675,0.11576922,Low priority
713632983,43,$80K - $120K,2,7886,70,3,1,1,0.9853172,0.118404485,Low priority
711008508,59,$40K - $60K,2,13751,113,1,1,0,0.0024383268,0.047975004,Low priority
815230458,31,$40K - $60K,1,14181,126,1,1,0,0.0003320169,0.10084505,Low priority
719612583,52,Unknown,4,8127,74,4,3,1,0.996506,,
709514433,41,$80K - $120K,2,13209,101,1,1,0,0.0004329023,0.04194906,Low priority
815826708,53,$40K - $60K,2,14437,109,3,1,0,0.003753434,0.034558196,Low priority
815520333,55,$60K - $80K,2,13513,115,1,1,0,0.00046597247,0.030557081,Low priority
718661958,41,$80K - $120K,1,13083,93,1,1,0,0.000273924,0.04821799,Low priority
788980983,55,$80K - $120K,1,12192,112,4,1,0,0.0029527715,0.025624724,Low priority
721171008,31,Less than $40K,2,15028,124,3,1,0,0.0010548542,0.12652948,Low priority
714682233,48,$80K - $120K,1,14948,125,4,1,0,0.0058947504,0.097509906,Low priority
720736608,42,$60K - $80K,2,14109,92,2,1,0,0.0012513901,0.09746984,Low priority
718333983,57,$120K +,2,9040,63,2,1,1,0.98047537,0.14539848,Low priority
772207683,34,Less than $40K,1,14459,97,3,1,0,0.0008047616,0.45207644,Test
714794133,54,$60K - $80K,2,14103,112,3,1,0,0.001178035,0.06894151,Low priority
756639708,46,Unknown,1,15958,113,1,1,0,0.002625074,0.054913204,Low priority
713686008,38,$60K - $80K,1,13041,98,1,1,0,0.00046875817,0.08668962,Low priority
713475633,40,$120K +,1,14204,96,3,1,0,0.0025977495,0.11389067,Low priority
717518733,56,Less than $40K,4,7106,61,3,3,1,0.9793873,,
712532058,44,$40K - $60K,1,15508,95,1,1,0,0.00042961922,0.24196908,Low priority
789666333,39,$60K - $80K,2,15581,115,3,1,0,0.0010372249,0.16045839,Low priority
711422358,42,$40K - $60K,1,14955,118,2,1,0,0.001832063,0.06360739,Low priority
708510858,60,Less than $40K,1,15478,109,3,1,0,0.005949526,0.12387955,Low priority
767023308,35,$80K - $120K,2,12847,106,2,1,0,0.008021507,0.03712491,Low priority
789289383,42,$80K - $120K,2,14626,97,2,1,0,0.003960163,0.06721222,Low priority
708805908,30,Less than $40K,1,9299,68,1,1,1,0.99753785,0.4851575,Test
710155158,37,$80K - $120K,1,10201,59,1,1,1,0.9956311,0.3927576,Low priority
713330133,37,Less than $40K,2,13299,95,3,1,0,0.0013989633,0.13330153,Low priority
714403983,43,$80K - $120K,2,13545,112,2,1,0,0.0012137156,0.037726786,Low priority
720353808,34,$80K - $120K,1,9177,50,2,1,1,0.9956131,0.103282206,Low priority
710362233,48,$80K - $120K,1,13853,98,2,1,0,0.0012142857,0.047803134,Low priority
771484908,31,$80K - $120K,1,14969,96,3,1,0,0.0004888647,0.056794114,Low priority
717047583,47,Less than $40K,2,8912,63,3,0,1,0.99570835,0.19026363,Low priority
715694433,51,$60K - $80K,2,13958,116,3,1,0,0.0016219298,0.04914468,Low priority
793456983,43,$40K - $60K,1,13746,104,2,1,0,0.0022021541,0.04530183,Low priority
715742658,41,Less than $40K,1,12489,97,3,1,0,0.0016574393,0.07060359,Low priority
715518783,48,Less than $40K,2,13980,128,3,1,0,0.0008945202,0.04393528,Low priority
779514558,41,Less than $40K,1,13730,96,1,1,0,0.00083475176,0.018306417,Low priority
720017958,48,$40K - $60K,1,14224,117,1,1,0,0.000506655,0.06654817,Low priority
712895733,40,$80K - $120K,6,8659,81,3,3,1,0.9989303,,
719039283,32,$40K - $60K,2,14080,85,2,1,0,0.024778051,0.07884626,Low priority
719629308,55,Unknown,2,8472,80,2,1,1,0.05314715,0.0475386,Low priority
754443033,50,$80K - $120K,6,9045,72,3,3,1,0.9974437,,
716159958,49,$60K - $80K,2,14238,93,1,1,0,0.00028929627,0.11443619,Low priority
712195383,37,Less than $40K,2,14932,110,2,1,0,0.001081265,0.29336372,Low priority
822885033,31,$60K - $80K,2,14731,120,1,1,0,0.00036102036,0.14849268,Low priority
716543433,52,$80K - $120K,1,15195,99,2,1,0,0.006755946,0.11965416,Low priority
717403158,60,Less than $40K,1,14218,102,2,1,0,0.0019197738,0.041787054,Low priority
826065258,35,Unknown,2,16033,116,2,1,0,0.0029840686,0.082804,Low priority
709397508,48,$60K - $80K,2,15738,111,3,1,0,0.0053543826,0.065852754,Low priority
720748608,44,$40K - $60K,1,7672,66,2,1,1,0.9902452,0.16580999,Low priority
709823733,44,$40K - $60K,2,7507,78,3,1,1,0.93593585,0.081913024,Low priority
713542908,31,Less than $40K,1,15645,117,2,1,0,0.0012677925,0.08626725,Low priority
720512433,56,$60K - $80K,6,7625,78,4,3,1,0.91364026,,
713671158,46,$120K +,2,15754,121,3,1,0,0.0033177382,0.07095299,Low priority
802449933,29,$40K - $60K,1,14912,114,3,1,0,0.0009743914,0.09651105,Low priority
716723658,37,Less than $40K,1,13625,110,3,1,0,0.0013992531,0.108694896,Low priority
710451708,32,$40K - $60K,1,14926,115,1,1,0,0.0006687173,0.15073054,Low priority
809540733,52,$80K - $120K,1,14327,92,1,1,0,0.00031821337,0.060319085,Low priority
716372358,58,Less than $40K,1,14133,124,2,1,0,0.0024641717,0.15003368,Low priority
710162133,41,$80K - $120K,1,9134,77,3,1,1,0.9979037,0.21484452,Low priority
710878308,50,Less than $40K,1,7297,71,2,1,1,0.9220286,0.1979642,Low priority
710262408,29,$80K - $120K,1,13971,116,2,1,0,0.00063371676,0.06374744,Low priority
713975433,32,Less than $40K,2,14783,110,3,1,0,0.00067315745,0.1939275,Low priority
771244383,52,Less than $40K,1,14289,113,2,1,0,0.0031640204,0.12252502,Low priority
710405808,48,Less than $40K,1,14618,100,3,1,0,0.0017132398,0.047519993,Low priority
715542783,33,Less than $40K,1,13234,92,3,1,0,0.0070043853,0.078567855,Low priority
815840283,51,Less than $40K,1,16059,124,6,1,0,0.0022973479,0.15922774,Low priority
788908308,46,$40K - $60K,2,14227,116,3,1,0,0.0051721702,0.0960844,Low priority
789394833,47,$80K - $120K,1,13270,104,2,1,0,0.0038988057,0.03086452,Low priority
712609533,32,$80K - $120K,2,13432,118,2,1,0,0.00079040363,0.044327784,Low priority
710237283,50,Less than $40K,2,14211,111,1,1,0,0.00040431536,0.13085231,Low priority
770766633,28,Less than $40K,2,14054,105,3,1,0,0.0013824676,0.060493015,Low priority
823837158,44,$40K - $60K,1,15367,123,3,1,0,0.0021854453,0.19368829,Low priority
712123008,43,$60K - $80K,2,14532,116,3,1,0,0.003282735,0.052041527,Low priority
711727083,50,$40K - $60K,2,14341,101,1,1,0,0.0007085132,0.027658483,Low priority
720033033,53,Unknown,2,13545,96,2,1,0,0.0011418565,0.058568627,Low priority
787723758,58,Less than $40K,2,14235,101,1,1,0,0.00036170398,0.0719504,Low priority
770926158,51,Less than $40K,2,13820,129,2,1,0,0.0052347304,0.034393575,Low priority
711360783,39,Less than $40K,1,15451,127,2,1,0,0.0010243338,0.1745115,Low priority
708285108,42,$40K - $60K,1,13505,116,1,1,0,0.00042480906,0.039933257,Low priority
713390433,44,$60K - $80K,2,6782,67,3,3,1,0.95291716,0.14673123,Low priority
718096608,44,Less than $40K,1,13836,113,2,1,0,0.003757123,0.03597439,Low priority
719094333,46,$80K - $120K,1,13159,105,2,1,0,0.0013663566,0.030933985,Low priority
813764283,39,$80K - $120K,2,15657,114,1,1,0,0.00046455237,0.16961342,Low priority
713398158,45,$40K - $60K,2,15005,89,2,1,0,0.025927866,0.12750149,Low priority
711227883,41,Less than $40K,2,15824,121,3,1,0,0.0018835533,0.121396475,Low priority
810040908,42,Less than $40K,1,16220,120,3,1,0,0.0023203979,0.09798014,Low priority
772640808,38,Less than $40K,2,14730,118,2,1,0,0.0013763943,0.049268853,Low priority
784907658,36,$80K - $120K,2,14463,119,1,1,0,0.0013715788,0.036992032,Low priority
794692158,43,$40K - $60K,1,15367,105,2,1,0,0.002823508,0.047299042,Low priority
718383183,51,Less than $40K,2,14397,117,1,1,0,0.0009210909,0.029789517,Low priority
721156758,52,$60K - $80K,1,13360,124,2,1,0,0.0023862408,0.08692708,Low priority
811793433,50,Unknown,2,15071,103,1,1,0,0.00031678102,0.13906595,Low priority
712010358,49,$80K - $120K,2,7567,76,3,1,1,0.9203831,0.07378724,Low priority
719420058,44,$80K - $120K,1,16605,110,2,1,0,0.001740905,0.032038238,Low priority
809459733,43,Less than $40K,2,13339,90,1,1,0,0.017128533,0.06514594,Low priority
798783858,48,$40K - $60K,2,13082,92,1,1,0,0.0020371887,0.024649238,Low priority
711432258,55,$60K - $80K,2,7914,54,4,3,1,0.9937308,0.16145696,Low priority
721294533,48,$80K - $120K,1,15143,121,1,1,0,0.0006260152,0.13400416,Low priority
718425333,45,$80K - $120K,1,14450,111,1,1,0,0.0003129525,0.041932315,Low priority
714294183,54,$80K - $120K,1,5385,51,3,2,1,0.99841,0.17250636,Low priority
714637908,47,Less than $40K,2,15445,118,2,1,0,0.0022941728,0.2026097,Low priority
712341933,39,$60K - $80K,1,13578,105,3,1,0,0.00097646285,0.03932451,Low priority
708332808,47,$40K - $60K,2,14381,115,2,1,0,0.0069685187,0.030362753,Low priority
708354858,51,$120K +,2,8192,80,4,1,1,0.8887762,0.04254369,Low priority
766649283,49,Unknown,2,13432,107,2,1,0,0.002238771,0.09893479,Low priority
817951083,58,$40K - $60K,1,14678,125,3,1,0,0.0024110302,0.077531405,Low priority
708301683,40,$80K - $120K,6,8038,90,2,3,1,0.89063907,,
713655108,60,Less than $40K,2,14220,108,3,1,0,0.0035595566,0.076457396,Low priority
714560358,53,$40K - $60K,1,13803,100,2,1,0,0.0016201154,0.015431651,Low priority
712113558,45,$80K - $120K,4,6549,75,3,3,1,0.92956406,,
710603958,49,$80K - $120K,2,14198,101,1,1,0,0.0006788151,0.047612503,Low priority
720597108,48,Less than $40K,5,8325,54,3,3,1,0.6404405,,
713810658,44,$60K - $80K,1,13152,100,2,1,0,0.0019712155,0.040575158,Low priority
721519908,29,Less than $40K,1,13306,99,2,1,0,0.00063065806,0.091808535,Low priority
712025958,42,$80K - $120K,1,14672,110,2,1,0,0.0019341129,0.04134797,Low priority
794740458,45,Less than $40K,1,14023,106,2,1,0,0.0013525088,0.13213009,Low priority
709814883,45,Less than $40K,1,15513,127,3,1,0,0.0017342203,0.1126899,Low priority
719767683,46,$80K - $120K,2,8526,79,3,1,1,0.9980781,0.12731428,Low priority
715321008,39,$120K +,6,7866,63,3,3,1,0.99172324,,
710106933,32,$80K - $120K,2,14667,119,3,1,0,0.0015976835,0.041836273,Low priority
716655858,38,$80K - $120K,1,14036,99,3,1,0,0.0034332322,0.06269174,Low priority
778260108,50,$40K - $60K,1,14351,112,2,1,0,0.0018662428,0.09629112,Low priority
713986908,50,Unknown,2,16541,126,3,1,0,0.0029348093,0.097823456,Low priority
780042633,37,Unknown,2,7432,64,2,3,1,0.9926044,0.09918754,Low priority
713269533,42,$80K - $120K,1,8847,85,3,1,1,0.95498604,0.07091221,Low priority
713868033,53,$80K - $120K,2,16373,114,2,1,0,0.004909299,0.053268574,Low priority
708103608,52,$60K - $80K,1,15798,128,5,1,0,0.008524911,0.16455969,Low priority
789684258,57,$80K - $120K,2,7842,61,3,3,1,0.9450336,0.16975936,Low priority
779067408,46,$60K - $80K,1,14280,102,3,1,0,0.0012991794,0.08029421,Low priority
712231308,60,Less than $40K,1,13849,128,1,1,0,0.00060256774,0.13012256,Low priority
761079783,40,$60K - $80K,5,7720,67,3,2,1,0.997122,,
787518258,49,$120K +,2,9192,77,3,1,1,0.99748164,0.20408368,Low priority
717631908,56,Less than $40K,5,8454,69,3,3,1,0.9955173,,
769396158,55,$80K - $120K,2,5107,53,2,2,1,0.9917692,0.111864336,Low priority
713462508,55,Unknown,1,13289,121,1,1,0,0.0005558491,0.05204615,Low priority
716717733,55,Less than $40K,2,8918,87,5,1,1,0.9914967,0.15604489,Low priority
709383933,31,$80K - $120K,2,8102,66,1,0,1,0.99260896,0.09300077,Low priority
717283008,44,Unknown,2,15225,108,1,1,0,0.0007385172,0.069713615,Low priority
793449333,54,$80K - $120K,2,15190,115,3,1,0,0.003639658,0.0743022,Low priority
710873583,58,$60K - $80K,2,14215,109,3,1,0,0.0012969051,0.041805588,Low priority
718486608,53,$120K +,2,13930,96,2,1,0,0.0008967953,0.13465147,Low priority
716748483,59,$40K - $60K,2,16208,129,2,1,0,0.003421099,0.095993824,Low priority
715113933,54,$80K - $120K,2,8165,87,3,1,1,0.91945183,0.04189871,Low priority
711160233,32,$40K - $60K,2,14551,105,3,1,0,0.0027822237,0.05386217,Low priority
715714458,48,$40K - $60K,2,8753,76,3,1,1,0.99845266,0.5043436,Test
709615458,54,$120K +,2,15034,111,1,1,0,0.0009304287,0.059405144,Low priority
719955558,32,Less than $40K,2,14436,123,2,1,0,0.006017404,0.02675087,Low priority
713072358,42,$80K - $120K,2,12878,104,1,1,0,0.00029471764,0.05245017,Low priority
721402233,42,$120K +,2,15615,125,3,1,0,0.0016275498,0.17466706,Low priority
713691633,29,Less than $40K,1,15514,123,1,1,0,0.0012493053,0.07193576,Low priority
708866133,43,$80K - $120K,2,14545,116,1,1,0,0.00040732048,0.22607183,Low priority
757256358,45,$60K - $80K,1,15710,122,3,1,0,0.0057548145,0.05033314,Low priority
784868958,56,Unknown,1,13939,138,2,1,0,0.00306999,0.027296767,Low priority
710845308,46,$80K - $120K,2,14892,113,2,1,0,0.00093322265,0.27605414,Low priority
719368533,41,Unknown,1,15785,100,3,1,0,0.0011982751,0.22196124,Low priority
718337733,50,Unknown,2,14994,121,1,1,0,0.00029131895,0.15684025,Low priority
715132758,52,$40K - $60K,2,15281,100,2,1,0,0.00083649193,0.1095806,Low priority
712556433,52,$40K - $60K,1,15497,92,2,1,0,0.0010927166,0.21413691,Low priority
718947558,32,Unknown,2,15574,115,3,1,0,0.00068475027,0.09647923,Low priority
710303208,52,Less than $40K,2,15215,121,1,1,0,0.0023618732,0.039656278,Low priority
804158583,60,Less than $40K,2,16493,122,2,1,0,0.0014721629,0.25677407,Low priority
711720408,44,Less than $40K,1,15211,129,3,1,0,0.0016927464,0.22811607,Low priority
715808808,48,Unknown,2,13614,104,6,1,0,0.0010626444,0.017298248,Low priority
715076358,57,$80K - $120K,4,8463,62,3,3,1,0.9966377,,
718343058,52,Less than $40K,1,14161,105,2,1,0,0.008699764,0.03834685,Low priority
769667583,34,$40K - $60K,2,8202,69,3,1,1,0.9845576,0.15306589,Low priority
709013208,40,$80K - $120K,2,16101,127,2,1,0,0.0006662656,0.55631953,Priority
716004258,45,$60K - $80K,1,17634,120,1,1,0,0.000289001,0.22608425,Low priority
715645908,59,$80K - $120K,5,8480,71,2,2,1,0.99926645,,
717724233,43,$80K - $120K,2,16732,116,1,1,0,0.0015412031,0.051494732,Low priority
719850933,30,$60K - $80K,1,13345,106,3,1,0,0.0016453313,0.056962576,Low priority
790131033,38,Less than $40K,2,14230,105,6,1,0,0.002218884,0.05210925,Low priority
721211433,42,$60K - $80K,2,13784,108,2,1,0,0.0035664635,0.03885502,Low priority
721290708,50,$60K - $80K,1,15554,99,3,1,0,0.005919133,0.12531878,Low priority
712107783,49,$60K - $80K,1,16132,118,2,1,0,0.001335432,0.10508583,Low priority
818960133,58,$60K - $80K,1,13120,91,3,1,0,0.0013017898,0.043850314,Low priority
713560758,54,Less than $40K,2,13392,92,2,1,0,0.0009293522,0.021214327,Low priority
718579833,39,Less than $40K,2,13674,101,2,1,0,0.00620188,0.07061081,Low priority
778643733,48,$40K - $60K,3,9140,64,2,3,1,0.94535017,,
770977833,36,Less than $40K,2,16500,102,2,1,0,0.004846341,0.20109434,Low priority
708721533,56,Less than $40K,2,13113,128,1,1,0,0.0004415706,0.07279234,Low priority
772300383,57,$40K - $60K,3,13420,122,1,1,0,0.00041029823,,
751155783,47,$40K - $60K,2,15005,118,1,1,0,0.00042066103,0.13568527,Low priority
768457008,27,$40K - $60K,2,13355,92,3,1,0,0.000666137,0.07966029,Low priority
794494308,42,$120K +,3,13781,102,4,1,0,0.0011419082,,
710980383,53,$80K - $120K,2,6361,74,2,3,1,0.9794754,0.2385745,Low priority
716663808,57,Less than $40K,3,15443,102,3,1,0,0.0033329888,,
712912233,50,Less than $40K,3,14222,122,4,1,0,0.0011239675,,
717992433,50,$80K - $120K,3,14666,101,1,1,0,0.0005579737,,
709971708,51,Unknown,3,9404,62,3,3,1,0.99685305,,
715600533,61,$80K - $120K,3,13722,124,3,1,0,0.0017399878,,
710153583,30,Less than $40K,3,9242,63,1,3,1,0.99619836,,
794132808,60,$40K - $60K,3,14585,97,3,1,0,0.00439237,,
720565458,43,$60K - $80K,2,6205,65,3,3,1,0.9968586,0.29303733,Low priority
715496058,41,Less than $40K,3,7832,73,3,3,1,0.97939795,,
709015833,42,$60K - $80K,3,12920,132,3,1,0,0.0052497275,,
718612758,36,$120K +,3,15552,107,1,1,0,0.00046555442,,
712438308,27,Unknown,2,16730,122,1,1,0,0.0017142352,0.15230836,Low priority
716238483,59,$80K - $120K,3,9138,76,2,1,1,0.9734273,,
718297683,59,Less than $40K,1,7597,71,0,1,1,0.98560935,0.124830596,Low priority
712206033,55,$40K - $60K,2,16089,119,1,1,0,0.00033396162,0.25545654,Low priority
710904708,56,Less than $40K,3,15048,110,1,1,0,0.0007897091,,
711190233,34,$40K - $60K,3,13804,123,2,1,0,0.0013846132,,
710535708,49,$80K - $120K,2,14256,118,3,1,0,0.0016699487,0.1239579,Low priority
794573883,32,$40K - $60K,3,15305,111,3,1,0,0.0020129948,,
719118708,49,Less than $40K,2,9202,80,2,1,1,0.99112415,0.18491846,Low priority
790201158,60,Less than $40K,2,13609,108,2,1,0,0.0029115248,0.020076081,Low priority
779333883,51,Less than $40K,3,8078,62,3,3,1,0.9920495,,
719805183,39,Less than $40K,3,15352,117,3,1,0,0.004993776,,
721220583,54,$40K - $60K,3,17390,130,1,1,0,0.0004052951,,
779685558,53,$120K +,2,15290,123,4,1,0,0.0015445198,0.07236501,Low priority
713965683,35,$80K - $120K,3,17258,121,1,1,0,0.0010967577,,
710667708,47,$60K - $80K,3,14018,128,3,1,0,0.0015558212,,
718979733,52,$60K - $80K,2,16258,115,3,1,0,0.0015941376,0.0648331,Low priority
712104333,57,Less than $40K,2,14401,100,2,1,0,0.0012204279,0.050069697,Low priority
793560033,47,Unknown,2,16369,125,2,1,0,0.0032186315,0.07346253,Low priority
779920533,54,Less than $40K,3,15199,96,3,1,0,0.0062824767,,
717480783,39,$80K - $120K,3,15152,100,1,1,0,0.00017206861,,
709066983,50,$120K +,2,15214,129,2,1,0,0.0009936094,0.185309,Low priority
718528008,60,Less than $40K,2,14432,106,3,1,0,0.0024089874,0.04303462,Low priority
712390683,41,$40K - $60K,2,15573,99,3,1,0,0.0015014731,0.13646762,Low priority
826245858,50,$80K - $120K,3,7661,79,4,2,1,0.99173355,,
712966458,51,$80K - $120K,3,14807,115,2,1,0,0.0041396455,,
709467183,56,$60K - $80K,3,15162,99,3,1,0,0.002854021,,
710529708,41,$60K - $80K,3,15140,105,3,1,0,0.004888587,,
789817833,44,Less than $40K,3,6793,60,3,3,1,0.9810042,,
712363158,36,$60K - $80K,3,14732,115,2,1,0,0.0016037793,,
717060858,31,Less than $40K,3,8123,71,2,0,1,0.9585686,,
718060983,49,Less than $40K,2,14037,120,3,1,0,0.0017614714,0.05008336,Low priority
711600033,40,Less than $40K,2,14364,108,1,1,0,0.000286646,0.16508646,Low priority
709910733,49,Unknown,2,13174,86,3,1,0,0.030711325,0.076906785,Low priority
757291008,46,$80K - $120K,3,8964,76,3,1,1,0.9977018,,
819376683,54,$80K - $120K,2,15130,102,3,1,0,0.0015816198,0.19419424,Low priority
720458883,29,$60K - $80K,3,14524,106,2,1,0,0.0017499676,,
708963258,46,$60K - $80K,3,8534,86,3,1,1,0.7560934,,
711746133,50,$120K +,4,9220,81,3,3,1,0.9971727,,
715249533,49,Unknown,3,13992,103,2,1,0,0.0039223297,,
708522033,50,$60K - $80K,2,15060,90,2,1,0,0.039195772,0.16596398,Low priority
708496833,60,Less than $40K,4,8970,78,4,3,1,0.998453,,
717464958,55,Less than $40K,3,14475,111,2,1,0,0.0023992588,,
751166508,57,$80K - $120K,3,14287,114,1,1,0,0.0003742563,,
795218883,47,$60K - $80K,2,15312,122,3,1,0,0.0011566107,0.26733375,Low priority
710856558,45,Less than $40K,2,13989,105,3,1,0,0.002682687,0.030396951,Low priority
721107258,45,Less than $40K,2,14192,115,2,1,0,0.0012162819,0.11971305,Low priority
716457783,55,Less than $40K,3,14378,98,1,1,0,0.0002425837,,
710810883,39,$80K - $120K,3,14576,95,1,1,0,0.0005333641,,
710895708,35,Less than $40K,2,7712,73,3,1,1,0.9672423,0.15937334,Low priority
789200208,40,Unknown,2,13583,110,3,1,0,0.0013225973,0.028174508,Low priority
718578708,49,$120K +,3,14212,100,3,1,0,0.0015158975,,
719859033,32,$40K - $60K,2,6439,63,2,3,1,0.98608637,0.19957188,Low priority
713036208,46,$40K - $60K,2,15751,107,2,1,0,0.00460724,0.06803484,Low priority
771769383,42,Less than $40K,2,14792,120,3,1,0,0.009017024,0.0616305,Low priority
718316058,51,$60K - $80K,3,14826,99,3,1,0,0.0025870292,,
710155983,52,$40K - $60K,3,8585,62,3,3,1,0.9986337,,
779571708,43,$60K - $80K,1,7993,71,2,1,1,0.9879888,0.17937587,Low priority
718042383,38,$40K - $60K,3,15108,118,3,1,0,0.0009142987,,
710244108,44,$60K - $80K,3,13967,101,1,1,0,0.00021030838,,
806649333,47,Unknown,3,13977,127,3,1,0,0.0013748837,,
789280683,56,$120K +,2,13956,122,2,1,0,0.0018996177,0.10377558,Low priority
713318733,32,$60K - $80K,3,8376,64,2,3,1,0.9939091,,
709611183,41,Less than $40K,3,8241,82,3,1,1,0.9890048,,
712441308,41,Unknown,2,9865,65,2,1,1,0.9940183,0.23069015,Low priority
709315383,31,Unknown,3,13575,108,3,1,0,0.0029912314,,
710141208,45,Less than $40K,3,13300,104,3,1,0,0.0016034746,,
711684408,50,Less than $40K,2,8527,84,3,1,1,0.88980705,0.03023946,Low priority
758331483,31,$60K - $80K,2,15347,109,2,1,0,0.0049116453,0.021563308,Low priority
715825458,47,$80K - $120K,3,6564,56,3,2,1,0.96359456,,
708248358,42,$60K - $80K,3,14863,109,1,1,0,0.0005647921,,
779808333,48,Less than $40K,2,15530,110,1,1,0,0.00032670447,0.10561559,Low priority
715989108,52,$80K - $120K,3,12841,100,3,1,0,0.0017656089,,
714912408,45,$80K - $120K,3,14917,88,1,1,0,0.00863261,,
827683383,48,Less than $40K,3,16027,112,2,1,0,0.004323633,,
719595708,53,Unknown,3,15212,124,1,1,0,0.0006158069,,
711566208,58,Less than $40K,2,14111,98,2,1,0,0.0011094143,0.12478496,Low priority
711161133,36,Less than $40K,2,9338,59,3,1,1,0.9988029,0.29148775,Low priority
715052583,45,$60K - $80K,3,14375,112,3,1,0,0.0020628143,,
714586458,41,Less than $40K,2,16377,124,3,1,0,0.0009924084,0.19876918,Low priority
711523533,43,$60K - $80K,3,14781,130,3,1,0,0.0018489839,,
756658083,49,$80K - $120K,3,17350,115,2,1,0,0.0023472202,,
709247808,53,Less than $40K,2,14205,102,2,1,0,0.005981322,0.06843414,Low priority
713242383,39,$120K +,2,7721,75,1,1,1,0.9441512,0.051858947,Low priority
717135333,50,Unknown,3,13204,97,2,1,0,0.001331722,,
716150358,38,Less than $40K,3,14805,115,2,1,0,0.0010255631,,
717457008,43,$40K - $60K,3,7991,90,3,1,1,0.9787811,,
711822933,55,$40K - $60K,2,14187,103,3,1,0,0.002236744,0.050841045,Low priority
803968233,39,Less than $40K,3,13377,114,3,1,0,0.0041606966,,
779037408,38,$40K - $60K,2,14637,109,3,1,0,0.001569502,0.13753247,Low priority
709007883,37,Less than $40K,2,14540,104,2,1,0,0.0010818652,0.097877234,Low priority
714635883,48,Less than $40K,3,14881,109,3,1,0,0.0009571379,,
779914383,34,$60K - $80K,3,14719,116,2,1,0,0.0009433406,,
712841883,50,$80K - $120K,3,7155,66,3,3,1,0.9584839,,
719582058,41,$80K - $120K,2,9102,75,2,1,1,0.96575123,0.37072885,Low priority
708387933,49,Less than $40K,2,14357,110,1,1,0,0.00070632517,0.16117267,Low priority
717251508,37,$120K +,1,14127,116,1,1,0,0.011186862,0.050505914,Low priority
710699283,46,$120K +,1,14567,131,1,1,0,0.00031102952,0.03520485,Low priority
709141908,53,$80K - $120K,2,16359,111,3,1,0,0.013099123,0.14319134,Low priority
720356133,48,Unknown,2,14812,101,3,1,0,0.0014389395,0.07164911,Low priority
717788958,31,$80K - $120K,1,16464,103,1,1,0,0.0022192365,0.20808038,Low priority
778563858,40,Less than $40K,1,14512,115,1,1,0,0.00028324695,0.19116667,Low priority
711096633,37,Less than $40K,5,8600,94,2,3,1,0.98384815,,
716816583,61,$60K - $80K,1,14463,94,3,1,0,0.0011400502,0.095838435,Low priority
719841708,45,$80K - $120K,1,15180,121,4,1,0,0.0010910544,0.091287665,Low priority
708555633,32,Less than $40K,2,15157,97,3,1,0,0.002779525,0.027133504,Low priority
714638883,31,$40K - $60K,2,14257,110,3,1,0,0.008516133,0.046233464,Low priority
809147283,43,Less than $40K,2,15058,109,2,1,0,0.0018891357,0.32549033,Low priority
708197358,57,$80K - $120K,4,7784,63,1,3,1,0.99107695,,
757247808,42,Less than $40K,2,9495,61,4,0,1,0.9967781,0.32231992,Low priority
820922733,43,$80K - $120K,2,14160,124,1,1,0,0.0008605837,0.14359781,Low priority
807977808,39,Less than $40K,1,13671,103,3,1,0,0.0021620926,0.12894388,Low priority
712863183,46,$40K - $60K,2,13819,114,3,1,0,0.0050858967,0.044986024,Low priority
778825908,43,Less than $40K,1,14321,113,1,1,0,0.0006034551,0.018251209,Low priority
713379258,32,Less than $40K,1,15925,100,1,1,0,0.00031140278,0.29327142,Low priority
710232483,49,Unknown,2,16908,122,3,1,0,0.0015135853,0.29272276,Low priority
710170758,32,$60K - $80K,6,8314,67,2,0,1,0.96216446,,
803421108,49,$80K - $120K,1,14374,113,2,1,0,0.018876923,0.02480075,Low priority
792152283,54,$120K +,1,14378,103,3,1,0,0.00933608,0.052896068,Low priority
717291333,38,$80K - $120K,2,15110,113,2,1,0,0.0030248784,0.34977087,Low priority
714928158,60,$80K - $120K,1,13434,102,2,1,0,0.0034886887,0.027968014,Low priority
780511683,47,$40K - $60K,4,7869,76,3,3,1,0.9475581,,
772491333,31,Less than $40K,2,14738,94,1,1,0,0.0002876354,0.24722287,Low priority
719847108,52,$40K - $60K,4,8124,73,3,3,1,0.9749741,,
808045833,49,Less than $40K,2,15860,105,3,1,0,0.00612706,0.106839724,Low priority
708385533,49,Less than $40K,2,9524,80,3,1,1,0.9951037,0.19617163,Low priority
770205708,31,Less than $40K,2,15495,112,3,1,0,0.002133117,0.08228897,Low priority
719379858,39,$80K - $120K,2,8549,73,2,1,1,0.9972811,0.31470746,Low priority
709657533,44,$120K +,2,8260,54,3,2,1,0.99492186,0.10260628,Low priority
798788958,32,$80K - $120K,2,14471,93,3,1,0,0.00063001766,0.119855285,Low priority
720011958,57,$60K - $80K,2,15763,97,3,1,0,0.0043007988,0.1980189,Low priority
708982158,48,Less than $40K,2,14802,106,2,1,0,0.0010580906,0.102408014,Low priority
710803983,44,$80K - $120K,2,14220,95,3,1,0,0.0044466276,0.05339439,Low priority
719768658,31,Unknown,2,14544,104,3,1,0,0.00045230615,0.027533328,Low priority
711355908,44,Unknown,2,12042,117,3,1,0,0.0061269086,0.061373957,Low priority
813153108,49,$80K - $120K,2,14565,108,3,1,0,0.002292641,0.27488598,Low priority
712487883,54,$80K - $120K,2,9071,74,1,1,1,0.9897091,0.18786985,Low priority
753220383,29,$120K +,2,8302,78,2,1,1,0.95198023,0.13186356,Low priority
708340758,41,Less than $40K,2,8109,74,3,1,1,0.9923522,0.10034232,Low priority
720852108,46,$120K +,2,16695,116,3,1,0,0.0012839742,0.06713268,Low priority
716728233,47,Less than $40K,1,14178,123,3,1,0,0.0015529025,0.069258235,Low priority
711863433,30,Less than $40K,1,15670,116,3,1,0,0.0011887199,0.05364466,Low priority
779422458,31,Less than $40K,2,16339,120,2,1,0,0.0015100922,0.031233089,Low priority
715573758,43,$120K +,1,15226,113,2,1,0,0.004120116,0.03707403,Low priority
794530608,52,$80K - $120K,2,13264,120,2,1,0,0.0039248737,0.03821576,Low priority
718376583,52,$80K - $120K,4,5806,40,3,2,1,0.9981134,,
720827133,43,Less than $40K,1,8132,64,2,1,1,0.9952618,0.16818254,Low priority
767414808,57,Less than $40K,2,15017,120,3,1,0,0.0016512971,0.084530935,Low priority
718919433,52,Less than $40K,2,14973,112,3,1,0,0.002782843,0.060765605,Low priority
708694983,55,Less than $40K,1,14750,96,2,1,0,0.00087257416,0.048210137,Low priority
719270358,57,$40K - $60K,2,15505,113,2,1,0,0.0010343529,0.21547759,Low priority
708948483,54,$80K - $120K,2,8444,68,3,1,1,0.9744382,0.3441063,Low priority
708462258,51,Less than $40K,1,16563,94,1,1,0,0.0003938032,0.25916702,Low priority
716721483,59,$40K - $60K,1,8696,72,2,1,1,0.96917266,0.17830248,Low priority
799011558,43,$120K +,1,15740,120,2,1,0,0.0013135637,0.12979801,Low priority
710697408,41,Less than $40K,2,15471,115,1,1,0,0.001276739,0.13657378,Low priority
710527533,45,$40K - $60K,4,8586,58,3,3,1,0.99789447,,
709996833,31,Less than $40K,6,7528,70,3,2,1,0.9961067,,
718531983,51,$80K - $120K,1,13810,124,3,1,0,0.0015737421,0.06560029,Low priority
715554708,53,$120K +,2,14949,114,1,1,0,0.0002862195,0.15824537,Low priority
718774533,48,$60K - $80K,2,15053,111,3,1,0,0.0021339466,0.097397044,Low priority
712337208,59,Unknown,2,13647,93,3,1,0,0.0011972659,0.06690281,Low priority
714022833,42,$40K - $60K,4,5977,58,3,2,1,0.9988368,,
710026458,34,$40K - $60K,2,12575,99,2,1,0,0.0035214098,0.034001984,Low priority
710178558,46,$60K - $80K,5,9314,89,3,3,1,0.99527645,,
768712383,51,$120K +,6,8173,91,3,3,1,0.99522024,,
711156858,48,Less than $40K,1,9819,74,4,1,1,0.99609727,0.15754034,Low priority
719799033,52,$80K - $120K,2,14330,116,1,1,0,0.0014186612,0.05963531,Low priority
720788883,58,Unknown,1,15886,118,2,1,0,0.0031251516,0.06894402,Low priority
710306358,38,$40K - $60K,1,7995,56,1,1,1,0.9647968,0.19891407,Low priority
758617233,56,Less than $40K,3,14781,108,3,1,0,0.0013608154,,
720163458,38,$120K +,4,14521,109,2,1,0,0.0012967008,,
708482658,41,$80K - $120K,3,15594,114,2,1,0,0.0010461056,,
826148883,45,$120K +,4,14762,108,3,1,0,0.0018328426,,
779055033,43,Less than $40K,1,8104,64,2,1,1,0.9806159,0.12088067,Low priority
713118183,31,$40K - $60K,5,13117,108,1,1,0,0.0004747882,,
714103083,47,$40K - $60K,6,14649,110,3,1,0,0.0022547804,,
714145233,34,$80K - $120K,1,5112,49,2,2,1,0.9948001,0.08098977,Low priority
719547033,40,$80K - $120K,1,7957,60,3,2,1,0.9993917,0.2665966,Low priority
720899058,35,$80K - $120K,6,13604,116,2,1,0,0.0026243762,,
789432033,32,Less than $40K,1,7844,64,2,1,1,0.99159086,0.21585004,Low priority
717214158,41,$40K - $60K,5,15475,94,3,1,0,0.010242055,,
715269483,50,$120K +,4,15473,128,1,1,0,0.00077746896,,
718805733,39,$40K - $60K,3,13937,120,1,1,0,0.0017338085,,
789780033,33,$80K - $120K,6,14202,114,2,1,0,0.0021594083,,
716482533,48,Less than $40K,2,14893,98,1,1,0,0.0007286265,0.077340364,Low priority
708319908,37,$80K - $120K,1,8667,70,1,1,1,0.96967524,0.4210389,Test
711663858,28,Unknown,4,15862,127,3,1,0,0.0012461132,,
716894658,49,Less than $40K,5,16824,123,2,1,0,0.0010862609,,
714082308,39,$80K - $120K,2,8056,89,1,1,1,0.9842551,0.06904677,Low priority
708082083,45,Less than $40K,4,15149,111,3,1,0,0.0023612024,,
714820158,29,$40K - $60K,6,10211,68,3,3,1,0.9973857,,
713347608,54,Less than $40K,2,9442,69,3,1,1,0.9978429,0.23733176,Low priority
721395633,53,$80K - $120K,5,15063,108,3,1,0,0.0018426935,,
721438233,39,$40K - $60K,6,15580,120,3,1,0,0.0018480222,,
713987808,43,Less than $40K,4,14970,120,2,1,0,0.0020897873,,
721086483,27,Less than $40K,3,13563,97,3,1,0,0.0014081367,,
709969758,43,$60K - $80K,4,13966,115,3,1,0,0.002506542,,
801502008,37,$60K - $80K,5,14287,106,1,1,0,0.00026269778,,
819051183,47,Unknown,4,16207,114,1,1,0,0.0005440219,,
710858658,48,Less than $40K,2,15050,108,1,1,0,0.0008618096,0.46649727,Test
716002458,43,$40K - $60K,1,15691,126,1,1,0,0.0029522046,0.041791577,Low priority
718080558,41,Less than $40K,6,8798,67,3,3,1,0.99887294,,
788019483,49,$80K - $120K,4,14515,122,1,1,0,0.0014389374,,
716151858,46,$80K - $120K,5,15372,97,1,1,0,0.0003385478,,
717241233,60,Less than $40K,3,14112,123,3,1,0,0.0015871472,,
713880633,53,$60K - $80K,2,8883,83,2,1,1,0.8929914,0.063694306,Low priority
712374708,28,Unknown,2,14049,120,2,1,0,0.003325091,0.09296816,Low priority
721145433,52,Less than $40K,3,16237,128,2,1,0,0.0012748544,,
711398433,38,$60K - $80K,4,16736,99,3,1,0,0.0008670638,,
715601808,50,$120K +,4,16692,131,2,1,0,0.004583481,,
717324183,31,Less than $40K,3,14769,119,1,1,0,0.00034632147,,
720557883,35,Less than $40K,5,15240,102,2,1,0,0.001088034,,
708759408,48,$40K - $60K,6,15124,108,3,1,0,0.016779454,,
719430483,51,$120K +,3,14145,119,3,1,0,0.0017191939,,
758753283,52,$120K +,1,7341,71,3,1,1,0.97952616,0.1556763,Low priority
716933283,52,$60K - $80K,4,14738,116,1,1,0,0.00024039864,,
773172483,30,$40K - $60K,6,7463,70,2,3,1,0.9872984,,
721459008,36,$120K +,4,14885,101,1,1,0,0.00028494006,,
710639658,29,$60K - $80K,6,9658,78,1,3,1,0.9899865,,
710710233,58,$120K +,4,15560,100,2,1,0,0.0044743656,,
708996708,55,$80K - $120K,3,15584,105,1,1,0,0.00031981678,,
713315433,61,$60K - $80K,4,15802,118,1,1,0,0.0016095527,,
712941483,51,$40K - $60K,1,6826,61,3,3,1,0.9920025,0.17223392,Low priority
789890958,53,$40K - $60K,3,16230,111,1,1,0,0.0010875283,,
714757083,44,$60K - $80K,1,8765,84,2,1,1,0.96975255,0.09038559,Low priority
789237333,47,$60K - $80K,4,15041,102,2,1,0,0.0031197565,,
714949758,51,Unknown,3,16712,123,1,1,0,0.0005248081,,
714136233,53,$120K +,5,8417,72,2,3,1,0.9926362,,
778888083,45,$40K - $60K,6,8697,62,2,3,1,0.9968015,,
710923533,38,$120K +,3,15611,127,2,1,0,0.0042107506,,
709385133,42,Unknown,4,15572,113,3,1,0,0.0028899356,,
716836308,29,Less than $40K,4,14791,124,3,1,0,0.0010897544,,
720633558,37,Less than $40K,3,14786,101,3,1,0,0.0010438478,,
712846458,45,$80K - $120K,5,14709,125,3,1,0,0.0020030646,,
709399908,34,$40K - $60K,4,15026,99,2,1,0,0.0011262419,,
772698783,50,Less than $40K,3,13988,124,2,1,0,0.001573432,,
718665033,44,$60K - $80K,2,8177,76,3,1,1,0.97189325,0.0508485,Low priority
771561183,42,$40K - $60K,6,7464,66,3,3,1,0.98567283,,
789008508,44,$80K - $120K,2,13999,119,1,1,0,0.00028852088,0.068363845,Low priority
719439108,42,$40K - $60K,3,14728,100,3,1,0,0.0038420074,,
720817533,54,$120K +,4,15559,91,1,1,0,0.0015944169,,
813901458,60,$60K - $80K,5,14954,95,5,1,0,0.004655055,,
717783483,47,Less than $40K,4,17038,122,1,1,0,0.0004370787,,
718299933,42,$40K - $60K,3,15903,100,3,1,0,0.0034483005,,
789074358,46,$60K - $80K,2,16856,122,2,1,0,0.0048531946,0.09211149,Low priority
712036383,49,$60K - $80K,6,9980,68,3,3,1,0.99888974,,
720618033,43,$40K - $60K,1,14829,90,3,1,0,0.10083579,0.23133335,Low priority
720415833,47,$60K - $80K,3,14751,107,5,1,0,0.00094320084,,
720385608,45,$80K - $120K,2,14314,99,1,1,0,0.00036314633,0.0657411,Low priority
709937583,45,Unknown,4,14220,108,3,1,0,0.0015291964,,
770743983,34,$40K - $60K,1,15683,94,2,1,0,0.0022905304,0.3536713,Low priority
715671183,43,$80K - $120K,6,9045,67,3,2,1,0.9982352,,
711283008,50,$80K - $120K,4,16019,105,5,1,0,0.0034205364,,
778873608,44,$80K - $120K,3,14335,116,1,1,0,0.00016678918,,
709592808,38,Less than $40K,5,14470,103,3,1,0,0.0010388987,,
773306658,54,$60K - $80K,4,15678,103,5,1,0,0.008602057,,
822084333,51,$80K - $120K,2,8219,84,4,1,1,0.878024,0.05996187,Low priority
708821733,43,$40K - $60K,2,8301,70,3,2,1,0.99071115,0.104682595,Low priority
711070683,48,$40K - $60K,4,13891,106,1,1,0,0.0010410243,,
772596783,31,Less than $40K,3,15442,125,2,1,0,0.001120578,,
806917983,32,Unknown,2,15200,126,3,1,0,0.0011253582,0.021396626,Low priority
719329983,42,Unknown,6,13784,88,1,1,0,0.038718306,,
710190858,28,$40K - $60K,5,13804,110,2,1,0,0.0027474666,,
708880683,49,$40K - $60K,4,13697,102,3,1,0,0.0036290768,,
709332408,44,Less than $40K,3,13517,106,3,1,0,0.0015360116,,
710751033,31,Less than $40K,1,8286,65,1,1,1,0.99735236,0.11960292,Low priority
710679933,59,$80K - $120K,2,8660,58,5,2,1,0.99922884,0.2241782,Low priority
710849208,47,$120K +,3,14738,113,3,1,0,0.0019150632,,
710056758,51,$40K - $60K,2,15635,116,2,1,0,0.0015853356,0.202875,Low priority
713520858,53,Less than $40K,3,16023,119,3,1,0,0.0016116535,,
714710733,51,$80K - $120K,4,16557,120,1,1,0,0.0009011058,,
766769058,51,$40K - $60K,3,15817,121,3,1,0,0.0016542759,,
716990883,38,$80K - $120K,5,15260,115,1,1,0,0.000896971,,
718298733,40,$80K - $120K,3,14134,85,3,1,0,0.14301199,,
717174558,57,Less than $40K,2,7733,81,3,1,1,0.9038376,0.13625135,Low priority
714543633,45,Less than $40K,1,8024,78,2,1,1,0.91130966,0.044763416,Low priority
715756683,50,$80K - $120K,3,15237,111,2,1,0,0.0049383626,,
719400108,53,$80K - $120K,4,14319,124,3,1,0,0.004088994,,
710463408,47,$80K - $120K,3,15627,104,2,1,0,0.0013466668,,
708245808,35,$60K - $80K,4,13908,124,1,1,0,0.00059514405,,
799253808,42,$80K - $120K,5,13845,120,2,1,0,0.0011654089,,
716552433,40,Less than $40K,4,15926,117,1,1,0,0.00039111826,,
720995583,48,$60K - $80K,3,15054,110,2,1,0,0.0010407993,,
780118158,27,Less than $40K,2,15656,124,2,1,0,0.0019000527,0.05750072,Low priority
713668158,31,Unknown,2,9212,71,3,1,1,0.9986124,0.40985072,Low priority
709249083,40,$60K - $80K,4,8672,64,2,3,1,0.9982722,,
717081483,37,$80K - $120K,3,16606,96,2,1,0,0.00091681024,,
718455633,60,Unknown,4,16328,124,3,1,0,0.006773465,,
708974283,50,$60K - $80K,5,15427,95,1,1,0,0.0007079287,,
713399583,49,$80K - $120K,2,8636,74,3,1,1,0.98711514,0.23735662,Low priority
713293983,52,$60K - $80K,5,15313,91,3,1,0,0.0063311807,,
714785508,49,$80K - $120K,4,15154,99,3,1,0,0.0026991537,,
827318958,49,Less than $40K,5,14261,99,3,1,0,0.0016170356,,
718496283,42,Unknown,6,15998,121,2,1,0,0.0012962001,,
709608708,29,$60K - $80K,5,9451,79,1,0,1,0.98354244,,
710939283,45,$40K - $60K,3,16078,105,2,1,0,0.0020117585,,
770824833,32,$40K - $60K,2,16236,94,3,1,0,0.0021386468,0.07542682,Low priority
779082633,30,$60K - $80K,3,14596,104,2,1,0,0.0027251432,,
720515883,57,Less than $40K,4,16469,115,3,1,0,0.004081213,,
747885858,39,Less than $40K,5,14571,91,3,1,0,0.004496832,,
779140533,49,$120K +,3,15195,121,6,1,0,0.0014325073,,
716619558,38,Less than $40K,4,16401,119,3,1,0,0.0009569538,,
788633733,36,$60K - $80K,4,16258,108,3,1,0,0.0008080066,,
715291908,31,$40K - $60K,3,13988,92,1,1,0,0.00022240788,,
709977933,52,$80K - $120K,2,8517,60,3,2,1,0.99841666,0.1585428,Low priority
716454858,35,Less than $40K,6,14257,94,1,1,0,0.0008532318,,
720539583,46,$60K - $80K,4,14103,96,1,1,0,0.00038437877,,
739021908,56,$40K - $60K,3,13222,112,3,1,0,0.0047373404,,
711289533,39,$80K - $120K,5,14043,117,3,1,0,0.0010053124,,
716464533,32,Less than $40K,4,13783,116,3,1,0,0.0063645267,,
710590683,33,$120K +,3,7729,82,3,3,1,0.9458346,,
710081208,52,$120K +,4,7886,64,3,3,1,0.9749508,,
717482658,55,$80K - $120K,3,14485,106,2,1,0,0.0031564017,,
712246983,50,$80K - $120K,2,15338,121,2,1,0,0.003195714,0.12844093,Low priority
711460458,44,$40K - $60K,5,10583,75,2,3,1,0.99612314,,
713159133,32,Less than $40K,4,13785,117,2,1,0,0.0008626718,,
710047533,51,$80K - $120K,4,8614,63,3,3,1,0.99515617,,
716708583,54,$120K +,2,7667,68,3,2,1,0.9866853,0.3664506,Low priority
712766208,45,$120K +,4,8603,84,2,3,1,0.91052336,,
715150983,44,Unknown,2,8898,60,3,1,1,0.9994808,0.119853474,Low priority
717991533,44,$40K - $60K,3,16461,105,3,1,0,0.0028270937,,
797641683,40,$80K - $120K,4,16256,111,3,1,0,0.0011044823,,
714879483,39,$80K - $120K,1,7773,64,3,1,1,0.9929696,0.21596217,Low priority
720105933,48,$40K - $60K,3,15243,107,5,1,0,0.002860968,,
804670758,48,Unknown,4,15903,121,3,1,0,0.0017114589,,
818987958,43,$40K - $60K,5,14662,125,1,1,0,0.001029541,,
824160333,56,$120K +,6,15399,116,2,1,0,0.0014227675,,
714919308,32,Less than $40K,5,8620,67,3,3,1,0.9983777,,
717928308,40,Less than $40K,5,15772,130,2,1,0,0.0010328478,,
788890533,54,$80K - $120K,4,13756,106,1,1,0,0.00029258154,,
779692608,36,$60K - $80K,6,15097,115,3,1,0,0.0050819074,,
717774333,48,$60K - $80K,1,5189,57,2,2,1,0.9837286,0.25627878,Low priority
718140783,47,$60K - $80K,4,18484,108,5,1,0,0.0010328292,,
714465558,41,$120K +,3,15033,98,1,1,0,0.0012729148,,
804431283,57,Less than $40K,5,14651,120,1,1,0,0.00054250803,,
715199808,39,Unknown,6,15335,99,3,1,0,0.0018115988,,
759584958,51,Unknown,4,10156,72,2,1,1,0.98753476,,
758802333,40,$120K +,3,14641,117,1,1,0,0.00022926043,,
720237408,59,$80K - $120K,4,15004,117,2,1,0,0.004174375,,
713787333,46,Less than $40K,5,14731,113,1,1,0,0.00022712175,,
709660233,52,$80K - $120K,1,7775,63,2,0,1,0.9696416,0.06608251,Low priority
721005108,41,$40K - $60K,3,14994,104,2,1,0,0.001779056,,
809589783,41,$40K - $60K,3,13969,120,3,1,0,0.0023125592,,
712627083,38,$80K - $120K,5,9867,78,2,3,1,0.99846315,,
778444908,57,$120K +,4,16392,116,2,1,0,0.00087027415,,
711433908,41,Less than $40K,1,9061,51,2,3,1,0.9956026,0.18280193,Low priority
768728508,45,Less than $40K,6,14209,103,3,1,0,0.0021047185,,
789937683,37,$40K - $60K,4,15559,120,1,1,0,0.0011398797,,
711788583,61,Less than $40K,3,15075,124,2,1,0,0.0009780141,,
819196158,49,Less than $40K,5,15013,116,2,1,0,0.0052650487,,
710207208,31,Less than $40K,3,13148,121,1,1,0,0.0030526593,,
713994108,40,$60K - $80K,3,15851,128,1,1,0,0.00031303457,,
712509108,46,Less than $40K,1,8356,68,3,2,1,0.995169,0.10516774,Low priority
711745233,30,Unknown,1,9351,69,2,1,1,0.994447,0.5523095,Test
778745058,50,$80K - $120K,2,15059,118,2,1,0,0.0049781087,0.4099478,Low priority
721455558,56,$60K - $80K,1,14713,104,3,1,0,0.001386932,0.06665088,Low priority
710721858,46,$40K - $60K,2,8246,59,3,2,1,0.99634403,0.14106409,Low priority
769206483,58,$120K +,3,13986,97,3,1,0,0.0019664387,,
769587258,38,$60K - $80K,4,15240,126,2,1,0,0.00073658506,,
712080333,46,$120K +,3,16252,112,2,1,0,0.0012992339,,
712457208,58,$80K - $120K,6,8100,77,3,3,1,0.9820961,,
719934783,43,$80K - $120K,4,14651,105,2,1,0,0.002307427,,
709589208,53,$60K - $80K,3,14409,83,1,1,0,0.052293267,,
714860808,59,Less than $40K,5,15709,93,3,1,0,0.0019755748,,
713934633,40,Less than $40K,2,8935,87,3,1,1,0.63792557,0.0859718,Low priority
773185833,49,$60K - $80K,3,15095,102,1,1,0,0.0016353179,,
715923408,30,Less than $40K,4,14999,110,2,1,0,0.001108284,,
778956033,51,$80K - $120K,3,15151,104,2,1,0,0.0033657055,,
712260633,47,Unknown,4,13643,94,1,1,0,0.0016663665,,
714945708,33,$40K - $60K,2,7745,64,1,3,1,0.97229755,0.10656845,Low priority
720971358,59,$80K - $120K,5,14838,110,3,1,0,0.0013983978,,
719701383,44,$60K - $80K,4,14304,99,3,1,0,0.0050863796,,
764316708,30,Less than $40K,3,16423,109,2,1,0,0.0012137688,,
715545933,43,$120K +,6,14268,99,2,1,0,0.0013168663,,
714524583,56,$80K - $120K,1,9441,82,3,1,1,0.9157275,0.07337022,Low priority
780079833,43,$60K - $80K,3,14728,126,3,1,0,0.0017662435,,
714199008,50,$120K +,6,6100,61,2,3,1,0.9955289,,
719941533,32,Less than $40K,3,16266,124,1,1,0,0.0009607217,,
715544883,39,Less than $40K,4,13703,99,3,1,0,0.0022461966,,
710122458,38,$60K - $80K,5,15311,108,3,1,0,0.00046891283,,
713833233,49,$80K - $120K,3,15134,124,3,1,0,0.0013545732,,
719326758,52,Less than $40K,4,9226,85,3,1,1,0.98289204,,
711686658,48,$80K - $120K,6,16579,109,2,1,0,0.0012634498,,
708964683,48,Unknown,3,14542,89,2,1,0,0.082139336,,
718840833,49,$40K - $60K,1,9610,76,3,1,1,0.9965984,0.43359277,Test
797228883,46,$40K - $60K,3,14340,114,3,1,0,0.0016171496,,
709566408,40,Less than $40K,5,9640,70,3,2,1,0.9997526,,
780097533,48,$80K - $120K,4,15148,111,1,1,0,0.00091639796,,
715020933,44,Unknown,4,9360,67,3,3,1,0.99862134,,
711149133,30,Unknown,4,8759,74,1,0,1,0.9934534,,
716832858,46,$60K - $80K,1,7412,60,2,2,1,0.9893974,0.2082847,Low priority
715154058,49,Less than $40K,1,9274,65,3,1,1,0.99442405,0.31783786,Low priority
789497283,50,$120K +,1,7572,56,3,1,1,0.98593605,0.10733745,Low priority
711834708,55,$80K - $120K,4,16191,102,2,1,0,0.0043242406,,
785038908,43,Less than $40K,3,17119,124,1,1,0,0.0004553821,,
720001758,42,Less than $40K,5,13588,94,1,1,0,0.00048901595,,
778428108,36,Less than $40K,6,17437,113,5,1,0,0.0006569852,,
715268508,42,$40K - $60K,3,14840,125,2,1,0,0.0025998978,,
788741733,53,Less than $40K,4,14614,106,2,1,0,0.0011450502,,
717355533,56,$120K +,3,13759,120,1,1,0,0.00038011622,,
712128258,49,Less than $40K,5,15872,116,3,1,0,0.0036858472,,
735825258,39,Less than $40K,4,15467,112,1,1,0,0.00033727274,,
714544908,56,$60K - $80K,6,8979,68,3,3,1,0.9987613,,
818712633,41,Less than $40K,4,16100,119,6,1,0,0.0013443308,,
709831983,57,$120K +,3,15176,126,2,1,0,0.0013794282,,
789398733,56,$120K +,3,16179,105,3,1,0,0.0016659304,,
716850558,48,$60K - $80K,5,15279,122,1,1,0,0.00022300433,,
717316008,38,$120K +,6,14977,117,2,1,0,0.004107937,,
714677583,50,Unknown,4,8757,68,3,3,1,0.9993556,,
767348733,56,$60K - $80K,3,15865,105,3,1,0,0.0022067577,,
779900808,32,$60K - $80K,2,14950,94,3,1,0,0.0063794525,0.13270214,Low priority
719900733,60,$40K - $60K,3,14641,95,1,1,0,0.00092575926,,
816517683,38,Less than $40K,4,14719,115,3,1,0,0.002029758,,
755305683,45,$60K - $80K,5,15163,124,1,1,0,0.001002693,,
715769958,53,$40K - $60K,3,14969,104,2,1,0,0.0015278327,,
715493733,53,$40K - $60K,2,9088,64,3,1,1,0.99900156,0.17456967,Low priority
827440458,48,$80K - $120K,2,7527,58,3,2,1,0.946377,0.08409912,Low priority
715713408,55,Less than $40K,3,15853,117,5,1,0,0.0045740143,,
720128658,49,$120K +,5,8943,68,3,3,1,0.9990631,,
770038983,37,$60K - $80K,1,8688,69,3,1,1,0.9637564,0.21262954,Low priority
714684108,31,$40K - $60K,4,8565,70,2,3,1,0.99848396,,
708942408,46,$40K - $60K,3,16937,116,2,1,0,0.0018717046,,
779134458,33,Less than $40K,1,8130,74,1,1,1,0.92670155,0.052863672,Low priority
710066133,30,Less than $40K,4,9619,75,3,1,1,0.9984616,,
709578258,40,Less than $40K,4,14321,102,3,1,0,0.0012229502,,
718043583,50,$120K +,5,15111,116,3,1,0,0.0018237515,,
715186608,43,$80K - $120K,3,14565,120,2,1,0,0.0021926872,,
708447858,59,Less than $40K,6,15107,117,3,1,0,0.0063194106,,
718071933,49,$40K - $60K,4,15842,130,2,1,0,0.0030802656,,
771217758,44,Less than $40K,3,16920,114,2,1,0,0.00070511794,,
721210158,29,$40K - $60K,3,14740,102,1,1,0,0.0038885893,,
788779983,58,$80K - $120K,4,16401,121,2,1,0,0.003908718,,
718614183,43,Less than $40K,6,9772,71,2,3,1,0.9986883,,
709865883,38,$60K - $80K,1,8788,58,2,1,1,0.9915019,0.2800831,Low priority
766273533,53,$80K - $120K,3,15055,117,6,1,0,0.0019916375,,
717390408,49,$40K - $60K,5,7590,87,2,3,1,0.4991228,,
718655808,44,Less than $40K,3,16161,105,3,1,0,0.0044262405,,
817035108,31,Less than $40K,4,15585,115,3,1,0,0.0013502609,,
747551658,47,$80K - $120K,5,15930,123,3,1,0,0.0018651526,,
713281833,37,$40K - $60K,6,9456,79,2,3,1,0.99213696,,
771982083,44,$80K - $120K,3,14418,104,1,1,0,0.00033220337,,
717642633,51,$60K - $80K,3,17995,116,3,1,0,0.0025254101,,
772721208,50,$60K - $80K,4,16293,120,3,1,0,0.0020520233,,
714385983,57,Less than $40K,5,16319,124,3,1,0,0.00175957,,
712516608,43,$80K - $120K,6,14822,96,2,1,0,0.0013915242,,
714725883,41,$40K - $60K,4,15123,111,1,1,0,0.00045213266,,
709398708,40,$60K - $80K,3,15925,124,1,1,0,0.0009318122,,
715090008,45,$60K - $80K,2,14875,107,3,1,0,0.0067467084,0.1982475,Low priority
709159308,42,Less than $40K,3,16622,99,1,1,0,0.00035575745,,
711348033,50,$40K - $60K,4,16202,117,3,1,0,0.0018983806,,
788230158,29,$40K - $60K,3,16715,126,1,1,0,0.00051979587,,
718170033,42,Unknown,4,15905,111,1,1,0,0.000977953,,
718161708,46,Less than $40K,5,14908,100,1,1,0,0.0003794772,,
717714633,49,$120K +,4,15277,131,3,1,0,0.00506814,,
824150733,43,$80K - $120K,3,16177,122,1,1,0,0.00019853543,,
713768358,45,$40K - $60K,3,15380,122,2,1,0,0.002639385,,
709188108,45,$60K - $80K,4,13940,105,2,1,0,0.0014937572,,
720328983,52,Less than $40K,4,7636,64,3,3,1,0.9917613,,
712296408,36,$40K - $60K,5,15681,96,3,1,0,0.0013691455,,
719106783,52,$80K - $120K,4,16344,118,1,1,0,0.0004298853,,
713437008,40,Unknown,1,9038,64,2,1,1,0.9839154,0.22985971,Low priority
719574033,38,$60K - $80K,2,15349,119,2,1,0,0.002457382,0.14960368,Low priority
716123283,59,$60K - $80K,3,14873,120,1,1,0,0.0017696957,,
789023508,46,$80K - $120K,4,15490,110,1,1,0,0.00050067913,,
710005683,56,$80K - $120K,3,16518,115,3,1,0,0.0021937934,,
801036033,31,$40K - $60K,3,17744,104,2,1,0,0.0014316855,,
716644008,55,$120K +,4,9931,70,3,1,1,0.9993092,,
709094358,51,Less than $40K,4,16737,88,2,1,0,0.023327025,,
719848008,39,$60K - $80K,4,16098,128,2,1,0,0.0020102244,,
718372458,42,$40K - $60K,3,14501,92,2,1,0,0.0038793192,,
720608658,33,Less than $40K,5,16706,123,3,1,0,0.001175789,,
717185658,51,$80K - $120K,4,8531,77,3,3,1,0.9933575,,
715474083,51,$60K - $80K,3,14638,93,2,1,0,0.0008129033,,
709646433,59,Less than $40K,1,10170,66,4,1,1,0.99078345,0.19040747,Low priority
717494358,58,Less than $40K,2,15068,123,2,1,0,0.002179374,0.35251972,Low priority
713924283,61,$60K - $80K,2,8930,79,1,1,1,0.7040627,0.16441205,Low priority
714471183,47,$80K - $120K,4,10468,66,3,1,1,0.99921453,,
780613758,47,Less than $40K,4,17093,111,3,1,0,0.012081898,,
718225683,56,$80K - $120K,5,15274,108,2,1,0,0.0018061281,,
710734308,49,$60K - $80K,6,15937,119,3,1,0,0.002072398,,
708564858,33,$120K +,2,9338,73,1,1,1,0.9934551,0.1535872,Low priority
713733633,27,$60K - $80K,2,10219,85,3,1,1,0.7569101,0.108379915,Low priority
720841533,29,Less than $40K,3,14723,96,1,1,0,0.010870954,,
712210458,38,$40K - $60K,2,16628,109,3,1,0,0.0021998275,0.20053716,Low priority
714109308,46,$80K - $120K,1,15354,112,2,1,0,0.0022391237,0.19259043,Low priority
712503408,57,$80K - $120K,6,17498,111,3,1,0,0.0018110556,,
713755458,50,$80K - $120K,6,10310,63,3,3,1,0.9819774,,
716893683,55,Unknown,4,6009,53,3,2,1,0.99454814,,
710841183,54,$60K - $80K,5,15577,114,2,1,0,0.00040833827,,
713899383,56,Less than $40K,4,14596,120,1,1,0,0.0023656783,,
772366833,50,$40K - $60K,3,15476,117,2,1,0,0.001836108,,
710638233,41,$40K - $60K,4,8764,69,2,0,1,0.904376,,
716506083,44,Less than $40K,5,10291,60,3,3,1,0.99496436,,
717406983,30,$40K - $60K,4,8395,62,3,3,1,0.99486035,,
714337233,43,Less than $40K,6,10294,61,2,3,1,0.934184,,
